證券代碼,日期,開盤價(元),最高價(元),最低價(元),收盤價(元),成交量(千股),5日均價(元),10日均價(元),20日均價(元),60日均價(元),5日均量,10日均量,20日均量,60日均量,區間股價變化,區間股價變化率,月報所屬日期,季報所屬日期,營收發布日,單月營收(千元),去年單月營收(千元),單月營收成長率％,單月營收與上月比％,單月營收與上月比％-成長月數,累計營收(千元),去年累計營收(千元),累計營收成長率％,季別,季報發布日,每股盈餘,當季季底P/B,當季季底PSR,當季季底P/E,ROA(C)稅前息前折舊前,ROA(A)稅後息前,ROA(B)稅後息前折舊前,ROE(A)－稅後,ROE(B)－常續利益,營業利益率,營業利益成長率,營業利益變動率,營業利益 /實收資本比,常續利益率－稅後,淨利變動率（單季）,稅前息前折舊前淨利率,稅前淨利率,稅前淨利成長率,稅後淨利率,稅後淨利成長率,季底普通股市值,營收成長率,營收變動率,淨值/資產,總資產成長率,總資產週轉次數,業外收支/營收,營業毛利率,營業毛利成長率,已實現銷貨毛利成長率,已實現銷貨毛利率,自由現金流量(D),營業收入淨額,股東權益總額,來自營運之現金流量,外資買賣超(張),投信買賣超(張),自營買賣超(張),合計買賣超(張),外資買賣超日數,投信買賣超日數,自營買賣超日數,法人買賣超日數,董監持股％,董監持股數,融資餘額(張),融券餘額(張),券資比,融券增減比率,融資增減比率,200-400 張(比率),400-600 張(比率),600-800 張(比率),800-1000張(比率),1000張以上  (比率),區間董監持股變化,區間融資餘額(張)變化,區間融券餘額(張)變化,區間200-400 張(比率)變化,區間400-600 張(比率)變化,區間600-800 張(比率)變化,區間800-1000張(比率)變化,區間1000張以上  (比率)變化,區間董監持股變化率,區間融資餘額(張)變化率,區間融券餘額(張)變化率,上市別,產業別,公司,產業名稱,資本額,規模,指數名稱,指數開盤價(元),指數最高價(元),指數最低價(元),指數收盤價(元),指數成交量(千股),指數5日均價(元),指數10日均價(元),指數20日均價(元),指數60日均價(元),指數5日均量,指數10日均量,指數20日均量,指數60日均量,區間指數變化,區間指數變化率,股價變化率分组,區間融資餘額(張)變化率_b,融券增減比率_b,融資增減比率_b,區間融資餘額(張)變化_b,券資比_b
1109,2023-10-16,17.7,17.8,17.65,17.7,94.0,17.78,17.765,17.85,17.7667,184.0,136.0,112.0,186.0,-0.6,-3.28,2023-09-28,2023-06-30,2023-10-11,490929.0,634886.0,-22.67,-9.38,-2.0,4625786.0,4675441.0,-1.06,2,2023-08-10,0.6,0.81,0.98,5.88,3.25,2.17,2.47,2.58,2.29,18.27,5.98,66.06,9.09,13.13,50.44,25.3,20.71,26.32,14.77,6268.75,6311423,-3.92,27.16,83.16,-1.17,0.15,2.43,22.69,3.2,3.2,22.69,557426,1696455,9558054,150192,-4,0,20,16,-26,0,1,1,36.37,124089,1081,6,0.56,0.0,0.09,0.0,0.0,0.0,0.0,0.0,0,-242,6,0.0,0.0,0.0,0.0,0.0,0.0,18.29,10000.0,TSE,1,信大,水泥工業,3411588680.0,大,TSE,16712.93,16712.93,16614.1,16652.24,5507462,16690.66,16554.56,16542.16,16687.27,5758037,5642487,5729018,6262774,978.34,-6.24,"(-5, -3]","(3.893, 60.83]","(-92.161, 0.0]","(0.0, 0.923]","(-3666.001, -43.333]","(-0.001, 0.707]"
1234,2023-10-16,38.5,38.6,38.2,38.6,239.0,38.54,38.465,38.43,38.8375,167.0,147.0,138.0,233.0,1.25,3.35,2023-09-28,2023-06-30,2023-10-11,1017186.0,890678.0,14.2,-9.26,-1.0,7964124.0,6965192.0,14.34,2,2023-08-09,0.51,0.92,1.6,13.51,1.53,0.91,1.21,1.14,1.13,5.92,29.31,3.55,3.39,8.82,6.95,15.23,11.27,18.47,8.86,15.14,16577179,14.83,-9.52,77.84,-0.44,0.1,5.34,29.63,16.97,16.97,29.63,-15827,2300026,18010490,33977,-1,0,5,4,-4,0,1,1,12.06,48483,47,0,0.0,0.0,0.0,0.0,0.0,0.0,0.0,0.0,167,-40,0,0.0,0.0,0.0,0.0,0.0,-0.35,45.98,,TSE,2,黑松,食品工業,4018710940.0,大,TSE,16712.93,16712.93,16614.1,16652.24,5507462,16690.66,16554.56,16542.16,16687.27,5758037,5642487,5729018,6262774,978.34,-6.24,"(3, 5]","(3.893, 60.83]","(-92.161, 0.0]","(-6.471, 0.0]","(-43.333, 340.0]","(-0.001, 0.707]"
1337,2023-10-16,7.18,7.18,7.02,7.04,625.0,7.146,7.146,7.2495,7.503,304.0,270.0,280.0,454.0,-1.41,-16.69,2023-09-28,2023-06-30,2023-10-11,66442.0,65786.0,1.0,-4.23,-1.0,539584.0,470974.0,14.57,2,2023-08-23,-0.35,0.54,3.59,0.0,-1.2,-1.92,-1.34,-1.98,-1.98,-53.3,21.09,-3.6,-3.74,-49.44,-4.03,-30.82,-49.44,21.77,-49.44,21.77,2471687,25.88,28.24,96.58,-11.34,0.04,3.86,-24.63,28.74,28.74,-24.63,87923,188637,4576468,-52101,-42,0,0,-42,-4,0,0,-4,14.46,38888,15904,0,0.0,0.0,0.03,0.0,0.0,0.0,0.0,0.0,0,-942,-24,0.0,0.0,0.0,0.0,0.0,0.0,5.59,100.0,TSE,3,再生-KY,塑膠工業,2689547290.0,大,TSE,16712.93,16712.93,16614.1,16652.24,5507462,16690.66,16554.56,16542.16,16687.27,5758037,5642487,5729018,6262774,978.34,-6.24,"(-17, -15]","(3.893, 60.83]","(-92.161, 0.0]","(0.0, 0.923]","(-3666.001, -43.333]","(-0.001, 0.707]"
1340,2023-10-16,11.7,11.7,11.5,11.6,87.0,11.73,11.785,11.7225,12.1,88.0,85.0,93.0,137.0,-1.9,-14.07,2023-09-28,2023-06-30,2023-10-09,48654.0,43352.0,12.23,-2.61,-2.0,431401.0,360242.0,19.75,2,2023-08-31,-0.64,0.5,3.98,0.0,-1.67,-2.14,-1.79,-2.21,-2.21,-63.54,2.51,-14.1,-6.9,-59.08,-16.21,-46.29,-58.42,7.36,-59.17,6.07,2140908,44.01,47.41,96.54,-11.24,0.04,5.11,-34.91,17.49,17.49,-34.91,140162,165973,4313320,-124037,-1,0,2,1,-2,0,1,1,0.0,0,875,0,0.0,0.0,0.57,0.0,0.0,0.0,0.0,0.0,0,-22,0,0.0,0.0,0.0,0.0,0.0,,2.45,,TSE,3,勝悅-KY,塑膠工業,1529228550.0,大,TSE,16712.93,16712.93,16614.1,16652.24,5507462,16690.66,16554.56,16542.16,16687.27,5758037,5642487,5729018,6262774,978.34,-6.24,"(-15, -13]","(-14.577, 3.893]","(-92.161, 0.0]","(0.0, 0.923]","(-43.333, 340.0]","(-0.001, 0.707]"
1423,2023-10-16,23.7,23.7,23.7,23.7,0.0,23.725,23.6786,23.6588,23.6526,45.0,36.0,49.0,58.0,0.6,2.6,2023-09-28,2023-06-30,2023-10-06,6637.0,9251.0,-28.26,-40.14,-1.0,91275.0,136226.0,-33.0,2,2023-08-11,-0.01,1.07,23.95,46.13,-0.19,-0.03,-0.27,-0.04,-0.36,-134.52,-335.34,-121.22,-2.51,-42.47,-103.79,13.36,4.0,-94.98,-4.3,-107.49,3266240,-38.06,-29.86,90.56,0.37,0.01,138.52,-108.88,-4811.07,-4811.07,-108.88,37110,25787,3062943,20177,0,0,0,0,0,0,0,0,26.11,36133,2671,0,0.0,0.0,0.0,0.0,0.0,0.0,0.0,0.0,322,338,0,0.0,0.0,0.0,0.0,0.0,-0.9,-14.49,,TSE,4,利華,紡織纖維,996480000.0,大,TSE,16712.93,16712.93,16614.1,16652.24,5507462,16690.66,16554.56,16542.16,16687.27,5758037,5642487,5729018,6262774,978.34,-6.24,"(1, 3]","(-14.577, 3.893]","(-92.161, 0.0]","(-6.471, 0.0]","(-43.333, 340.0]","(-0.001, 0.707]"
1456,2023-10-16,16.3,16.7,16.25,16.45,96.0,16.11,15.95,16.2575,16.3283,63.0,76.0,51.0,54.0,-0.2,-1.2,2023-09-28,2023-06-30,2023-10-06,216090.0,50058.0,331.68,194.1,1.0,1449299.0,481754.0,200.84,2,2023-08-09,1.31,0.98,1.18,31.52,1.9,1.71,1.73,8.03,8.04,23.83,720.83,980.61,23.48,13.32,308.4,24.21,13.47,563.6,13.31,463.17,1555752,300.28,635.66,12.81,54.27,0.08,-10.36,31.92,406.26,406.26,31.92,-489238,923458,1591222,-1013400,10,0,0,10,1,0,0,4,47.63,44643,519,0,0.0,0.0,1.57,0.0,0.0,0.0,0.0,0.0,0,35,0,0.0,0.0,0.0,0.0,0.0,0.0,-7.23,,TSE,14,怡華,建材營造,937200000.0,大,TSE,16712.93,16712.93,16614.1,16652.24,5507462,16690.66,16554.56,16542.16,16687.27,5758037,5642487,5729018,6262774,978.34,-6.24,"(-3, -1]","(-14.577, 3.893]","(-92.161, 0.0]","(0.923, 18.74]","(-43.333, 340.0]","(-0.001, 0.707]"
1465,2023-10-16,13.0,13.05,12.95,12.95,71.0,13.03,13.0,13.045,13.3308,36.0,36.0,33.0,48.0,-1.4,-9.76,2023-09-28,2023-06-30,2023-10-05,40641.0,62698.0,-35.18,-8.91,-4.0,436176.0,412367.0,5.77,2,2023-08-11,0.35,0.91,2.24,15.33,2.35,1.86,2.07,2.25,2.13,0.16,-70.93,117.44,0.03,20.37,1399.13,28.36,23.92,29.57,21.54,10.09,1486760,42.69,29.26,81.43,7.36,0.09,23.75,13.72,13.23,13.23,13.72,1917,168872,1634777,37513,-2,0,0,-2,-2,0,0,-2,18.0,18654,3122,0,0.0,0.0,0.64,0.0,0.0,0.0,0.0,0.0,1112,74,0,0.0,0.0,0.0,0.0,0.0,-6.34,-2.43,,TSE,4,偉全,紡織纖維,1036072670.0,大,TSE,16712.93,16712.93,16614.1,16652.24,5507462,16690.66,16554.56,16542.16,16687.27,5758037,5642487,5729018,6262774,978.34,-6.24,"(-11, -9]","(-14.577, 3.893]","(-92.161, 0.0]","(0.0, 0.923]","(-43.333, 340.0]","(-0.001, 0.707]"
1525,2023-10-16,79.7,84.2,79.5,79.5,719.0,77.4,77.31,78.43,84.5683,272.0,171.0,133.0,190.0,1.5,1.92,2023-09-28,2023-06-30,2023-10-06,124629.0,144636.0,-13.83,19.21,1.0,1239741.0,1084187.0,14.35,2,2023-08-09,0.8,1.88,5.03,17.79,1.56,1.03,1.25,1.25,1.24,5.31,95.65,-16.47,3.07,13.79,-69.52,21.07,17.23,1.26,13.83,-12.0,8624500,17.53,-6.57,81.38,1.09,0.07,11.92,12.29,41.29,41.29,12.29,274340,425144,4594021,-15927,-173,0,-1,-174,-2,0,-1,-2,76.83,56391,1412,95,6.73,17.28,2.02,0.0,0.0,0.0,0.0,0.0,0,273,90,0.0,0.0,0.0,0.0,0.0,0.0,-23.97,-1800.0,TSE,12,江申,汽車工業,734001350.0,中,TSE,16712.93,16712.93,16614.1,16652.24,5507462,16690.66,16554.56,16542.16,16687.27,5758037,5642487,5729018,6262774,978.34,-6.24,"(1, 3]","(-904.381, -14.577]","(0.0, 1080.0]","(0.923, 18.74]","(-43.333, 340.0]","(0.707, 35.48]"
1612,2023-10-16,25.4,25.4,24.9,25.0,1235.0,25.65,26.66,26.45,25.77,2658.0,4252.0,3640.0,3671.0,2.6,11.61,2023-09-28,2023-06-30,2023-10-06,459278.0,532534.0,-13.76,-32.26,-1.0,4448558.0,4577438.0,-2.82,2,2023-08-10,0.54,1.18,1.37,13.46,2.14,2.07,2.17,2.37,2.23,9.18,4.09,-10.96,4.22,11.15,8.32,15.44,13.82,45.62,11.84,528.28,8423532,2.65,6.8,85.43,-7.08,0.17,4.64,14.7,16.66,16.66,14.7,550952,1452247,7114896,-40863,-208,0,-27,-235,-2,0,-2,-2,12.41,39238,3681,41,1.11,-29.31,-2.18,0.0,0.0,0.0,0.0,0.0,0,941,-3,0.0,0.0,0.0,0.0,0.0,0.0,-34.34,6.82,TSE,6,宏泰,電器電纜,3160800630.0,大,TSE,16712.93,16712.93,16614.1,16652.24,5507462,16690.66,16554.56,16542.16,16687.27,5758037,5642487,5729018,6262774,978.34,-6.24,"(11, 13]","(-904.381, -14.577]","(-92.161, 0.0]","(-6.471, 0.0]","(340.0, 46608.0]","(0.707, 35.48]"
1626,2023-10-16,16.9,17.25,16.85,17.15,189.0,16.9,16.89,16.7925,17.3958,119.0,109.0,102.0,150.0,-1.6,-8.53,2023-09-28,2023-06-30,2023-10-11,524592.0,733716.0,-28.5,88.94,1.0,6914498.0,7792509.0,-11.27,2,2023-08-09,1.17,0.84,0.3,0.0,3.32,1.91,2.65,5.31,5.23,4.7,-13.37,1096.32,11.1,4.63,636.79,8.94,6.07,-9.2,4.7,-19.57,2670732,-7.79,95.65,32.63,-6.18,0.38,1.37,23.71,21.75,21.93,23.7,45560,3611446,3168385,948854,16,0,0,16,1,0,0,1,26.18,40010,2163,0,0.0,0.0,-1.95,0.0,0.0,0.0,0.0,0.0,1904,-218,-124,0.0,0.0,0.0,0.0,0.0,-5.0,9.16,100.0,TSE,6,艾美特-KY,電器電纜,1528217210.0,大,TSE,16712.93,16712.93,16614.1,16652.24,5507462,16690.66,16554.56,16542.16,16687.27,5758037,5642487,5729018,6262774,978.34,-6.24,"(-9, -7]","(3.893, 60.83]","(-92.161, 0.0]","(-6.471, 0.0]","(-3666.001, -43.333]","(-0.001, 0.707]"
1810,2023-10-16,18.75,18.9,18.4,18.4,746.0,18.86,19.075,19.5275,20.3583,1195.0,884.0,1108.0,1966.0,-3.35,-15.4,2023-09-28,2023-06-30,2023-10-11,394617.0,398827.0,-1.06,-7.23,-1.0,3602391.0,3762408.0,-4.25,2,2023-08-14,0.03,1.13,1.54,171.03,1.05,0.21,0.72,0.14,0.16,0.92,-76.9,219.11,0.4,0.81,175.42,8.16,2.13,-72.3,0.71,-82.3,7400008,-3.11,18.96,64.14,-3.84,0.13,1.21,24.93,-6.21,-6.21,24.93,6302,1302563,6591343,599809,-157,0,0,-157,-4,0,0,-4,8.4,25388,19967,110,0.55,4.76,0.07,0.0,0.0,0.0,0.0,0.0,0,-820,-573,0.0,0.0,0.0,0.0,0.0,0.0,3.94,83.89,TSE,8,和成,玻璃陶瓷,3023037190.0,大,TSE,16712.93,16712.93,16614.1,16652.24,5507462,16690.66,16554.56,16542.16,16687.27,5758037,5642487,5729018,6262774,978.34,-6.24,"(-17, -15]","(3.893, 60.83]","(0.0, 1080.0]","(0.0, 0.923]","(-3666.001, -43.333]","(-0.001, 0.707]"
2107,2023-10-16,23.55,24.1,23.35,23.95,770.0,23.28,23.075,22.9889,21.9434,369.0,341.0,320.0,396.0,2.0,9.11,2023-09-28,2023-06-30,2023-10-11,91419.0,107742.0,-15.15,-20.94,-1.0,1054771.0,1496200.0,-29.5,2,2023-08-08,0.75,0.62,4.7,9.94,2.22,1.81,1.96,2.1,2.1,16.49,-51.69,4.29,2.06,60.24,395.63,75.61,67.78,4.28,60.31,17.51,7454905,-19.72,24.97,82.61,8.13,0.03,51.29,29.41,-39.02,-39.02,29.41,366087,420961,12090930,219217,55,0,89,144,4,0,1,4,25.49,77383,608,0,0.0,0.0,11.15,0.0,0.0,0.0,0.0,0.0,-7548,-24,-3,0.0,0.0,0.0,0.0,0.0,8.89,3.8,100.0,TSE,11,厚生,橡膠工業,3035934000.0,大,TSE,16712.93,16712.93,16614.1,16652.24,5507462,16690.66,16554.56,16542.16,16687.27,5758037,5642487,5729018,6262774,978.34,-6.24,"(9, 11]","(-14.577, 3.893]","(-92.161, 0.0]","(0.923, 18.74]","(-43.333, 340.0]","(-0.001, 0.707]"
2363,2023-10-16,47.9,50.0,47.35,49.95,194539.0,44.14,40.665,39.0125,31.0633,179836.0,120432.0,104809.0,96248.0,12.15,32.14,2023-09-28,2023-06-30,2023-10-06,53734.0,8902.0,503.62,175.98,2.0,152018.0,137784.0,10.33,2,2023-08-10,1.15,0.77,91.12,22.01,4.9,4.54,4.56,4.66,4.66,-388.53,1.72,-48.29,-1.95,2283.83,1020.41,2464.8,2449.7,29.18,2283.83,30.46,13679999,-37.45,13.11,95.34,19.46,0.0,2838.23,30.2,358.67,358.67,30.2,738539,37584,17848196,-1061607,-20085,0,-518,-20603,-1,0,-1,-1,24.18,181259,54766,19429,35.48,4.46,18.74,0.0,0.0,0.0,0.0,0.0,-1000,46608,19379,0.0,0.0,0.0,0.0,0.0,0.55,-571.32,-38758.0,TSE,24,矽統,半導體,7495893560.0,大,TSE,16712.93,16712.93,16614.1,16652.24,5507462,16690.66,16554.56,16542.16,16687.27,5758037,5642487,5729018,6262774,978.34,-6.24,"(31, 33]","(-904.381, -14.577]","(0.0, 1080.0]","(0.923, 18.74]","(340.0, 46608.0]","(0.707, 35.48]"
2374,2023-10-16,23.95,23.95,23.3,23.5,1974.0,24.11,24.56,24.23,22.355,2483.0,2956.0,2727.0,2732.0,-0.3,-1.26,2023-09-28,2023-06-30,2023-10-11,509842.0,526031.0,-3.08,-12.44,-1.0,3608731.0,3995613.0,-9.68,2,2023-08-11,0.21,0.96,1.23,36.81,1.64,0.6,1.1,0.77,0.76,-2.66,-1194.69,50.47,-1.02,4.54,167.53,12.87,7.69,37.14,4.55,14.42,5909070,-25.14,18.37,73.77,-2.94,0.13,10.35,23.85,-13.47,-13.47,23.85,198789,1099486,6468277,212801,-60,0,27,-33,-1,0,1,-1,11.46,32946,8579,124,1.45,-8.15,-0.37,0.0,0.0,0.0,0.0,0.0,450,1830,103,0.0,0.0,0.0,0.0,0.0,-1.38,-27.12,-490.48,TSE,26,佳能,光電業,2875463120.0,大,TSE,16712.93,16712.93,16614.1,16652.24,5507462,16690.66,16554.56,16542.16,16687.27,5758037,5642487,5729018,6262774,978.34,-6.24,"(-3, -1]","(-904.381, -14.577]","(-92.161, 0.0]","(-6.471, 0.0]","(340.0, 46608.0]","(0.707, 35.48]"
2375,2023-10-16,68.0,68.0,67.0,67.0,210.0,66.16,66.22,66.71,64.36,370.0,258.0,304.0,362.0,0.3,0.45,2023-09-28,2023-06-30,2023-10-06,430274.0,479349.0,-10.24,4.51,1.0,3634879.0,4591710.0,-20.84,2,2023-08-13,1.66,0.83,1.42,12.82,2.63,1.16,1.91,2.05,2.53,6.39,-24.69,2063.99,7.41,17.65,1423.89,30.48,18.96,-10.77,14.33,4.16,7324695,-20.26,12.53,51.03,-9.92,0.07,12.58,16.73,-23.59,-23.59,16.73,643811,1260489,8810261,255898,-7,0,5,-2,-1,0,1,-1,7.36,8000,2808,27,0.96,-59.09,0.32,0.0,0.0,0.0,0.0,0.0,0,-1153,-209,0.0,0.0,0.0,0.0,0.0,0.0,29.11,88.56,TSE,28,凱美,電子零組件,1086753340.0,大,TSE,16712.93,16712.93,16614.1,16652.24,5507462,16690.66,16554.56,16542.16,16687.27,5758037,5642487,5729018,6262774,978.34,-6.24,"(-1, 1]","(3.893, 60.83]","(-92.161, 0.0]","(0.0, 0.923]","(-3666.001, -43.333]","(0.707, 35.48]"
2390,2023-10-16,13.85,15.1,13.7,14.7,6454.0,14.25,13.89,13.52,12.9575,2955.0,2119.0,1327.0,1312.0,1.0,7.3,2023-09-28,2023-06-30,2023-10-06,52667.0,50288.0,4.73,13.66,1.0,474657.0,418245.0,13.49,2,2023-08-11,0.08,0.98,4.01,0.0,2.77,0.53,0.13,0.58,-0.15,0.0,100.03,-99.42,0.0,-2.34,117.31,16.04,10.14,107.75,8.85,105.93,2532940,17.94,9.55,86.27,-26.78,0.06,10.13,25.02,47.62,47.62,25.02,2417,167604,2583122,21142,-1051,0,4,-1047,-1,0,3,-1,29.14,56136,5616,70,1.25,55.56,5.33,0.0,0.0,0.0,0.0,0.0,0,-955,39,0.0,0.0,0.0,0.0,0.0,0.0,14.53,-125.81,TSE,31,云辰,其他電子業,1926194420.0,大,TSE,16712.93,16712.93,16614.1,16652.24,5507462,16690.66,16554.56,16542.16,16687.27,5758037,5642487,5729018,6262774,978.34,-6.24,"(7, 9]","(3.893, 60.83]","(0.0, 1080.0]","(0.923, 18.74]","(-3666.001, -43.333]","(0.707, 35.48]"
2392,2023-10-16,41.35,41.4,40.6,40.75,1270.0,41.16,41.1,41.5575,42.1317,1410.0,1432.0,2318.0,2953.0,-5.1,-11.12,2023-09-28,2023-06-30,2023-10-06,9434240.0,10810229.0,-12.73,23.45,1.0,61094101.0,66200652.0,-7.71,2,2023-08-11,1.6,0.95,0.24,7.82,2.3,1.02,1.83,2.3,2.32,0.76,-83.93,-28.3,2.56,4.62,232.05,11.72,5.72,2.16,4.6,33.86,21568925,-21.47,-7.76,38.3,-5.83,0.19,4.95,12.7,-23.81,-23.81,12.7,2567829,17185153,34031811,383662,-249,0,-46,-295,-2,0,-4,-8,20.43,104662,4157,14,0.34,-17.65,1.02,0.0,0.0,0.0,0.0,0.0,916,1160,-1,0.0,0.0,0.0,0.0,0.0,-0.88,-38.71,6.67,TSE,28,正崴,電子零組件,5123269400.0,大,TSE,16712.93,16712.93,16614.1,16652.24,5507462,16690.66,16554.56,16542.16,16687.27,5758037,5642487,5729018,6262774,978.34,-6.24,"(-13, -11]","(-904.381, -14.577]","(-92.161, 0.0]","(0.923, 18.74]","(340.0, 46608.0]","(-0.001, 0.707]"
2516,2023-10-16,8.5,9.17,8.34,9.13,8559.0,8.09,7.602,7.5275,6.9535,4615.0,2952.0,2119.0,2308.0,1.04,12.86,2023-09-28,2023-06-30,2023-10-06,862488.0,482122.0,78.89,26.74,1.0,6144088.0,4795410.0,28.12,2,2023-08-11,0.23,0.84,0.17,0.0,0.72,0.88,0.99,3.52,3.2,2.24,112.36,11.07,1.85,2.48,-15.8,3.86,2.73,114.51,2.73,114.51,1237741,2.93,-4.87,22.95,-3.32,0.29,0.49,4.19,125.81,125.81,4.19,8230,1867715,1472971,269473,-1365,0,4,-1361,-1,0,1,-1,8.83,19978,0,0,0.0,0.0,0.0,0.0,0.0,0.0,0.0,0.0,21,0,0,0.0,0.0,0.0,0.0,0.0,-0.11,,,TSE,14,新建,建材營造,2262784570.0,大,TSE,16712.93,16712.93,16614.1,16652.24,5507462,16690.66,16554.56,16542.16,16687.27,5758037,5642487,5729018,6262774,978.34,-6.24,"(11, 13]","(-14.577, 3.893]","(-92.161, 0.0]","(-6.471, 0.0]","(-43.333, 340.0]","(-0.001, 0.707]"
2524,2023-10-16,30.8,30.8,30.8,30.8,0.0,30.82,30.95,30.8275,31.0192,26.0,31.0,41.0,35.0,-0.8,-2.53,2023-09-28,2023-06-30,2023-10-06,448000.0,119882.0,273.7,11.61,2.0,1767107.0,2277749.0,-22.42,2,2023-08-14,-0.03,0.68,4.8,14.93,0.34,0.13,0.17,-0.07,-0.07,20.91,-61.08,-18.05,2.71,-2.64,-120.77,25.19,5.7,-86.51,-2.64,-110.53,11772886,-41.05,23.63,48.55,2.81,0.01,-15.21,47.34,-46.3,-46.3,47.34,-1118162,479633,17335108,-559308,0,0,0,0,0,0,0,0,13.82,51039,8387,0,0.0,0.0,0.0,0.0,0.0,0.0,0.0,0.0,0,53,0,0.0,0.0,0.0,0.0,0.0,0.0,-0.64,,TSE,14,京城,建材營造,3694196000.0,大,TSE,16712.93,16712.93,16614.1,16652.24,5507462,16690.66,16554.56,16542.16,16687.27,5758037,5642487,5729018,6262774,978.34,-6.24,"(-3, -1]","(-14.577, 3.893]","(-92.161, 0.0]","(-6.471, 0.0]","(-43.333, 340.0]","(-0.001, 0.707]"
2543,2023-10-16,15.15,16.8,15.15,16.8,5199.0,15.54,15.315,14.45,11.8667,2340.0,2951.0,2797.0,1394.0,5.45,48.02,2023-09-28,2023-06-30,2023-10-11,1106017.0,727784.0,51.97,13.75,1.0,7851242.0,6065354.0,29.44,2,2023-08-14,0.37,0.9,0.26,11.29,1.6,0.91,1.38,3.65,3.51,4.61,-40.73,151.3,5.23,3.74,320.43,8.1,4.17,-42.02,3.88,-45.33,2372455,29.12,28.59,21.03,53.93,0.2,-0.44,6.8,126.96,126.96,6.8,118120,2695877,2882547,766400,1315,0,-3,1312,1,0,-1,1,50.41,119714,1508,59,3.91,1080.0,14.68,0.0,0.0,0.0,0.0,0.0,0,1292,59,0.0,0.0,0.0,0.0,0.0,0.0,-598.15,10000.0,TSE,14,皇昌,建材營造,2374837880.0,大,TSE,16712.93,16712.93,16614.1,16652.24,5507462,16690.66,16554.56,16542.16,16687.27,5758037,5642487,5729018,6262774,978.34,-6.24,"(47, 49]","(-904.381, -14.577]","(0.0, 1080.0]","(0.923, 18.74]","(340.0, 46608.0]","(0.707, 35.48]"
2701,2023-10-16,12.35,12.35,12.3,12.3,93.0,12.32,12.35,12.37,12.6825,231.0,198.0,196.0,361.0,-0.65,-5.02,2023-09-28,2023-06-30,2023-10-06,23313.0,16392.0,42.22,-13.53,-2.0,227509.0,169763.0,34.02,2,2023-08-11,0.12,0.75,24.31,28.34,0.76,0.58,0.58,0.67,0.67,56.03,61.58,-1.57,0.91,75.56,133.77,100.56,99.37,-29.96,76.03,-37.62,6344535,33.24,-3.37,86.01,9.71,0.01,43.34,67.21,52.87,52.87,67.21,124780,72797,8472482,35143,17,0,0,17,3,0,0,2,19.96,89812,2014,2,0.1,0.0,0.35,0.0,0.0,0.0,0.0,0.0,0,-2708,2,0.0,0.0,0.0,0.0,0.0,0.0,57.35,10000.0,TSE,16,萬企,觀光餐旅,4499678380.0,大,TSE,16712.93,16712.93,16614.1,16652.24,5507462,16690.66,16554.56,16542.16,16687.27,5758037,5642487,5729018,6262774,978.34,-6.24,"(-7, -5]","(3.893, 60.83]","(-92.161, 0.0]","(0.0, 0.923]","(-3666.001, -43.333]","(-0.001, 0.707]"
2816,2023-10-16,27.9,28.35,27.4,27.5,1093.0,28.26,27.495,29.7175,25.6525,3932.0,2704.0,2774.0,2629.0,0.5,1.85,2023-09-28,2023-06-30,2023-10-06,797406.0,682127.0,16.9,-5.54,-2.0,7606280.0,6131180.0,24.06,2,2023-08-29,2.53,0.74,0.44,16.24,3.03,2.9,2.98,10.53,10.53,21.83,173.73,188.49,25.47,21.7,184.24,0.0,21.91,174.16,21.7,175.09,4192650,41.09,10.11,28.46,3.64,0.13,0.07,43.04,539.59,0.0,0.0,0,2608053,5644708,208167,-178,0,15,-163,-4,0,2,-4,20.88,46690,2752,68,2.47,-13.92,1.44,0.0,0.0,0.0,0.0,0.0,0,2478,68,0.0,0.0,0.0,0.0,0.0,0.0,-904.38,10000.0,TSE,17,旺旺保,金融業,2236080000.0,大,TSE,16712.93,16712.93,16614.1,16652.24,5507462,16690.66,16554.56,16542.16,16687.27,5758037,5642487,5729018,6262774,978.34,-6.24,"(1, 3]","(-904.381, -14.577]","(-92.161, 0.0]","(0.923, 18.74]","(340.0, 46608.0]","(0.707, 35.48]"
2836,2023-10-16,12.05,12.05,11.95,12.05,241.0,12.02,11.995,12.065,12.2425,338.0,292.0,290.0,409.0,-0.35,-2.82,2023-09-28,2023-06-30,2023-10-06,309717.0,295929.0,4.66,0.4,1.0,2928135.0,2976878.0,-1.64,2,2023-08-28,0.21,0.86,3.95,13.23,0.14,0.09,0.1,1.51,1.51,0.0,0.0,0.0,0.0,24.69,21.93,0.0,32.5,1.38,24.69,-11.82,14919420,1.53,16.45,5.93,5.97,0.0,0.0,0.0,0.0,0.0,0.0,0,1047355,17256686,-2831806,46,0,-5,41,3,0,-2,6,58.32,719852,3819,0,0.0,0.0,0.0,0.0,0.0,0.0,0.0,0.0,20966,167,-2,0.0,0.0,0.0,0.0,0.0,-3.0,-4.57,100.0,TSE,17,高雄銀,金融業,12742982240.0,大,TSE,16712.93,16712.93,16614.1,16652.24,5507462,16690.66,16554.56,16542.16,16687.27,5758037,5642487,5729018,6262774,978.34,-6.24,"(-3, -1]","(-14.577, 3.893]","(-92.161, 0.0]","(-6.471, 0.0]","(-43.333, 340.0]","(-0.001, 0.707]"
2850,2023-10-16,62.0,62.3,61.9,62.2,59.0,61.96,61.11,60.495,57.63,193.0,183.0,161.0,190.0,2.7,4.54,2023-09-28,2023-06-30,2023-10-11,1699357.0,1596236.0,6.46,-2.54,-2.0,15030858.0,14122225.0,6.43,2,2023-08-29,2.27,1.03,0.85,6.03,1.92,1.55,1.59,4.52,4.52,17.1,70.71,55.34,27.39,14.19,58.47,0.0,17.12,69.21,14.19,88.68,16430076,10.58,7.76,33.18,7.51,0.11,0.01,34.39,26.66,0.0,0.0,0,5059244,15886036,1368591,0,0,2,2,0,0,1,1,4.36,13772,79,1,1.27,0.0,0.0,0.0,0.0,0.0,0.0,0.0,-7270,-2,1,0.0,0.0,0.0,0.0,0.0,34.55,2.47,10000.0,TSE,17,新產,金融業,3159633000.0,大,TSE,16712.93,16712.93,16614.1,16652.24,5507462,16690.66,16554.56,16542.16,16687.27,5758037,5642487,5729018,6262774,978.34,-6.24,"(3, 5]","(-14.577, 3.893]","(-92.161, 0.0]","(-6.471, 0.0]","(-43.333, 340.0]","(0.707, 35.48]"
2852,2023-10-16,17.1,17.1,16.75,16.75,467.0,16.93,16.78,16.825,16.4467,369.0,244.0,263.0,364.0,0.6,3.72,2023-09-28,2023-06-30,2023-10-05,606367.0,579184.0,4.69,-1.85,-2.0,5516423.0,5260153.0,4.87,2,2023-08-25,0.7,0.63,0.68,7.42,1.34,1.13,1.18,2.69,2.69,12.52,16.84,162.11,7.92,11.07,182.45,0.0,12.52,16.84,11.07,23.72,4893899,9.46,10.5,40.89,7.21,0.1,0.0,32.06,6.8,0.0,0.0,0,1904331,7783066,133723,-19,0,3,-16,-2,0,1,-2,18.41,55431,434,0,0.0,0.0,0.7,0.0,0.0,0.0,0.0,0.0,0,180,0,0.0,0.0,0.0,0.0,0.0,0.0,-70.87,,TSE,17,第一保,金融業,3011637840.0,大,TSE,16712.93,16712.93,16614.1,16652.24,5507462,16690.66,16554.56,16542.16,16687.27,5758037,5642487,5729018,6262774,978.34,-6.24,"(3, 5]","(-904.381, -14.577]","(-92.161, 0.0]","(0.0, 0.923]","(-43.333, 340.0]","(-0.001, 0.707]"
2903,2023-10-16,24.2,24.3,24.0,24.25,1338.0,24.11,23.84,23.71,22.9108,2053.0,1367.0,1167.0,1449.0,0.35,1.46,2023-09-28,2023-06-30,2023-10-11,2667741.0,2723091.0,-2.03,-4.89,-1.0,25769497.0,24433296.0,5.47,2,2023-08-14,0.51,1.07,0.91,6.12,2.35,1.02,1.88,2.54,2.56,16.11,357.93,-19.53,9.38,12.8,-10.52,34.08,15.78,1117.23,12.71,8539.85,34006560,15.51,-11.12,33.92,-0.94,0.07,-0.33,59.02,24.09,24.09,59.02,2176625,8252635,40765176,1965213,266,220,84,570,1,2,1,1,17.32,245392,6494,5,0.08,0.0,-0.54,0.0,0.0,0.0,0.0,0.0,0,722,-3,0.0,0.0,0.0,0.0,0.0,0.0,-12.51,37.5,TSE,18,遠百,貿易百貨,14169405890.0,大,TSE,16712.93,16712.93,16614.1,16652.24,5507462,16690.66,16554.56,16542.16,16687.27,5758037,5642487,5729018,6262774,978.34,-6.24,"(1, 3]","(-14.577, 3.893]","(-92.161, 0.0]","(-6.471, 0.0]","(340.0, 46608.0]","(-0.001, 0.707]"
2915,2023-10-16,59.0,59.6,59.0,59.4,1070.0,59.08,58.89,59.335,60.575,1449.0,1478.0,1650.0,2077.0,-2.5,-4.04,2023-09-28,2023-06-30,2023-10-06,232209.0,203296.0,14.22,-11.92,-1.0,2108015.0,2215434.0,-4.85,2,2023-08-11,4.33,0.73,24.68,16.5,4.15,4.1,4.08,4.96,4.91,4.55,-58.24,-3.31,0.28,663.81,3066.76,693.19,678.73,-30.96,669.67,-24.71,66479944,-16.37,-9.34,81.33,130.93,0.01,674.19,34.93,-16.54,-16.54,34.93,4703788,680118,93456171,-461847,-524,-5,463,-66,-4,-2,9,-1,6.76,74699,5896,22,0.37,0.0,-0.56,0.0,0.0,0.0,0.0,0.0,0,73,-43,0.0,0.0,0.0,0.0,0.0,0.0,-1.25,66.15,TSE,18,潤泰全,貿易百貨,11043187720.0,大,TSE,16712.93,16712.93,16614.1,16652.24,5507462,16690.66,16554.56,16542.16,16687.27,5758037,5642487,5729018,6262774,978.34,-6.24,"(-5, -3]","(-14.577, 3.893]","(-92.161, 0.0]","(-6.471, 0.0]","(-43.333, 340.0]","(-0.001, 0.707]"
3015,2023-10-16,49.85,50.1,49.8,50.0,131.0,49.78,49.665,49.5325,49.5025,239.0,201.0,187.0,298.0,-0.7,-1.38,2023-09-28,2023-06-30,2023-10-06,1234914.0,1277547.0,-3.34,1.98,3.0,10892235.0,11531107.0,-5.54,2,2023-08-03,0.76,0.62,0.61,10.4,1.34,0.7,1.04,1.02,1.01,3.73,22.71,11.14,7.16,4.05,43.47,8.14,5.38,-11.01,4.09,-14.26,8988528,-4.45,-1.57,68.06,9.07,0.17,1.66,18.04,17.16,17.43,18.02,-15979,3598621,14975275,218091,0,0,15,15,0,0,1,3,25.76,48245,969,1,0.1,0.0,0.0,0.0,0.0,0.0,0.0,0.0,9756,-339,-4,0.0,0.0,0.0,0.0,0.0,-25.35,25.92,80.0,TSE,28,全漢,電子零組件,1872619500.0,大,TSE,16712.93,16712.93,16614.1,16652.24,5507462,16690.66,16554.56,16542.16,16687.27,5758037,5642487,5729018,6262774,978.34,-6.24,"(-3, -1]","(3.893, 60.83]","(-92.161, 0.0]","(-6.471, 0.0]","(-3666.001, -43.333]","(-0.001, 0.707]"
3060,2023-10-16,20.25,20.25,19.55,19.95,434.0,19.71,19.4,19.26,19.5492,1257.0,787.0,548.0,676.0,-0.65,-3.16,2023-09-28,2023-06-30,2023-10-06,260113.0,209598.0,24.1,4.46,4.0,1881260.0,2611048.0,-27.95,2,2023-08-09,-0.39,0.95,1.01,0.0,0.98,-1.33,0.59,-2.21,-0.34,-8.87,-337.99,56.7,-3.85,-1.5,51.22,-1.27,-8.34,-148.04,-9.82,-183.15,2448621,-37.72,11.51,62.27,-17.27,0.14,0.53,9.51,-64.57,-64.57,9.51,-60296,596291,2578208,137623,-49,0,-12,-61,-2,0,-2,-2,1.96,2703,2384,17,0.71,0.0,0.97,0.0,0.0,0.0,0.0,0.0,-5935,-227,11,0.0,0.0,0.0,0.0,0.0,68.71,8.69,-183.33,TSE,25,銘異,電腦及週邊,1375631900.0,大,TSE,16712.93,16712.93,16614.1,16652.24,5507462,16690.66,16554.56,16542.16,16687.27,5758037,5642487,5729018,6262774,978.34,-6.24,"(-5, -3]","(3.893, 60.83]","(-92.161, 0.0]","(0.923, 18.74]","(-3666.001, -43.333]","(0.707, 35.48]"
3252,2023-10-16,20.7,20.7,20.35,20.6,79.0,20.42,20.485,20.495,20.5483,130.0,96.0,119.0,251.0,-0.05,-0.24,2023-09-28,2023-06-30,2023-10-11,41165.0,56924.0,-27.68,-11.63,-2.0,415853.0,469290.0,-11.39,2,2023-08-11,0.05,0.63,2.28,4612.01,0.84,0.4,0.75,0.29,0.12,10.02,14.21,12.17,2.72,1.73,39.33,28.94,4.24,12.58,4.22,12.23,1249856,-4.5,0.21,51.16,-3.19,0.03,-5.79,34.47,-22.28,-22.28,34.47,107733,136047,1999789,-10576,-7,0,14,7,-2,0,1,1,17.55,8810,9745,0,0.0,0.0,-0.03,0.0,0.0,0.0,0.0,0.0,0,544,-2,0.0,0.0,0.0,0.0,0.0,0.0,-5.91,100.0,OTC,16,海灣,觀光餐旅,501957540.0,中,OTC,216.19,216.19,214.59,214.59,1484434,215.47,215.09,215.04,214.63,1525811,1561794,1523322,1611569,7.64,-3.69,"(-1, 1]","(-14.577, 3.893]","(-92.161, 0.0]","(-6.471, 0.0]","(340.0, 46608.0]","(-0.001, 0.707]"
3311,2023-10-16,40.05,41.0,39.25,41.0,1040.0,39.6,39.025,40.62,38.2442,1059.0,960.0,992.0,1224.0,-1.6,-3.76,2023-09-28,2023-06-30,2023-10-06,200073.0,179665.0,11.36,8.28,3.0,1540696.0,1548597.0,-0.51,2,2023-08-10,0.55,0.92,1.19,15.2,2.39,1.17,1.81,1.46,1.65,4.07,-37.73,22.07,3.03,8.39,97.64,14.12,10.17,22.96,7.43,19.2,2363000,-7.47,8.75,79.31,0.06,0.16,6.1,16.25,-10.72,-10.72,16.25,79970,506366,2575433,28239,-13,0,-1,-14,-2,0,-2,-2,41.66,28332,3897,4,0.1,-92.16,1.7,0.0,0.0,0.0,0.0,0.0,10,1524,4,0.0,0.0,0.0,0.0,0.0,-0.04,-64.22,10000.0,TSE,27,閎暉,通信網路業,680000000.0,中,TSE,16712.93,16712.93,16614.1,16652.24,5507462,16690.66,16554.56,16542.16,16687.27,5758037,5642487,5729018,6262774,978.34,-6.24,"(-5, -3]","(-904.381, -14.577]","(-92.161, 0.0]","(0.923, 18.74]","(340.0, 46608.0]","(-0.001, 0.707]"
3489,2023-10-16,12.8,13.05,12.8,12.9,111.0,12.45,12.18,12.065,11.64,151.0,101.0,111.0,68.0,1.0,8.4,2023-09-28,2023-06-30,2023-10-04,47260.0,80872.0,-41.56,-18.87,-2.0,505911.0,695450.0,-27.25,2,2023-08-09,0.24,0.74,1.21,14.89,0.73,0.5,0.53,1.55,1.55,-2.32,-58.38,25.47,-0.45,12.46,421.61,18.62,17.32,1257.65,12.46,6706.27,947682,-29.54,-9.95,31.37,12.5,0.04,19.64,5.47,9.86,9.86,5.47,27040,160637,1287884,82395,-6,0,0,-6,-2,0,0,-2,67.73,56301,740,0,0.0,0.0,1.93,0.0,0.0,0.0,0.0,0.0,0,-1133,0,0.0,0.0,0.0,0.0,0.0,0.0,60.49,,OTC,14,森寶,建材營造,831306700.0,大,OTC,216.19,216.19,214.59,214.59,1484434,215.47,215.09,215.04,214.63,1525811,1561794,1523322,1611569,7.64,-3.69,"(7, 9]","(3.893, 60.83]","(-92.161, 0.0]","(0.923, 18.74]","(-3666.001, -43.333]","(-0.001, 0.707]"
3516,2023-10-16,18.45,18.5,18.35,18.35,23.0,18.75,18.625,18.375,18.1783,69.0,68.0,43.0,80.0,-0.15,-0.81,2023-09-28,2023-06-30,2023-10-06,84781.0,80203.0,5.71,-7.04,-1.0,714796.0,669487.0,6.77,2,2023-08-11,0.14,0.7,0.91,14.65,1.56,0.51,1.37,0.66,0.67,-1.85,9.19,68.06,-0.82,4.12,184.2,18.14,6.03,-10.0,4.08,9.71,920738,21.13,-3.31,61.46,19.69,0.1,7.88,17.72,4.97,4.97,17.72,43474,232025,1415618,-17159,0,0,0,0,0,0,0,0,10.88,5726,6073,0,0.0,0.0,-0.12,0.0,0.0,0.0,0.0,0.0,-6884,-3666,0,0.0,0.0,0.0,0.0,0.0,54.59,37.64,,OTC,26,亞帝歐,光電業,526138250.0,中,OTC,216.19,216.19,214.59,214.59,1484434,215.47,215.09,215.04,214.63,1525811,1561794,1523322,1611569,7.64,-3.69,"(-1, 1]","(3.893, 60.83]","(-92.161, 0.0]","(-6.471, 0.0]","(-3666.001, -43.333]","(-0.001, 0.707]"
3548,2023-10-16,134.5,142.0,134.5,139.0,5277.0,137.3,139.75,137.0,104.2383,5943.0,8005.0,7148.0,5099.0,35.0,33.65,2023-09-28,2023-06-30,2023-10-06,897384.0,530949.0,69.02,2.93,8.0,5874709.0,5320075.0,10.43,2,2023-08-14,2.04,1.02,0.68,8.47,3.12,1.47,2.23,2.76,2.69,4.84,79.07,5868.25,15.85,6.06,3408.48,13.82,9.26,20.82,6.21,40.32,4533199,36.08,49.42,51.24,-2.0,0.23,4.42,15.32,4.28,4.28,15.32,122380,1970994,4451161,-41240,1038,300,-71,1267,4,1,-1,4,17.76,11514,8444,631,7.47,10.51,-1.95,0.0,0.0,0.0,0.0,0.0,150,5378,528,0.0,0.0,0.0,0.0,0.0,-1.32,-175.41,-512.62,OTC,28,兆利,電子零組件,648152890.0,中,OTC,216.19,216.19,214.59,214.59,1484434,215.47,215.09,215.04,214.63,1525811,1561794,1523322,1611569,7.64,-3.69,"(33, 35]","(-904.381, -14.577]","(0.0, 1080.0]","(-6.471, 0.0]","(340.0, 46608.0]","(0.707, 35.48]"
3607,2023-10-16,14.7,14.85,14.7,14.8,125.0,14.9,14.88,14.9275,15.1867,137.0,157.0,176.0,538.0,-0.55,-3.58,2023-09-28,2023-06-30,2023-10-11,219560.0,282791.0,-22.36,-15.54,-1.0,1943384.0,2164826.0,-10.23,2,2023-08-14,-0.3,1.06,0.7,0.0,0.43,-1.03,0.23,-1.9,-2.1,-12.29,50.26,-47.69,-6.11,-6.66,-12.76,3.72,-6.12,18.08,-6.03,18.58,1891844,1.74,-8.83,60.77,-12.86,0.19,6.17,2.4,125.23,125.23,2.4,163721,605054,1817173,-27126,18,0,0,18,1,0,0,1,9.65,11739,1690,0,0.0,0.0,-3.81,0.0,0.0,0.0,0.0,0.0,-617,-297,0,0.0,0.0,0.0,0.0,0.0,4.99,14.95,,TSE,28,谷崧,電子零組件,1216622390.0,大,TSE,16712.93,16712.93,16614.1,16652.24,5507462,16690.66,16554.56,16542.16,16687.27,5758037,5642487,5729018,6262774,978.34,-6.24,"(-5, -3]","(3.893, 60.83]","(-92.161, 0.0]","(-6.471, 0.0]","(-3666.001, -43.333]","(-0.001, 0.707]"
3615,2023-10-16,22.25,22.65,21.9,22.15,598.0,23.04,23.61,23.56,21.7242,772.0,979.0,1840.0,779.0,0.45,2.07,2023-09-28,2023-06-30,2023-10-11,90009.0,85564.0,5.19,-8.88,-1.0,802719.0,869359.0,-7.67,2,2023-08-11,0.33,0.67,1.46,37.62,0.55,0.96,0.94,1.16,0.39,-2.35,-126.86,-514.48,-0.92,3.6,18.34,24.0,13.63,4738.49,10.75,21593.23,1526792,-14.67,4.5,73.24,-2.99,0.08,15.98,17.45,-36.43,-36.43,17.45,5644,268376,2497301,4542,36,0,0,36,1,0,0,1,21.27,14564,4493,5,0.11,0.0,0.83,0.0,0.0,0.0,0.0,0.0,0,451,4,0.0,0.0,0.0,0.0,0.0,0.0,-11.16,-400.0,OTC,26,安可,光電業,684669760.0,中,OTC,216.19,216.19,214.59,214.59,1484434,215.47,215.09,215.04,214.63,1525811,1561794,1523322,1611569,7.64,-3.69,"(1, 3]","(-14.577, 3.893]","(-92.161, 0.0]","(0.0, 0.923]","(340.0, 46608.0]","(-0.001, 0.707]"
3622,2023-10-16,40.3,41.55,40.3,41.1,531.0,40.14,39.55,40.055,39.3242,553.0,609.0,1032.0,1921.0,-4.2,-9.27,2023-09-28,2023-06-30,2023-10-06,178077.0,146371.0,21.66,3.57,1.0,1214063.0,1230651.0,-1.35,2,2023-08-09,0.51,0.91,4.0,13.0,1.9,1.35,1.74,1.51,1.55,17.4,-28.8,51.26,4.5,23.43,28.93,33.76,25.76,-11.26,22.93,-16.86,5387241,-23.88,30.18,86.7,9.96,0.06,8.36,34.95,-7.03,-7.03,34.95,-42949,391142,6019220,56238,144,0,0,144,1,0,0,1,34.22,51780,2387,6,0.25,100.0,-0.29,0.0,0.0,0.0,0.0,0.0,225,872,4,0.0,0.0,0.0,0.0,0.0,-0.44,-57.56,-200.0,TSE,26,洋華,光電業,1513276000.0,大,TSE,16712.93,16712.93,16614.1,16652.24,5507462,16690.66,16554.56,16542.16,16687.27,5758037,5642487,5729018,6262774,978.34,-6.24,"(-11, -9]","(-904.381, -14.577]","(0.0, 1080.0]","(-6.471, 0.0]","(340.0, 46608.0]","(-0.001, 0.707]"
4306,2023-10-16,16.65,17.05,16.6,16.8,2351.0,16.61,16.365,16.01,15.2333,2490.0,2218.0,1710.0,1118.0,1.45,9.45,2023-09-28,2023-06-30,2023-10-06,1076933.0,1127995.0,-4.53,-3.66,-1.0,9219204.0,11576356.0,-20.36,2,2023-08-14,0.41,0.93,0.81,11.86,1.73,1.04,1.42,2.32,2.37,5.59,-51.42,37.37,2.67,8.91,165.26,16.48,10.74,-20.28,8.71,17.59,10348826,-24.69,5.47,39.53,-1.78,0.11,5.16,16.84,-31.43,-31.43,16.84,405147,3102923,11812161,-157654,1033,0,0,1033,7,0,0,7,14.54,95723,9630,221,2.29,20.77,1.59,0.0,0.0,0.0,0.0,0.0,0,6041,141,0.0,0.0,0.0,0.0,0.0,0.0,-168.32,-176.25,TSE,3,炎洲,塑膠工業,6582467040.0,大,TSE,16712.93,16712.93,16614.1,16652.24,5507462,16690.66,16554.56,16542.16,16687.27,5758037,5642487,5729018,6262774,978.34,-6.24,"(9, 11]","(-904.381, -14.577]","(0.0, 1080.0]","(0.923, 18.74]","(340.0, 46608.0]","(0.707, 35.48]"
4432,2023-10-16,24.3,24.7,24.1,24.7,118.0,24.54,24.54,24.5975,24.805,57.0,67.0,72.0,134.0,-0.85,-3.33,2023-09-28,2023-06-30,2023-10-06,102372.0,109668.0,-6.65,19.35,1.0,910025.0,1213676.0,-25.02,2,2023-08-11,0.59,0.97,0.94,7.91,2.99,1.99,2.38,2.32,2.33,7.63,-55.89,-32.3,4.48,10.04,19.51,15.15,12.76,-48.97,9.99,-53.2,1257137,-27.4,3.01,87.23,1.91,0.2,5.14,22.53,-31.07,-31.07,22.53,6840,296898,1289981,1100,-16,0,0,-16,-2,0,0,-2,43.3,21906,717,5,0.7,0.0,-2.45,0.0,0.0,0.0,0.0,0.0,0,-365,4,0.0,0.0,0.0,0.0,0.0,0.0,33.73,-400.0,OTC,4,銘旺實,紡織纖維,505890000.0,中,OTC,216.19,216.19,214.59,214.59,1484434,215.47,215.09,215.04,214.63,1525811,1561794,1523322,1611569,7.64,-3.69,"(-5, -3]","(3.893, 60.83]","(-92.161, 0.0]","(-6.471, 0.0]","(-3666.001, -43.333]","(-0.001, 0.707]"
4552,2023-10-16,38.7,39.6,38.2,39.05,2400.0,36.71,35.355,34.785,33.5425,2410.0,1382.0,854.0,538.0,3.15,8.77,2023-09-28,2023-06-30,2023-10-11,563816.0,542421.0,3.94,17.76,4.0,3585322.0,3734418.0,-3.99,2,2023-08-29,0.97,0.67,0.77,5.49,2.83,1.55,1.95,1.95,2.02,13.56,29.16,65.65,15.02,9.1,77.83,16.04,13.29,16.78,8.77,23.36,3822200,4.69,59.2,75.64,3.62,0.17,-0.27,23.7,16.56,16.56,23.7,230718,1284622,5674393,178693,-68,0,26,-42,-1,0,1,-1,42.12,48861,1882,11,0.58,10.0,11.03,0.0,0.0,0.0,0.0,0.0,-6000,1277,11,0.0,0.0,0.0,0.0,0.0,10.94,-211.07,10000.0,TSE,5,力達-KY,電機機械,1160000000.0,大,TSE,16712.93,16712.93,16614.1,16652.24,5507462,16690.66,16554.56,16542.16,16687.27,5758037,5642487,5729018,6262774,978.34,-6.24,"(7, 9]","(-904.381, -14.577]","(0.0, 1080.0]","(0.923, 18.74]","(340.0, 46608.0]","(-0.001, 0.707]"
4702,2023-10-16,12.95,12.95,12.95,12.95,4.0,12.91,12.97,13.0475,13.3325,44.0,35.0,42.0,59.0,-0.6,-4.43,2023-09-28,2023-06-30,2023-10-11,25755.0,51422.0,-49.91,-52.53,-2.0,445596.0,857159.0,-48.01,2,2023-08-11,0.04,0.89,1.62,12.11,0.21,0.25,0.27,0.24,0.24,-0.83,79.71,-257.28,-0.16,2.04,16.1,2.32,1.14,-87.69,2.04,-78.16,1034362,-50.32,-22.95,77.02,20.21,0.09,1.97,9.17,-23.25,-23.25,9.17,-88230,134945,1168049,22591,-1,0,0,-1,-2,0,0,-2,42.61,30822,2336,1,0.04,0.0,0.0,0.0,0.0,0.0,0.0,0.0,0,128,-1,0.0,0.0,0.0,0.0,0.0,0.0,-5.8,50.0,OTC,38,中美實,居家生活,723332000.0,中,OTC,216.19,216.19,214.59,214.59,1484434,215.47,215.09,215.04,214.63,1525811,1561794,1523322,1611569,7.64,-3.69,"(-5, -3]","(-14.577, 3.893]","(-92.161, 0.0]","(-6.471, 0.0]","(-43.333, 340.0]","(-0.001, 0.707]"
4706,2023-10-16,29.0,29.25,28.5,28.95,155.0,29.37,29.025,28.2775,23.835,428.0,359.0,347.0,293.0,3.9,15.57,2023-09-28,2023-06-30,2023-10-04,103529.0,91020.0,13.74,6.32,2.0,791291.0,982070.0,-19.43,2,2023-08-10,-0.01,1.08,1.46,0.0,0.38,-0.04,0.36,-0.05,-0.2,-3.21,-167.35,47.88,-1.07,-1.09,94.69,4.0,-0.11,-101.48,-0.26,-104.13,1533182,-19.63,8.63,88.88,-8.54,0.16,3.1,11.63,-45.66,-45.66,11.63,56849,262795,1417771,27710,-8,0,0,-8,-1,0,0,-1,34.89,27577,442,4,0.9,-20.0,5.49,0.0,0.0,0.0,0.0,0.0,0,381,4,0.0,0.0,0.0,0.0,0.0,0.0,-624.59,10000.0,OTC,21,大恭,化學工業,790300930.0,大,OTC,216.19,216.19,214.59,214.59,1484434,215.47,215.09,215.04,214.63,1525811,1561794,1523322,1611569,7.64,-3.69,"(15, 17]","(-904.381, -14.577]","(-92.161, 0.0]","(0.923, 18.74]","(340.0, 46608.0]","(0.707, 35.48]"
4906,2023-10-16,35.25,35.25,34.15,34.6,6698.0,35.71,36.36,36.65,35.0517,5351.0,5743.0,7871.0,13124.0,-2.45,-6.61,2023-09-28,2023-06-30,2023-10-11,2019765.0,2750568.0,-26.57,0.22,1.0,20235540.0,19370077.0,4.47,2,2023-08-04,0.79,1.03,0.43,11.89,2.36,1.36,1.95,2.28,2.41,4.01,190.04,280.63,7.13,4.6,565.16,8.2,5.35,170.47,4.34,240.42,13037366,8.02,-0.7,52.28,2.27,0.28,1.34,12.4,42.27,42.27,12.4,-1530140,7013592,13000595,494543,1394,0,-453,941,1,0,-1,1,4.19,16776,12068,2175,18.02,-6.05,-2.3,0.0,0.0,0.0,0.0,0.0,236,-1747,710,0.0,0.0,0.0,0.0,0.0,-1.43,12.65,-48.46,TSE,27,正文,通信網路業,4001211050.0,大,TSE,16712.93,16712.93,16614.1,16652.24,5507462,16690.66,16554.56,16542.16,16687.27,5758037,5642487,5729018,6262774,978.34,-6.24,"(-7, -5]","(3.893, 60.83]","(-92.161, 0.0]","(-6.471, 0.0]","(-3666.001, -43.333]","(0.707, 35.48]"
4909,2023-10-16,23.7,24.15,23.45,23.45,510.0,23.96,24.19,24.6375,22.9858,821.0,868.0,1358.0,1973.0,-2.35,-9.11,2023-09-28,2023-06-30,2023-10-11,61125.0,37459.0,63.18,-13.35,-2.0,487921.0,352938.0,38.25,2,2023-08-10,0.1,0.81,3.57,0.0,0.67,0.36,0.65,0.38,0.38,-17.56,61.92,-81.0,-2.28,7.25,354.12,14.17,6.28,194.5,7.35,183.01,1909130,4.53,-24.56,92.98,-1.66,0.05,23.84,-0.44,98.46,98.46,-0.44,2912,121168,2347683,29449,-29,0,19,-10,-1,0,1,-1,10.98,10247,4411,110,2.49,-9.09,-0.45,0.0,0.0,0.0,0.0,0.0,-1000,994,109,0.0,0.0,0.0,0.0,0.0,8.89,-29.09,-10900.0,OTC,27,新復興,通信網路業,933568640.0,大,OTC,216.19,216.19,214.59,214.59,1484434,215.47,215.09,215.04,214.63,1525811,1561794,1523322,1611569,7.64,-3.69,"(-11, -9]","(-904.381, -14.577]","(-92.161, 0.0]","(-6.471, 0.0]","(340.0, 46608.0]","(0.707, 35.48]"
4933,2023-10-16,62.0,63.1,60.7,62.3,1733.0,59.44,56.76,52.8625,45.235,3051.0,3573.0,2191.0,1359.0,12.3,24.6,2023-09-28,2023-06-30,2023-10-06,238710.0,123544.0,93.22,-7.18,-1.0,1804640.0,1798524.0,0.34,2,2023-08-09,1.58,0.92,1.46,12.53,4.3,2.98,3.44,4.06,3.86,13.56,-21.73,1036.76,11.12,18.35,1284.55,29.14,24.12,6.02,19.29,6.74,2930330,-5.55,48.65,73.49,-3.52,0.15,10.56,29.27,-4.22,-4.22,29.27,-8041,658175,3188378,26805,-163,0,56,-107,-2,0,2,-2,56.92,45756,1610,85,5.28,-9.57,-4.68,0.0,0.0,0.0,0.0,0.0,67,1159,85,0.0,0.0,0.0,0.0,0.0,-0.15,-256.98,10000.0,OTC,26,友輝,光電業,804526750.0,大,OTC,216.19,216.19,214.59,214.59,1484434,215.47,215.09,215.04,214.63,1525811,1561794,1523322,1611569,7.64,-3.69,"(23, 25]","(-904.381, -14.577]","(-92.161, 0.0]","(-6.471, 0.0]","(340.0, 46608.0]","(0.707, 35.48]"
5355,2023-10-16,7.36,7.5,7.29,7.5,100.0,7.488,7.476,7.442,7.387,82.0,110.0,111.0,96.0,0.0,0.0,2023-09-28,2023-06-30,2023-10-08,33313.0,42645.0,-21.88,0.23,1.0,381027.0,385947.0,-1.27,2,2023-08-09,-0.14,1.06,2.5,0.0,-0.77,-1.64,-1.04,-1.97,-1.94,-28.79,-20.98,-92.09,-2.19,-18.34,-21.86,-9.05,-17.44,-15.59,-18.62,-13.34,1254221,-6.33,-11.55,84.98,-29.05,0.09,11.35,-12.19,-66.08,-66.08,-12.19,10559,126622,1179656,-28349,0,0,0,0,0,0,0,0,6.0,9972,0,0,0.0,0.0,0.0,0.0,0.0,0.0,0.0,0.0,0,0,0,0.0,0.0,0.0,0.0,0.0,0.0,,,OTC,28,佳總,電子零組件,1661227920.0,大,OTC,216.19,216.19,214.59,214.59,1484434,215.47,215.09,215.04,214.63,1525811,1561794,1523322,1611569,7.64,-3.69,"(-1, 1]","(-14.577, 3.893]","(-92.161, 0.0]","(-6.471, 0.0]","(-43.333, 340.0]","(-0.001, 0.707]"
5392,2023-10-16,25.6,25.85,25.1,25.6,534.0,25.6,25.285,24.94,24.7733,926.0,1110.0,906.0,1188.0,0.3,1.19,2023-09-28,2023-06-30,2023-10-11,844637.0,892692.0,-5.38,-2.21,-1.0,6875727.0,7972537.0,-13.76,2,2023-08-14,0.56,0.67,0.4,93.24,1.4,0.89,1.17,1.5,0.2,-0.56,73.6,88.07,-0.75,0.67,300.69,15.37,6.38,152.1,5.0,328.46,3767763,-11.1,11.21,49.14,-1.6,0.15,6.94,15.51,-1.46,-1.46,15.51,325391,2276097,7487742,209444,-163,0,6,-157,-2,0,1,-2,13.44,22702,2862,2,0.07,0.0,1.49,0.0,0.0,0.0,0.0,0.0,0,365,1,0.0,0.0,0.0,0.0,0.0,0.0,-14.62,-100.0,OTC,26,能率,光電業,1689589900.0,大,OTC,216.19,216.19,214.59,214.59,1484434,215.47,215.09,215.04,214.63,1525811,1561794,1523322,1611569,7.64,-3.69,"(1, 3]","(-904.381, -14.577]","(-92.161, 0.0]","(0.923, 18.74]","(340.0, 46608.0]","(-0.001, 0.707]"
5521,2023-10-16,8.08,8.43,8.04,8.43,6549.0,8.052,7.945,7.784,7.5338,2924.0,2082.0,1410.0,999.0,0.63,8.08,2023-09-28,2023-06-30,2023-10-06,478943.0,297083.0,61.22,9.7,1.0,3861382.0,3535294.0,9.22,2,2023-08-14,0.18,0.73,0.78,54.78,1.44,1.28,1.4,1.72,1.68,6.0,2427.32,201.41,1.65,6.52,209.56,7.88,6.65,620.24,6.66,613.35,3879166,19.69,33.37,71.56,-0.95,0.19,0.65,9.19,198.69,198.69,9.19,-99791,1356090,5318492,-196975,952,0,9,961,5,0,4,5,3.83,18862,2194,7,0.32,0.0,1.62,0.0,0.0,0.0,0.0,0.0,33,-534,6,0.0,0.0,0.0,0.0,0.0,-0.18,19.57,-600.0,TSE,14,工信,建材營造,4922801550.0,大,TSE,16712.93,16712.93,16614.1,16652.24,5507462,16690.66,16554.56,16542.16,16687.27,5758037,5642487,5729018,6262774,978.34,-6.24,"(7, 9]","(3.893, 60.83]","(-92.161, 0.0]","(0.923, 18.74]","(-3666.001, -43.333]","(-0.001, 0.707]"
5533,2023-10-16,19.9,19.9,19.6,19.65,209.0,19.82,19.895,19.735,18.8917,202.0,263.0,301.0,327.0,1.0,5.36,2023-09-28,2023-06-30,2023-10-06,213418.0,31144.0,585.26,-53.52,-1.0,3358252.0,4615383.0,-27.24,2,2023-08-11,0.81,0.56,1.53,5.49,2.46,1.89,2.02,2.53,2.54,27.47,-26.8,-28.88,10.24,21.96,-37.15,29.85,28.07,-19.95,21.86,17.38,5219965,-43.05,-24.87,75.64,-2.45,0.09,0.6,32.83,-27.45,-27.45,32.83,32757,1063243,9319109,-196234,10,0,7,17,1,0,2,1,10.05,28670,895,7,0.78,0.0,1.82,0.0,0.0,0.0,0.0,0.0,-89,-1390,7,0.0,0.0,0.0,0.0,0.0,0.31,60.83,10000.0,TSE,14,皇鼎,建材營造,2852449440.0,大,TSE,16712.93,16712.93,16614.1,16652.24,5507462,16690.66,16554.56,16542.16,16687.27,5758037,5642487,5729018,6262774,978.34,-6.24,"(5, 7]","(3.893, 60.83]","(-92.161, 0.0]","(0.923, 18.74]","(-3666.001, -43.333]","(0.707, 35.48]"
6234,2023-10-16,29.1,29.25,28.0,28.0,694.0,29.44,29.72,30.1125,31.4867,498.0,375.0,475.0,1356.0,-6.9,-19.77,2023-09-28,2023-06-30,2023-10-06,81646.0,71999.0,13.4,8.24,2.0,852477.0,1084340.0,-21.38,2,2023-08-14,0.76,1.19,3.02,17.79,2.4,1.79,1.98,2.82,2.82,18.25,557.83,733.35,8.48,16.33,450.9,22.81,19.65,244.89,16.33,342.1,3207333,179.94,200.06,59.08,9.32,0.11,1.39,21.78,298.66,298.66,21.78,66071,466501,2689441,90417,-65,0,-3,-68,-1,0,-1,-1,17.55,17621,3185,24,0.75,-7.69,-2.03,0.0,0.0,0.0,0.0,0.0,0,-152,-31,0.0,0.0,0.0,0.0,0.0,0.0,4.55,56.36,OTC,26,高僑,光電業,1003863980.0,大,OTC,216.19,216.19,214.59,214.59,1484434,215.47,215.09,215.04,214.63,1525811,1561794,1523322,1611569,7.64,-3.69,"(-21, -19]","(3.893, 60.83]","(-92.161, 0.0]","(-6.471, 0.0]","(-3666.001, -43.333]","(0.707, 35.48]"
6768,2023-10-16,66.2,67.3,66.2,66.6,101.0,67.18,66.35,66.195,64.45,167.0,152.0,338.0,248.0,2.4,3.74,2023-09-28,2023-06-30,2023-10-06,1029974.0,1625247.0,-36.63,8.09,1.0,10180436.0,13747506.0,-25.95,2,2023-08-18,1.28,0.98,0.78,7.58,2.61,1.34,2.07,1.79,1.82,5.33,-60.02,444.96,10.51,6.53,476.98,13.38,8.21,-40.75,6.44,-44.87,13350664,-18.83,14.76,66.71,5.24,0.19,2.88,16.98,-35.51,-35.51,16.98,44476,3863042,13649852,1653894,39,0,-1,38,12,0,-1,5,2.17,4252,1041,1,0.1,0.0,-6.47,0.0,0.0,0.0,0.0,0.0,28,-83,1,-2.26,-0.72,-2.21,-0.47,-82.68,-0.66,7.38,10000.0,TSE,37,志強-KY,運動休閒,1960456170.0,大,TSE,16712.93,16712.93,16614.1,16652.24,5507462,16690.66,16554.56,16542.16,16687.27,5758037,5642487,5729018,6262774,978.34,-6.24,"(3, 5]","(3.893, 60.83]","(-92.161, 0.0]","(-6.471, 0.0]","(-3666.001, -43.333]","(-0.001, 0.707]"
6807,2023-10-16,35.4,37.0,35.4,36.25,120.0,35.06,33.835,33.3225,29.3975,303.0,166.0,165.0,105.0,8.2,29.23,2023-09-28,2023-06-30,2023-10-06,388541.0,360552.0,7.76,12.23,2.0,2727931.0,3330662.0,-18.1,2,2023-08-30,1.59,0.79,0.4,6.02,4.3,2.85,3.47,4.48,4.51,8.1,765.64,2658.28,13.01,9.97,562.8,15.02,12.41,42.77,9.9,39.56,1539000,-26.11,3.92,64.56,-6.06,0.29,4.31,19.05,-13.6,-13.6,19.05,7266,867301,1938337,-52400,2,0,-3,-1,6,0,-1,-1,21.03,11357,282,0,0.0,0.0,2.55,0.0,0.0,0.0,0.0,0.0,0,184,0,-2.38,-0.98,-1.42,-3.5,-76.81,0.0,-187.76,,TSE,38,峰源-KY,居家生活,540000000.0,中,TSE,16712.93,16712.93,16614.1,16652.24,5507462,16690.66,16554.56,16542.16,16687.27,5758037,5642487,5729018,6262774,978.34,-6.24,"(29, 31]","(-904.381, -14.577]","(-92.161, 0.0]","(0.923, 18.74]","(-43.333, 340.0]","(-0.001, 0.707]"
8011,2023-10-16,18.45,18.5,18.1,18.2,545.0,18.51,18.66,18.78,17.805,1073.0,1508.0,1948.0,1314.0,-0.3,-1.62,2023-09-28,2023-06-30,2023-10-05,174953.0,169209.0,3.39,-4.62,-1.0,1353765.0,1284332.0,5.41,2,2023-08-10,0.01,1.04,1.63,0.0,1.52,0.29,1.32,0.17,0.2,-1.42,93.31,-114.91,-0.39,1.63,-67.94,25.98,0.65,102.39,1.4,105.62,2769400,13.61,1.48,47.66,12.86,0.06,2.08,15.88,480.05,480.05,15.88,-219019,413442,3407614,-65661,-101,0,0,-101,-1,0,0,-1,19.27,29090,4275,0,0.0,0.0,1.3,0.0,0.0,0.0,0.0,0.0,0,110,-49,-5.43,-3.94,-2.03,-1.1,-24.65,0.0,-2.64,100.0,TSE,27,台通,通信網路業,1709218910.0,大,TSE,16712.93,16712.93,16614.1,16652.24,5507462,16690.66,16554.56,16542.16,16687.27,5758037,5642487,5729018,6262774,978.34,-6.24,"(-3, -1]","(-14.577, 3.893]","(-92.161, 0.0]","(0.923, 18.74]","(-43.333, 340.0]","(-0.001, 0.707]"
8103,2023-10-16,37.55,37.85,37.35,37.6,127.0,38.01,38.905,39.5125,38.91,235.0,200.0,197.0,420.0,-1.25,-3.22,2023-09-28,2023-06-30,2023-10-06,263296.0,295300.0,-10.84,-10.57,-1.0,2247541.0,2977142.0,-24.51,2,2023-08-09,0.84,0.98,0.93,8.32,3.57,1.36,2.32,2.22,2.28,6.93,-64.01,-6.08,6.65,8.81,134.62,23.7,15.41,-41.49,8.59,-46.89,2869942,-28.47,13.49,58.29,-7.92,0.15,8.49,30.82,-28.77,-28.77,30.82,87784,758308,2914072,162323,41,0,-46,-5,1,0,-1,-2,11.87,9376,1200,34,2.83,0.0,0.0,0.0,0.0,0.0,0.0,0.0,20,-45,34,-7.92,-2.33,-5.16,-3.22,-22.88,-0.21,3.61,10000.0,TSE,28,瀚荃,電子零組件,789560690.0,大,TSE,16712.93,16712.93,16614.1,16652.24,5507462,16690.66,16554.56,16542.16,16687.27,5758037,5642487,5729018,6262774,978.34,-6.24,"(-5, -3]","(-14.577, 3.893]","(-92.161, 0.0]","(-6.471, 0.0]","(-3666.001, -43.333]","(0.707, 35.48]"
8240,2023-10-16,38.3,38.3,36.8,37.3,293.0,37.35,37.745,37.555,34.4125,598.0,666.0,754.0,386.0,2.2,6.27,2023-09-28,2023-06-30,2023-10-11,706388.0,690435.0,2.31,-0.83,-1.0,5665220.0,7187156.0,-21.18,2,2023-08-09,1.05,0.83,0.43,11.29,2.67,1.55,2.27,2.73,2.82,4.82,0.19,937.91,9.43,5.91,2465.05,11.94,7.57,3.71,5.73,9.8,3290132,-16.7,21.06,49.6,-12.06,0.24,2.75,15.77,-4.58,-4.58,15.77,143187,1954768,4089817,90157,-6,0,8,2,-2,0,1,1,29.62,29623,1510,2,0.13,-33.33,0.73,0.0,0.0,0.0,0.0,0.0,0,341,2,-5.55,-2.52,-1.45,-2.56,-51.81,0.0,-29.17,10000.0,OTC,26,華宏,光電業,1000044140.0,大,OTC,216.19,216.19,214.59,214.59,1484434,215.47,215.09,215.04,214.63,1525811,1561794,1523322,1611569,7.64,-3.69,"(5, 7]","(-904.381, -14.577]","(-92.161, 0.0]","(0.0, 0.923]","(340.0, 46608.0]","(-0.001, 0.707]"
911622,2023-10-16,5.15,5.16,5.14,5.16,50.0,5.15,5.194,5.184,5.1328,31.0,33.0,27.0,34.0,0.03,0.58,,2023-06-30,,,,,,,,,,2,2023-08-14,0.09,0.04,0.02,0.76,2.03,1.13,1.85,1.26,1.26,3.16,-28.16,65.35,1.11,3.78,-16.3,8.19,3.59,807.26,3.78,292.75,153600,-39.48,15.55,75.78,-9.44,0.25,0.43,8.1,-19.56,-18.55,8.2,27007,1389444,4143018,355934,0,0,0,0,0,0,0,0,0.0,0,0,0,0.0,0.0,0.0,0.0,0.0,0.0,0.0,0.0,0,0,0,0.0,0.0,0.0,0.0,0.0,,,,TSE,91,泰聚亨-DR,存託憑證,3714761903.0,大,TSE,16712.93,16712.93,16614.1,16652.24,5507462,16690.66,16554.56,16542.16,16687.27,5758037,5642487,5729018,6262774,978.34,-6.24,"(-1, 1]","(-14.577, 3.893]","(-92.161, 0.0]","(-6.471, 0.0]","(-43.333, 340.0]","(-0.001, 0.707]"
