company_id,market_type,industry,company_name,industry_name,capital
1101 ,TSE,1,台泥,水泥工業,77511817420
1102 ,TSE,1,亞泥,水泥工業,35465628810
1103 ,TSE,1,嘉泥,水泥工業,7902474590
1104 ,TSE,1,環泥,水泥工業,6732174670
1108 ,TSE,1,幸福,水泥工業,4047380000
1109 ,TSE,1,信大,水泥工業,3411588680
1110 ,TSE,1,東泥,水泥工業,5720007970
1201 ,TSE,2,味全,食品工業,5060629000
1203 ,TSE,2,味王,食品工業,2400000000
1210 ,TSE,2,大成,食品工業,8947672220
1213 ,TSE,2,大飲,食品工業,566226270
1215 ,TSE,2,卜蜂,食品工業,2947900980
1216 ,TSE,2,統一,食品工業,56820154210
1217 ,TSE,2,愛之味,食品工業,4945133360
1218 ,TSE,2,泰山,食品工業,4999990380
1219 ,TSE,2,福壽,食品工業,3316633830
1220 ,TSE,2,台榮,食品工業,1770779440
1225 ,TSE,2,福懋油,食品工業,2296382040
1227 ,TSE,2,佳格,食品工業,9150895910
1229 ,TSE,2,聯華,食品工業,15837395670
1231 ,TSE,2,聯華食,食品工業,2466565910
1232 ,TSE,2,大統益,食品工業,1599749150
1233 ,TSE,2,天仁,食品工業,905919480
1234 ,TSE,2,黑松,食品工業,4018710940
1235 ,TSE,2,興泰,食品工業,1496649500
1236 ,TSE,2,宏亞,食品工業,866740080
1240 ,OTC,33,茂生農經,農業科技,393701580
1256 ,TSE,2,鮮活果汁-KY,食品工業,338421600
1259 ,OTC,16,安心,觀光餐旅,323895000
1264 ,OTC,2,德麥,食品工業,370643670
1268 ,OTC,16,漢來美食,觀光餐旅,422237300
1301 ,TSE,3,台塑,塑膠工業,63657407810
1303 ,TSE,3,南亞,塑膠工業,79308215890
1304 ,TSE,3,台聚,塑膠工業,11887635000
1305 ,TSE,3,華夏,塑膠工業,5810504940
1307 ,TSE,3,三芳,塑膠工業,3978181260
1308 ,TSE,3,亞聚,塑膠工業,5937439190
1309 ,TSE,3,台達化,塑膠工業,3975868480
1310 ,TSE,3,台苯,塑膠工業,5278697640
1312 ,TSE,3,國喬,塑膠工業,9266203280
1313 ,TSE,3,聯成,塑膠工業,13635771070
1314 ,TSE,3,中石化,塑膠工業,37848501300
1315 ,TSE,3,達新,塑膠工業,990990000
1316 ,TSE,14,上曜,建材營造,2790579600
1319 ,TSE,12,東陽,汽車工業,5914770680
1321 ,TSE,3,大洋,塑膠工業,2272282680
1323 ,TSE,3,永裕,塑膠工業,912745540
1324 ,TSE,3,地球,塑膠工業,751218820
1325 ,TSE,3,恒大,塑膠工業,852811980
1326 ,TSE,3,台化,塑膠工業,58611862910
1336 ,OTC,28,台翰,電子零組件,788184190
1337 ,TSE,3,再生-KY,塑膠工業,2689547290
1338 ,TSE,12,廣華-KY,汽車工業,838400000
1339 ,TSE,12,昭輝,汽車工業,741238750
1340 ,TSE,3,勝悅-KY,塑膠工業,1529228550
1341 ,TSE,3,富林-KY,塑膠工業,516635890
1342 ,TSE,20,八貫,其他,713430760
1402 ,TSE,4,遠東新,紡織纖維,53528752270
1409 ,TSE,4,新纖,紡織纖維,16184092860
1410 ,TSE,4,南染,紡織纖維,630000000
1413 ,TSE,4,宏洲,紡織纖維,1321124540
1414 ,TSE,4,東和,紡織纖維,2200000000
1416 ,TSE,20,廣豐,其他,1853421680
1417 ,TSE,4,嘉裕,紡織纖維,1899418400
1418 ,TSE,4,東華,紡織纖維,568343090
1419 ,TSE,4,新紡,紡織纖維,3000412800
1423 ,TSE,4,利華,紡織纖維,996480000
1432 ,TSE,37,大魯閣,運動休閒,900000000
1434 ,TSE,4,福懋,紡織纖維,16846646370
1435 ,TSE,20,中福,其他,1397801000
1436 ,TSE,14,華友聯,建材營造,979743600
1437 ,TSE,20,勤益控,其他,2033712840
1438 ,TSE,14,三地開發,建材營造,912057410
1439 ,TSE,14,雋揚,建材營造,920000000
1440 ,TSE,4,南紡,紡織纖維,16568158570
1441 ,TSE,4,大東,紡織纖維,632952250
1442 ,TSE,14,名軒,建材營造,3662113580
1443 ,TSE,20,立益物流,其他,1353430110
1444 ,TSE,4,力麗,紡織纖維,9955950590
1445 ,TSE,4,大宇,紡織纖維,1306660340
1446 ,TSE,4,宏和,紡織纖維,1377095130
1447 ,TSE,4,力鵬,紡織纖維,9100712420
1449 ,TSE,4,佳和,紡織纖維,808712650
1451 ,TSE,4,年興,紡織纖維,2064500000
1452 ,TSE,4,宏益,紡織纖維,1326414000
1453 ,TSE,14,大將,建材營造,1067424340
1454 ,TSE,4,台富,紡織纖維,1298338480
1455 ,TSE,4,集盛,紡織纖維,5316883800
1456 ,TSE,14,怡華,建材營造,937200000
1457 ,TSE,4,宜進,紡織纖維,3016476400
1459 ,TSE,4,聯發,紡織纖維,3586289070
1460 ,TSE,4,宏遠,紡織纖維,6946434840
1463 ,TSE,4,強盛,紡織纖維,1732683810
1464 ,TSE,4,得力,紡織纖維,4076395910
1465 ,TSE,4,偉全,紡織纖維,1036072670
1466 ,TSE,4,聚隆,紡織纖維,1111573200
1467 ,TSE,4,南緯,紡織纖維,2336246670
1468 ,TSE,4,昶和,紡織纖維,1604052440
1470 ,TSE,4,大統新創,紡織纖維,857670000
1471 ,TSE,28,首利,電子零組件,1504145360
1472 ,TSE,14,三洋實業,建材營造,424880820
1473 ,TSE,4,台南,紡織纖維,1461535340
1474 ,TSE,4,弘裕,紡織纖維,1298969690
1475 ,TSE,4,業旺,紡織纖維,660167490
1476 ,TSE,4,儒鴻,紡織纖維,2743671110
1477 ,TSE,4,聚陽,紡織纖維,2418565810
1503 ,TSE,5,士電,電機機械,5209722230
1504 ,TSE,5,東元,電機機械,21387966160
1506 ,TSE,5,正道,電機機械,3003105010
1512 ,TSE,12,瑞利,汽車工業,981834980
1513 ,TSE,5,中興電,電機機械,5031125150
1514 ,TSE,5,亞力,電機機械,2469352950
1515 ,TSE,5,力山,電機機械,1814735000
1516 ,TSE,20,川飛,其他,388201430
1517 ,TSE,5,利奇,電機機械,2256850070
1519 ,TSE,5,華城,電機機械,2610585480
1521 ,TSE,12,大億,汽車工業,762300000
1522 ,TSE,12,堤維西,汽車工業,3428978810
1524 ,TSE,12,耿鼎,汽車工業,1653103970
1525 ,TSE,12,江申,汽車工業,734001350
1526 ,TSE,5,日馳,電機機械,600000000
1527 ,TSE,5,鑽全,電機機械,1385706400
1528 ,TSE,5,恩德,電機機械,1913310000
1529 ,TSE,5,樂事綠能,電機機械,1505777420
1530 ,TSE,5,亞崴,電機機械,965941710
1531 ,TSE,5,高林股,電機機械,1836080800
1532 ,TSE,5,勤美,電機機械,3775478040
1533 ,TSE,12,車王電,汽車工業,985474860
1535 ,TSE,5,中宇,電機機械,1237425520
1536 ,TSE,12,和大,汽車工業,2795175130
1537 ,TSE,5,廣隆,電機機械,820647940
1538 ,TSE,5,正峰,電機機械,758389990
1539 ,TSE,5,巨庭,電機機械,653700000
1540 ,TSE,5,喬福,電機機械,854736120
1541 ,TSE,5,錩泰,電機機械,788000000
1558 ,TSE,5,伸興,電機機械,665356310
1560 ,TSE,5,中砂,電機機械,1446922500
1565 ,OTC,22,精華,生技醫療,504165160
1568 ,TSE,12,倉佑,汽車工業,1030865590
1569 ,OTC,25,濱川,電腦及週邊,1214474410
1570 ,OTC,5,力肯,電機機械,515008390
1580 ,OTC,5,新麥,電機機械,502302420
1582 ,TSE,28,信錦,電子零組件,1237257940
1583 ,TSE,5,程泰,電機機械,1104003720
1584 ,OTC,20,精剛,其他,1924705330
1586 ,OTC,5,和勤,電機機械,863030380
1587 ,TSE,12,吉茂,汽車工業,686244490
1589 ,TSE,5,永冠-KY,電機機械,1181359410
1590 ,TSE,5,亞德客-KY,電機機械,1999999980
1591 ,OTC,5,駿吉-KY,電機機械,347980470
1593 ,OTC,37,祺驊,運動休閒,397828190
1595 ,OTC,28,川寶,電子零組件,475481340
1597 ,TSE,5,直得,電機機械,892618040
1598 ,TSE,37,岱宇,運動休閒,1596097540
1599 ,OTC,5,宏佳騰,電機機械,745287640
1603 ,TSE,6,華電,電器電纜,1916880000
1604 ,TSE,6,聲寶,電器電纜,3842000000
1605 ,TSE,6,華新,電器電纜,40313329480
1608 ,TSE,6,華榮,電器電纜,6327735060
1609 ,TSE,6,大亞,電器電纜,7401302470
1611 ,TSE,6,中電,電器電纜,3227357420
1612 ,TSE,6,宏泰,電器電纜,3160800630
1614 ,TSE,6,三洋電,電器電纜,2691134060
1615 ,TSE,6,大山,電器電纜,1637226960
1616 ,TSE,6,億泰,電器電纜,1941485150
1617 ,TSE,6,榮星,電器電纜,1577978380
1618 ,TSE,6,合機,電器電纜,1926917470
1626 ,TSE,6,艾美特-KY,電器電纜,1528217210
1701 ,TSE,22,中化,生技醫療,2980810800
1702 ,TSE,2,南僑,食品工業,2941329620
1707 ,TSE,22,葡萄王,生技醫療,1481373730
1708 ,TSE,21,東鹼,化學工業,2490016510
1709 ,TSE,21,和益,化學工業,4770162720
1710 ,TSE,21,東聯,化學工業,8857030290
1711 ,TSE,21,永光,化學工業,5477522260
1712 ,TSE,21,興農,化學工業,4204925850
1713 ,TSE,21,國化,化學工業,1509517000
1714 ,TSE,21,和桐,化學工業,10168248080
1717 ,TSE,21,長興,化學工業,11782654830
1718 ,TSE,21,中纖,化學工業,16859057450
1720 ,TSE,22,生達,生技醫療,1786960890
1721 ,TSE,21,三晃,化學工業,1848840920
1722 ,TSE,21,台肥,化學工業,9800000000
1723 ,TSE,21,中碳,化學工業,2369044800
1725 ,TSE,21,元禎,化學工業,1818299780
1726 ,TSE,21,永記,化學工業,1620000000
1727 ,TSE,21,中華化,化學工業,1184642510
1730 ,TSE,21,花仙子,化學工業,632338510
1731 ,TSE,22,美吾華,生技醫療,1329152440
1732 ,TSE,21,毛寶,化學工業,424439570
1733 ,TSE,22,五鼎,生技醫療,999501920
1734 ,TSE,22,杏輝,生技醫療,1677220220
1735 ,TSE,21,日勝化,化學工業,993880000
1736 ,TSE,37,喬山,運動休閒,3036166170
1737 ,TSE,2,臺鹽,食品工業,2000000000
1742 ,OTC,21,台蠟,化學工業,935593000
1752 ,TSE,22,南光,生技醫療,1009884720
1760 ,TSE,22,寶齡富錦,生技醫療,857390130
1762 ,TSE,22,中化生,生技醫療,775600000
1773 ,TSE,21,勝一,化學工業,2500000000
1776 ,TSE,21,展宇,化學工業,601093460
1777 ,OTC,22,生泰,生技醫療,445917130
1781 ,OTC,22,合世,生技醫療,474076050
1783 ,TSE,22,和康生,生技醫療,968441150
1784 ,OTC,22,訊聯,生技醫療,496269240
1785 ,OTC,31,光洋科,其他電子業,5966072430
1786 ,TSE,22,科妍,生技醫療,677099130
1788 ,OTC,22,杏昌,生技醫療,445209710
1789 ,TSE,22,神隆,生技醫療,7907392220
1795 ,TSE,22,美時,生技醫療,2624713120
1796 ,OTC,2,金穎生技,食品工業,414597930
1799 ,OTC,22,易威,生技醫療,1143657750
1802 ,TSE,8,台玻,玻璃陶瓷,29080608000
1805 ,TSE,14,寶徠,建材營造,701857800
1806 ,TSE,8,冠軍,玻璃陶瓷,3904038700
1808 ,TSE,14,潤隆,建材營造,4510261330
1809 ,TSE,8,中釉,玻璃陶瓷,1670419370
1810 ,TSE,8,和成,玻璃陶瓷,3023037190
1813 ,OTC,22,寶利徠,生技醫療,466355100
1815 ,OTC,28,富喬,電子零組件,4502088240
1817 ,TSE,8,凱撒衛,玻璃陶瓷,726000000
1903 ,TSE,9,士紙,造紙工業,2600391000
1904 ,TSE,9,正隆,造紙工業,11082745220
1905 ,TSE,9,華紙,造紙工業,11028353160
1906 ,TSE,9,寶隆,造紙工業,1510000000
1907 ,TSE,9,永豐餘,造紙工業,16603714950
1909 ,TSE,9,榮成,造紙工業,13276857270
2002 ,TSE,10,中鋼,鋼鐵工業,1.58E+11
2006 ,TSE,10,東和鋼鐵,鋼鐵工業,7302138180
2007 ,TSE,10,燁興,鋼鐵工業,5306516130
2008 ,TSE,10,高興昌,鋼鐵工業,1908522930
2009 ,TSE,10,第一銅,鋼鐵工業,3596221650
2010 ,TSE,10,春源,鋼鐵工業,6476553900
2012 ,TSE,10,春雨,鋼鐵工業,3021627000
2013 ,TSE,10,中鋼構,鋼鐵工業,2000000000
2014 ,TSE,10,中鴻,鋼鐵工業,14355444460
2015 ,TSE,10,豐興,鋼鐵工業,5815994240
2017 ,TSE,10,官田鋼,鋼鐵工業,4468746910
2020 ,TSE,10,美亞,鋼鐵工業,2225261000
2022 ,TSE,10,聚亨,鋼鐵工業,3371681380
2023 ,TSE,10,燁輝,鋼鐵工業,19658439940
2024 ,TSE,10,志聯,鋼鐵工業,975000000
2025 ,TSE,10,千興,鋼鐵工業,2811672620
2027 ,TSE,10,大成鋼,鋼鐵工業,24342606150
2028 ,TSE,10,威致,鋼鐵工業,3257148000
2029 ,TSE,10,盛餘,鋼鐵工業,3211800000
2030 ,TSE,10,彰源,鋼鐵工業,2805260270
2031 ,TSE,10,新光鋼,鋼鐵工業,3211463410
2032 ,TSE,10,新鋼,鋼鐵工業,1305215450
2033 ,TSE,10,佳大,鋼鐵工業,806945360
2034 ,TSE,10,允強,鋼鐵工業,4475783290
2035 ,OTC,10,唐榮,鋼鐵工業,3500000000
2038 ,TSE,10,海光,鋼鐵工業,1903277480
2049 ,TSE,5,上銀,電機機械,3537922400
2059 ,TSE,28,川湖,電子零組件,952970720
2061 ,OTC,6,風青,電器電纜,471082900
2062 ,TSE,38,橋椿,居家生活,1999941520
2063 ,OTC,10,世鎧,鋼鐵工業,495995300
2064 ,OTC,10,晉椿,鋼鐵工業,696300000
2065 ,OTC,10,世豐,鋼鐵工業,524104710
2066 ,OTC,5,世德,電機機械,419316560
2067 ,OTC,5,嘉鋼,電機機械,451381770
2069 ,TSE,10,運錩,鋼鐵工業,1663868360
2070 ,OTC,5,精湛,電機機械,357828000
2073 ,OTC,10,雄順,鋼鐵工業,275000000
2101 ,TSE,11,南港,橡膠工業,8339349040
2102 ,TSE,11,泰豐,橡膠工業,4733292070
2103 ,TSE,11,台橡,橡膠工業,8257099780
2104 ,TSE,11,國際中橡,橡膠工業,9847336250
2105 ,TSE,11,正新,橡膠工業,32414155360
2106 ,TSE,11,建大,橡膠工業,9548900000
2107 ,TSE,11,厚生,橡膠工業,3035934000
2108 ,TSE,11,南帝,橡膠工業,4924166590
2109 ,TSE,11,華豐,橡膠工業,2793491340
2114 ,TSE,11,鑫永銓,橡膠工業,779917070
2115 ,TSE,12,六暉-KY,汽車工業,994030130
2201 ,TSE,12,裕隆,汽車工業,10700012510
2204 ,TSE,12,中華,汽車工業,5536203420
2206 ,TSE,12,三陽工業,汽車工業,7974896040
2207 ,TSE,12,和泰車,汽車工業,5571027680
2208 ,TSE,15,台船,航運業,9335145680
2211 ,TSE,10,長榮鋼,鋼鐵工業,4170914630
2221 ,OTC,20,大甲,其他,423250000
2227 ,TSE,12,裕日車,汽車工業,3000000000
2228 ,TSE,12,劍麟,汽車工業,757802810
2230 ,OTC,5,泰茂,電機機械,486090760
2231 ,TSE,12,為升,汽車工業,1409376080
2233 ,TSE,12,宇隆,汽車工業,602880890
2235 ,OTC,5,謚源,電機機械,358780000
2236 ,TSE,12,百達-KY,汽車工業,493533700
2239 ,TSE,12,英利-KY,汽車工業,1203371600
2241 ,TSE,12,艾姆勒,汽車工業,896023060
2243 ,TSE,12,宏旭-KY,汽車工業,693681620
2247 ,TSE,12,汎德永業,汽車工業,807087350
2250 ,TSE,12,IKKA-KY,汽車工業,293664080
2301 ,TSE,25,光寶科,電腦及週邊,23683522320
2302 ,TSE,24,麗正,半導體,1663028810
2303 ,TSE,24,聯電,半導體,1.25E+11
2305 ,TSE,25,全友,電腦及週邊,2056608270
2308 ,TSE,28,台達電,電子零組件,25975433290
2312 ,TSE,31,金寶,其他電子業,14985152110
2313 ,TSE,28,華通,電子零組件,11918205890
2314 ,TSE,27,台揚,通信網路業,2380283200
2316 ,TSE,28,楠梓電,電子零組件,1827405360
2317 ,TSE,31,鴻海,其他電子業,1.39E+11
2321 ,TSE,27,東訊,通信網路業,302719290
2323 ,TSE,26,中環,光電業,10893483280
2324 ,TSE,25,仁寶,電腦及週邊,44071466250
2327 ,TSE,28,國巨,電子零組件,4231455480
2328 ,TSE,28,廣宇,電子零組件,5183462820
2329 ,TSE,24,華泰,半導體,8255783330
2330 ,TSE,24,台積電,半導體,2.59E+11
2331 ,TSE,25,精英,電腦及週邊,5574029680
2332 ,TSE,27,友訊,通信網路業,6028364730
2337 ,TSE,24,旺宏,半導體,18558264410
2338 ,TSE,24,光罩,半導體,2564464750
2340 ,TSE,24,台亞,半導體,4386228460
2342 ,TSE,24,茂矽,半導體,1561567440
2344 ,TSE,24,華邦電,半導體,41800001930
2345 ,TSE,27,智邦,通信網路業,5601588970
2347 ,TSE,29,聯強,電子通路業,16679469680
2348 ,TSE,20,海悅,其他,1471081170
2349 ,TSE,26,錸德,光電業,6936796630
2351 ,TSE,24,順德,半導體,1821402490
2352 ,TSE,25,佳世達,電腦及週邊,19667819580
2353 ,TSE,25,宏碁,電腦及週邊,30478538280
2354 ,TSE,31,鴻準,其他電子業,14144851920
2355 ,TSE,28,敬鵬,電子零組件,3974954200
2356 ,TSE,25,英業達,電腦及週邊,35874750660
2357 ,TSE,25,華碩,電腦及週邊,7427602800
2358 ,TSE,20,廷鑫,其他,1366227720
2359 ,TSE,31,所羅門,其他電子業,1714710520
2360 ,TSE,31,致茂,其他電子業,4253644370
2362 ,TSE,25,藍天,電腦及週邊,6322630000
2363 ,TSE,24,矽統,半導體,7495893560
2364 ,TSE,25,倫飛,電腦及週邊,310002620
2365 ,TSE,25,昆盈,電腦及週邊,2215284960
2367 ,TSE,28,燿華,電子零組件,6694071750
2368 ,TSE,28,金像電,電子零組件,4918390570
2369 ,TSE,24,菱生,半導體,3801023440
2371 ,TSE,5,大同,電機機械,23395366850
2373 ,TSE,31,震旦行,其他電子業,2362025180
2374 ,TSE,26,佳能,光電業,2875463120
2375 ,TSE,28,凱美,電子零組件,1086753340
2376 ,TSE,25,技嘉,電腦及週邊,6356888860
2377 ,TSE,25,微星,電腦及週邊,8448561990
2379 ,TSE,24,瑞昱,半導體,5128636410
2380 ,TSE,25,虹光,電腦及週邊,2169340840
2382 ,TSE,25,廣達,電腦及週邊,38626274320
2383 ,TSE,28,台光電,電子零組件,3416111330
2385 ,TSE,28,群光,電子零組件,7600531720
2387 ,TSE,25,精元,電腦及週邊,1952510510
2388 ,TSE,24,威盛,半導體,4991226910
2390 ,TSE,31,云辰,其他電子業,1926194420
2392 ,TSE,28,正崴,電子零組件,5123269400
2393 ,TSE,26,億光,光電業,4433930860
2395 ,TSE,25,研華,電腦及週邊,8577794880
2397 ,TSE,25,友通,電腦及週邊,1144888570
2399 ,TSE,25,映泰,電腦及週邊,1781000000
2401 ,TSE,24,凌陽,半導體,5919949190
2402 ,TSE,28,毅嘉,電子零組件,3075365330
2404 ,TSE,31,漢唐,其他電子業,1905866980
2405 ,TSE,25,輔信,電腦及週邊,3434273030
2406 ,TSE,26,國碩,光電業,3509056890
2408 ,TSE,24,南亞科,半導體,30980818940
2409 ,TSE,26,友達,光電業,76993960920
2412 ,TSE,27,中華電,通信網路業,77574465450
2413 ,TSE,28,環科,電子零組件,1273592000
2414 ,TSE,29,精技,電子通路業,1617358460
2415 ,TSE,28,錩新,電子零組件,900000000
2417 ,TSE,25,圓剛,電腦及週邊,1580688640
2419 ,TSE,27,仲琦,通信網路業,3213172290
2420 ,TSE,28,新巨,電子零組件,1526486880
2421 ,TSE,28,建準,電子零組件,2725243580
2423 ,TSE,31,固緯,其他電子業,1450472890
2424 ,TSE,27,隴華,通信網路業,510250000
2425 ,TSE,25,承啟,電腦及週邊,964988310
2426 ,TSE,26,鼎元,光電業,3006222520
2427 ,TSE,30,三商電,資訊服務業,1843144630
2428 ,TSE,28,興勤,電子零組件,1281127260
2429 ,TSE,26,銘旺科,光電業,437482000
2430 ,TSE,29,燦坤,電子通路業,1168000000
2431 ,TSE,28,聯昌,電子零組件,1109270140
2433 ,TSE,31,互盛電,其他電子業,1444960110
2434 ,TSE,24,統懋,半導體,370000000
2436 ,TSE,24,偉詮電,半導體,1780099610
2438 ,TSE,26,翔耀,光電業,601956410
2439 ,TSE,27,美律,通信網路業,2193872420
2440 ,TSE,28,太空梭,電子零組件,1391172710
2441 ,TSE,24,超豐,半導體,5688459210
2442 ,TSE,14,新美齊,建材營造,2562888480
2443 ,TSE,20,昶虹,其他,1456870000
2444 ,TSE,27,兆勁,通信網路業,1015695730
2449 ,TSE,24,京元電子,半導體,12227450650
2450 ,TSE,27,神腦,通信網路業,2582526570
2451 ,TSE,24,創見,半導體,4290616750
2453 ,TSE,30,凌群,資訊服務業,1000000000
2454 ,TSE,24,聯發科,半導體,15996680580
2455 ,TSE,27,全新,通信網路業,1849059180
2457 ,TSE,28,飛宏,電子零組件,4312084160
2458 ,TSE,24,義隆,半導體,3038803920
2459 ,TSE,31,敦吉,其他電子業,1055956150
2460 ,TSE,28,建通,電子零組件,1692000000
2461 ,TSE,31,光群雷,其他電子業,1693030340
2462 ,TSE,28,良得電,電子零組件,1461521340
2464 ,TSE,31,盟立,其他電子業,1955312260
2465 ,TSE,25,麗臺,電腦及週邊,839460310
2466 ,TSE,26,冠西電,光電業,1714586970
2467 ,TSE,28,志聖,電子零組件,1567553480
2468 ,TSE,30,華經,資訊服務業,699612490
2471 ,TSE,30,資通,資訊服務業,472538900
2472 ,TSE,28,立隆電,電子零組件,1647351370
2474 ,TSE,31,可成,其他電子業,6803640680
2476 ,TSE,28,鉅祥,電子零組件,1906542980
2477 ,TSE,31,美隆電,其他電子業,1585732440
2478 ,TSE,28,大毅,電子零組件,1447313390
2480 ,TSE,30,敦陽科,資訊服務業,1063602910
2481 ,TSE,24,強茂,半導體,3821149270
2482 ,TSE,31,連宇,其他電子業,778827110
2483 ,TSE,28,百容,電子零組件,1090938070
2484 ,TSE,28,希華,電子零組件,1594210220
2485 ,TSE,27,兆赫,通信網路業,3176890370
2486 ,TSE,26,一詮,光電業,2219585790
2488 ,TSE,31,漢平,其他電子業,799994330
2489 ,TSE,26,瑞軒,光電業,7401000000
2491 ,TSE,26,吉祥全,光電業,820080000
2492 ,TSE,28,華新科,電子零組件,4858042990
2493 ,TSE,28,揚博,電子零組件,1144373900
2495 ,TSE,25,普安,電腦及週邊,2735515380
2496 ,TSE,20,卓越,其他,191004400
2497 ,TSE,12,怡利電,汽車工業,1227984630
2498 ,TSE,27,宏達電,通信網路業,8316424860
2501 ,TSE,14,國建,建材營造,11595610590
2504 ,TSE,14,國產,建材營造,11800000000
2505 ,TSE,14,國揚,建材營造,3800000000
2506 ,TSE,14,太設,建材營造,3870000000
2509 ,TSE,14,全坤建,建材營造,2245505300
2511 ,TSE,14,太子,建材營造,16233261470
2514 ,TSE,20,龍邦,其他,3947292780
2515 ,TSE,14,中工,建材營造,15308998220
2516 ,TSE,14,新建,建材營造,2262784570
2520 ,TSE,14,冠德,建材營造,5541701000
2524 ,TSE,14,京城,建材營造,3694196000
2527 ,TSE,14,宏璟,建材營造,2703060000
2528 ,TSE,14,皇普,建材營造,3799974090
2530 ,TSE,14,華建,建材營造,8399880000
2534 ,TSE,14,宏盛,建材營造,4742279700
2535 ,TSE,14,達欣工,建材營造,2707939670
2536 ,TSE,14,宏普,建材營造,3328086520
2537 ,TSE,14,聯上發,建材營造,3005577950
2538 ,TSE,14,基泰,建材營造,4384487640
2539 ,TSE,14,櫻花建,建材營造,8571139240
2540 ,TSE,14,愛山林,建材營造,3916066500
2542 ,TSE,14,興富發,建材營造,18841415910
2543 ,TSE,14,皇昌,建材營造,2374837880
2545 ,TSE,14,皇翔,建材營造,3277348080
2546 ,TSE,14,根基,建材營造,1207215990
2547 ,TSE,14,日勝生,建材營造,8800946490
2548 ,TSE,14,華固,建材營造,2768127260
2596 ,OTC,14,綠意,建材營造,1000000000
2597 ,TSE,14,潤弘,建材營造,1849500000
2601 ,TSE,18,益航,貿易百貨,8247760670
2603 ,TSE,15,長榮,航運業,21164200820
2605 ,TSE,15,新興,航運業,5853532970
2606 ,TSE,15,裕民,航運業,8450557120
2607 ,TSE,15,榮運,航運業,10671410940
2608 ,TSE,15,嘉里大榮,航運業,4670004980
2609 ,TSE,15,陽明,航運業,34921042700
2610 ,TSE,15,華航,航運業,60511129670
2611 ,TSE,15,志信,航運業,1890022720
2612 ,TSE,15,中航,航運業,1974845930
2613 ,TSE,15,中櫃,航運業,1484234580
2614 ,TSE,20,東森,其他,3002430700
2615 ,TSE,15,萬海,航運業,28061462930
2616 ,TSE,23,山隆,油電燃氣業,1372818270
2617 ,TSE,15,台航,航運業,4172944870
2618 ,TSE,15,長榮航,航運業,54000580920
2630 ,TSE,15,亞航,航運業,2471335690
2633 ,TSE,15,台灣高鐵,航運業,56282930580
2634 ,TSE,15,漢翔,航運業,9418671010
2636 ,TSE,15,台驊投控,航運業,1433912300
2637 ,TSE,15,慧洋-KY,航運業,7464091990
2640 ,OTC,36,大車隊,數位雲端,592649560
2641 ,OTC,15,正德,航運業,2700305110
2642 ,TSE,15,宅配通,航運業,954670000
2643 ,OTC,15,捷迅,航運業,350000000
2645 ,TSE,15,長榮航太,航運業,3745709620
2701 ,TSE,16,萬企,觀光餐旅,4499678380
2702 ,TSE,16,華園,觀光餐旅,1566132490
2704 ,TSE,16,國賓,觀光餐旅,3669233430
2705 ,TSE,16,六福,觀光餐旅,1913128300
2706 ,TSE,16,第一店,觀光餐旅,4999983460
2707 ,TSE,16,晶華,觀光餐旅,1274032380
2712 ,TSE,16,遠雄來,觀光餐旅,1050000000
2718 ,OTC,14,晶悅,建材營造,875760000
2719 ,OTC,16,燦星旅,觀光餐旅,687421000
2722 ,TSE,16,夏都,觀光餐旅,1182143380
2723 ,TSE,16,美食-KY,觀光餐旅,1800000000
2724 ,OTC,16,富驛-KY,觀光餐旅,596563450
2726 ,OTC,16,雅茗-KY,觀光餐旅,357852160
2727 ,TSE,16,王品,觀光餐旅,844511090
2729 ,OTC,16,瓦城,觀光餐旅,359438940
2731 ,TSE,16,雄獅,觀光餐旅,932279680
2732 ,OTC,16,六角,觀光餐旅,464720700
2734 ,OTC,16,易飛網,觀光餐旅,422597600
2736 ,OTC,16,富野,觀光餐旅,499722300
2739 ,TSE,16,寒舍,觀光餐旅,1015260000
2740 ,OTC,16,天蔥,觀光餐旅,231854840
2743 ,OTC,16,山富,觀光餐旅,360117000
2745 ,OTC,16,五福,觀光餐旅,338085260
2748 ,TSE,16,雲品,觀光餐旅,1057787400
2752 ,OTC,16,豆府,觀光餐旅,262673820
2753 ,TSE,16,八方雲集,觀光餐旅,664198000
2754 ,OTC,16,亞洲藏壽司,觀光餐旅,467190000
2755 ,OTC,16,揚秦,觀光餐旅,301400000
2756 ,OTC,16,聯發國際,觀光餐旅,245428200
2801 ,TSE,17,彰銀,金融業,1.09E+11
2809 ,TSE,17,京城銀,金融業,11112342650
2812 ,TSE,17,台中銀,金融業,52260953430
2816 ,TSE,17,旺旺保,金融業,2236080000
2820 ,TSE,17,華票,金融業,13429600000
2832 ,TSE,17,台產,金融業,3622004000
2834 ,TSE,17,臺企銀,金融業,82224061660
2836 ,TSE,17,高雄銀,金融業,12742982240
2838 ,TSE,17,聯邦銀,金融業,39789525020
2845 ,TSE,17,遠東銀,金融業,40694838550
2849 ,TSE,17,安泰銀,金融業,19576093490
2850 ,TSE,17,新產,金融業,3159633000
2851 ,TSE,17,中再保,金融業,8003887500
2852 ,TSE,17,第一保,金融業,3011637840
2855 ,TSE,17,統一證,金融業,14558313430
2867 ,TSE,17,三商壽,金融業,45995010440
2880 ,TSE,17,華南金,金融業,1.36E+11
2881 ,TSE,17,富邦金,金融業,1.46E+11
2882 ,TSE,17,國泰金,金融業,1.62E+11
2883 ,TSE,17,開發金,金融業,1.84E+11
2884 ,TSE,17,玉山金,金融業,1.57E+11
2885 ,TSE,17,元大金,金融業,1.27E+11
2886 ,TSE,17,兆豐金,金融業,1.41E+11
2887 ,TSE,17,台新金,金融業,1.36E+11
2888 ,TSE,17,新光金,金融業,1.58E+11
2889 ,TSE,17,國票金,金融業,34473839830
2890 ,TSE,17,永豐金,金融業,1.24E+11
2891 ,TSE,17,中信金,金融業,2.01E+11
2892 ,TSE,17,第一金,金融業,1.36E+11
2897 ,TSE,17,王道銀行,金融業,30330063010
2901 ,TSE,18,欣欣,貿易百貨,730433000
2903 ,TSE,18,遠百,貿易百貨,14169405890
2904 ,TSE,20,匯僑,其他,778344320
2905 ,TSE,18,三商,貿易百貨,11224957030
2906 ,TSE,18,高林,貿易百貨,2091110930
2908 ,TSE,18,特力,貿易百貨,5098875580
2910 ,TSE,18,統領,貿易百貨,1754030000
2911 ,TSE,18,麗嬰房,貿易百貨,1946777750
2912 ,TSE,18,統一超,貿易百貨,10396222550
2913 ,TSE,18,農林,貿易百貨,7900000000
2915 ,TSE,18,潤泰全,貿易百貨,11043187720
2916 ,OTC,38,滿心,居家生活,546268780
2923 ,TSE,14,鼎固-KY,建材營造,17402969820
2924 ,OTC,38,宏太-KY,居家生活,328051740
2926 ,OTC,32,誠品生活,文化創意業,473896500
2929 ,TSE,18,淘帝-KY,貿易百貨,1094938380
2937 ,OTC,38,集雅社,居家生活,395836140
2939 ,TSE,18,凱羿-KY,貿易百貨,455486650
2945 ,TSE,18,三商家購,貿易百貨,674999580
2947 ,OTC,38,振宇五金,居家生活,192686000
3002 ,TSE,25,歐格,電腦及週邊,1020000000
3003 ,TSE,28,健和興,電子零組件,1556548900
3004 ,TSE,10,豐達科,鋼鐵工業,538021550
3005 ,TSE,25,神基,電腦及週邊,6092074000
3006 ,TSE,24,晶豪科,半導體,2861710700
3008 ,TSE,26,大立光,光電業,1334681970
3010 ,TSE,29,華立,電子通路業,2360202810
3011 ,TSE,28,今皓,電子零組件,1127192510
3013 ,TSE,25,晟銘電,電腦及週邊,1959350180
3014 ,TSE,24,聯陽,半導體,1610801240
3015 ,TSE,28,全漢,電子零組件,1872619500
3016 ,TSE,24,嘉晶,半導體,2885393690
3017 ,TSE,25,奇鋐,電腦及週邊,3833101570
3018 ,TSE,31,隆銘綠能,其他電子業,781471320
3019 ,TSE,26,亞光,光電業,2792439010
3021 ,TSE,28,鴻名,電子零組件,958900000
3022 ,TSE,25,威強電,電腦及週邊,1765977900
3023 ,TSE,28,信邦,電子零組件,2400331590
3024 ,TSE,26,憶聲,光電業,2771574960
3025 ,TSE,27,星通,通信網路業,709205500
3026 ,TSE,28,禾伸堂,電子零組件,1658903180
3027 ,TSE,27,盛達,通信網路業,1149773110
3028 ,TSE,29,增你強,電子通路業,2282387990
3029 ,TSE,30,零壹,資訊服務業,1542737120
3030 ,TSE,31,德律,其他電子業,2362160000
3031 ,TSE,26,佰鴻,光電業,1732032240
3032 ,TSE,28,偉訓,電子零組件,1132856260
3033 ,TSE,29,威健,電子通路業,4280714950
3034 ,TSE,24,聯詠,半導體,6085114690
3035 ,TSE,24,智原,半導體,2485503130
3036 ,TSE,29,文曄,電子通路業,10223621510
3037 ,TSE,28,欣興,電子零組件,15251301970
3038 ,TSE,26,全台,光電業,1574076030
3040 ,TSE,20,遠見,其他,630000000
3041 ,TSE,24,揚智,半導體,1939617460
3042 ,TSE,28,晶技,電子零組件,3097570400
3043 ,TSE,31,科風,其他電子業,389756340
3044 ,TSE,28,健鼎,電子零組件,5256058980
3045 ,TSE,27,台灣大,通信網路業,35192336030
3046 ,TSE,25,建碁,電腦及週邊,784480130
3047 ,TSE,27,訊舟,通信網路業,2129389250
3048 ,TSE,29,益登,電子通路業,2698297940
3049 ,TSE,26,精金,光電業,8050475290
3050 ,TSE,26,鈺德,光電業,1459844500
3051 ,TSE,26,力特,光電業,1700000000
3052 ,TSE,14,夆典,建材營造,2306723250
3054 ,TSE,2,立萬利,食品工業,834110410
3055 ,TSE,29,蔚華科,電子通路業,1187419180
3056 ,TSE,14,富華新,建材營造,3422756780
3057 ,TSE,25,喬鼎,電腦及週邊,926786680
3058 ,TSE,28,立德,電子零組件,1663627790
3059 ,TSE,26,華晶科,光電業,2788000250
3060 ,TSE,25,銘異,電腦及週邊,1375631900
3062 ,TSE,27,建漢,通信網路業,3302254180
3064 ,OTC,32,泰偉,文化創意業,433715020
3066 ,OTC,26,李洲,光電業,830706120
3067 ,OTC,31,全域,其他電子業,200000000
3071 ,OTC,25,協禧,電腦及週邊,1100000000
3073 ,OTC,35,天方能源,綠能環保,320995560
3078 ,OTC,28,僑威,電子零組件,2273910640
3081 ,OTC,27,聯亞,通信網路業,918616770
3083 ,OTC,32,網龍,文化創意業,864361080
3085 ,OTC,36,新零售,數位雲端,290192880
3086 ,OTC,32,華義,文化創意業,236112990
3088 ,OTC,25,艾訊,電腦及週邊,1014234320
3089 ,OTC,28,億杰,電子零組件,651133140
3090 ,TSE,28,日電貿,電子零組件,2126571500
3092 ,TSE,28,鴻碩,電子零組件,1065520300
3093 ,OTC,31,港建*,其他電子業,362888940
3094 ,TSE,24,聯傑,半導體,831170890
3095 ,OTC,27,及成,通信網路業,130000000
3105 ,OTC,24,穩懋,半導體,4239403840
3114 ,OTC,28,好德,電子零組件,651297920
3115 ,OTC,28,富榮綱,電子零組件,436976000
3118 ,OTC,22,進階,生技醫療,324528600
3122 ,OTC,24,笙泉,半導體,396089340
3128 ,OTC,26,昇銳,光電業,420000000
3130 ,TSE,36,一零四,數位雲端,331907000
3131 ,OTC,31,弘塑,其他電子業,292160150
3138 ,TSE,27,耀登,通信網路業,468003630
3141 ,OTC,24,晶宏,半導體,751055280
3147 ,OTC,30,大綜,資訊服務業,390060990
3149 ,TSE,26,正達,光電業,1443296040
3152 ,OTC,27,璟德,通信網路業,690162000
3162 ,OTC,5,精確,電機機械,1306344420
3163 ,OTC,27,波若威,通信網路業,802132610
3164 ,TSE,22,景岳,生技醫療,865113640
3167 ,TSE,5,大量,電機機械,825381400
3169 ,OTC,24,亞信,半導體,627769810
3171 ,OTC,38,新洲,居家生活,684887880
3176 ,OTC,22,基亞,生技醫療,1393462550
3178 ,OTC,24,公準,半導體,450500000
3188 ,OTC,14,鑫龍騰,建材營造,1863098760
3189 ,TSE,24,景碩,半導體,4544745600
3191 ,OTC,28,雲嘉南科技,電子零組件,871947610
3202 ,OTC,28,樺晟,電子零組件,1220448700
3205 ,OTC,22,佰研,生技醫療,325456310
3206 ,OTC,28,志豐,電子零組件,589166210
3207 ,OTC,28,耀勝,電子零組件,607703410
3209 ,TSE,29,全科,電子通路業,2310809810
3211 ,OTC,25,順達,電腦及週邊,1506500210
3213 ,OTC,25,茂訊,電腦及週邊,586855470
3217 ,OTC,28,優群,電子零組件,901042030
3218 ,OTC,22,大學光,生技醫療,847248990
3219 ,OTC,31,倚強科,其他電子業,704285080
3221 ,OTC,27,台嘉碩,通信網路業,1040294100
3224 ,OTC,29,三顧,電子通路業,681726480
3226 ,OTC,5,至寶電,電機機械,644305730
3227 ,OTC,24,原相,半導體,1461013630
3228 ,OTC,24,金麗科,半導體,698264950
3229 ,TSE,28,晟鈦,電子零組件,642630000
3230 ,OTC,26,錦明,光電業,710109000
3231 ,TSE,25,緯創,電腦及週邊,28998060500
3232 ,OTC,29,昱捷,電子通路業,465678650
3234 ,OTC,27,光環,通信網路業,964746920
3236 ,OTC,28,千如,電子零組件,1050006130
3252 ,OTC,16,海灣,觀光餐旅,501957540
3257 ,TSE,24,虹冠電,半導體,799865900
3259 ,OTC,24,鑫創,半導體,497659340
3260 ,OTC,24,威剛,半導體,2934651780
3264 ,OTC,24,欣銓,半導體,4901700760
3265 ,OTC,24,台星科,半導體,1362616590
3266 ,TSE,14,昇陽,建材營造,3523143090
3268 ,OTC,24,海德威,半導體,334262720
3272 ,OTC,25,東碩,電腦及週邊,611680180
3276 ,OTC,28,宇環,電子零組件,697126660
3284 ,OTC,20,太普高,其他,888414080
3285 ,OTC,31,微端,其他電子業,427353240
3287 ,OTC,25,廣寰科,電腦及週邊,439704830
3288 ,OTC,28,點晶,電子零組件,150000000
3289 ,OTC,31,宜特,其他電子業,755409210
3290 ,OTC,28,東浦,電子零組件,1075785160
3293 ,OTC,32,鈊象,文化創意業,1409007800
3294 ,OTC,28,英濟,電子零組件,1320159190
3296 ,TSE,28,勝德,電子零組件,967244500
3297 ,OTC,26,杭特,光電業,360494450
3303 ,OTC,31,岱稜,其他電子業,940906070
3305 ,TSE,31,昇貿,其他電子業,1342374740
3306 ,OTC,27,鼎天,通信網路業,506077020
3308 ,TSE,28,聯德,電子零組件,706840260
3310 ,OTC,28,佳穎,電子零組件,594682410
3311 ,TSE,27,閎暉,通信網路業,680000000
3312 ,TSE,29,弘憶股,電子通路業,1626254550
3313 ,OTC,20,斐成,其他,1687707760
3317 ,OTC,24,尼克森,半導體,710517980
3321 ,TSE,28,同泰,電子零組件,671597930
3322 ,OTC,28,建舜電,電子零組件,1075065370
3323 ,OTC,25,加百裕,電腦及週邊,883059140
3324 ,OTC,31,雙鴻,其他電子業,884182410
3325 ,OTC,25,旭品,電腦及週邊,846511810
3332 ,OTC,28,幸康,電子零組件,481042460
3338 ,TSE,28,泰碩,電子零組件,879081410
3339 ,OTC,26,泰谷,光電業,516312760
3346 ,TSE,12,麗清,汽車工業,1135217270
3349 ,OTC,25,寶德,電腦及週邊,400716480
3354 ,OTC,28,律勝,電子零組件,701124260
3356 ,TSE,26,奇偶,光電業,898221030
3357 ,OTC,28,臺慶科,電子零組件,1020340000
3360 ,OTC,29,尚立,電子通路業,764022440
3362 ,OTC,26,先進光,光電業,1424598800
3363 ,OTC,27,上詮,通信網路業,986405870
3372 ,OTC,24,典範,半導體,1753400000
3373 ,OTC,31,熱映,其他電子業,432898010
3374 ,OTC,24,精材,半導體,2713643160
3376 ,TSE,28,新日興,電子零組件,1877483460
3379 ,OTC,5,彬台,電機機械,380417480
3380 ,TSE,27,明泰,通信網路業,5417184600
3388 ,OTC,28,崇越電,電子零組件,740623580
3390 ,OTC,28,旭軟,電子零組件,686550590
3402 ,OTC,31,漢科,其他電子業,730476920
3406 ,TSE,26,玉晶光,光電業,1127430630
3413 ,TSE,24,京鼎,半導體,971869300
3416 ,TSE,25,融程電,電腦及週邊,782048180
3419 ,TSE,27,譁裕,通信網路業,1204804170
3426 ,OTC,5,台興,電機機械,264000000
3430 ,OTC,21,奇鈦科,化學工業,337160850
3432 ,TSE,28,台端,電子零組件,665860000
3434 ,OTC,26,哲固,光電業,270800000
3437 ,TSE,26,榮創,光電業,1445480000
3438 ,OTC,24,類比科,半導體,471658150
3441 ,OTC,26,聯一光,光電業,400399200
3443 ,TSE,24,創意,半導體,1340119110
3444 ,OTC,29,利機,電子通路業,441145860
3447 ,TSE,27,展達,通信網路業,768721200
3450 ,TSE,24,聯鈞,半導體,1456813820
3454 ,TSE,26,晶睿,光電業,865678930
3455 ,OTC,26,由田,光電業,598507500
3465 ,OTC,28,進泰電子,電子零組件,353298620
3466 ,OTC,27,德晉,通信網路業,612005730
3479 ,OTC,25,安勤,電腦及週邊,722311640
3481 ,TSE,26,群創,光電業,90786333380
3483 ,OTC,25,力致,電腦及週邊,824324840
3484 ,OTC,28,崧騰,電子零組件,755365570
3489 ,OTC,14,森寶,建材營造,831306700
3490 ,OTC,26,單井,光電業,550064350
3491 ,OTC,27,昇達科,通信網路業,629042620
3492 ,OTC,28,長盛,電子零組件,355316000
3494 ,TSE,25,誠研,電腦及週邊,1440000000
3498 ,OTC,31,陽程,其他電子業,628730080
3499 ,OTC,27,環天科,通信網路業,549705960
3501 ,TSE,28,維熹,電子零組件,1182579270
3504 ,TSE,26,揚明光,光電業,1140597850
3508 ,OTC,31,位速,其他電子業,1043117370
3511 ,OTC,28,矽瑪,電子零組件,799729450
3512 ,OTC,14,皇龍,建材營造,840030030
3515 ,TSE,25,華擎,電腦及週邊,1219804290
3516 ,OTC,26,亞帝歐,光電業,526138250
3518 ,TSE,31,柏騰,其他電子業,840422300
3520 ,OTC,28,華盈,電子零組件,688467780
3521 ,OTC,25,鴻翊,電腦及週邊,782655520
3522 ,OTC,16,御頂,觀光餐旅,625250000
3523 ,OTC,26,迎輝,光電業,642578680
3526 ,OTC,28,凡甲,電子零組件,590882390
3527 ,OTC,24,聚積,半導體,444451250
3528 ,TSE,29,安馳,電子通路業,663659660
3529 ,OTC,24,力旺,半導體,762091920
3530 ,TSE,24,晶相光,半導體,784559000
3531 ,OTC,26,先益,光電業,611750110
3532 ,TSE,24,台勝科,半導體,3878483000
3533 ,TSE,28,嘉澤,電子零組件,1113298130
3535 ,TSE,26,晶彩科,光電業,790523560
3537 ,OTC,28,堡達,電子零組件,535647420
3540 ,OTC,25,曜越,電腦及週邊,730665480
3541 ,OTC,31,西柏,其他電子業,567871420
3543 ,TSE,26,州巧,光電業,892631500
3545 ,TSE,24,敦泰,半導體,2160868490
3546 ,OTC,32,宇峻,文化創意業,505864260
3548 ,OTC,28,兆利,電子零組件,648152890
3550 ,TSE,28,聯穎,電子零組件,875500000
3551 ,OTC,35,世禾,綠能環保,567748900
3552 ,OTC,31,同致,其他電子業,855929490
3555 ,OTC,24,博士旺,半導體,257627970
3556 ,OTC,24,禾瑞亞,半導體,637028440
3557 ,TSE,38,嘉威,居家生活,803004150
3558 ,OTC,27,神準,通信網路業,490608810
3563 ,TSE,26,牧德,光電業,581462340
3564 ,OTC,27,其陽,通信網路業,591231000
3567 ,OTC,24,逸昌,半導體,339540000
3570 ,OTC,30,大塚,資訊服務業,170970000
3576 ,TSE,26,聯合再生,光電業,16277953750
3577 ,OTC,25,泓格,電腦及週邊,639656530
3580 ,OTC,31,友威科,其他電子業,394706570
3581 ,OTC,24,博磊,半導體,510060000
3583 ,TSE,24,辛耘,半導體,803280000
3587 ,OTC,31,閎康,其他電子業,663131570
3588 ,TSE,24,通嘉,半導體,584978430
3591 ,TSE,26,艾笛森,光電業,1442329500
3592 ,TSE,24,瑞鼎,半導體,758552260
3593 ,TSE,28,力銘,電子零組件,930424160
3594 ,OTC,25,磐儀,電腦及週邊,954393580
3596 ,TSE,27,智易,通信網路業,2203543210
3597 ,OTC,28,映興,電子零組件,391498260
3605 ,TSE,28,宏致,電子零組件,1344177090
3607 ,TSE,28,谷崧,電子零組件,1216622390
3609 ,OTC,28,三一東林,電子零組件,352793870
3611 ,OTC,25,鼎翰,電腦及週邊,471071340
3615 ,OTC,26,安可,光電業,684669760
3617 ,TSE,31,碩天,其他電子業,884667360
3622 ,TSE,26,洋華,光電業,1513276000
3623 ,OTC,26,富晶通,光電業,291859460
3624 ,OTC,28,光頡,電子零組件,1173408420
3625 ,OTC,25,西勝,電腦及週邊,1141313820
3628 ,OTC,31,盈正,其他電子業,450000000
3629 ,OTC,32,地心引力,文化創意業,329547820
3630 ,OTC,26,新鉅科,光電業,1841918480
3631 ,OTC,28,晟楠,電子零組件,818209090
3632 ,OTC,27,研勤,通信網路業,408897380
3645 ,TSE,28,達邁,電子零組件,1322052940
3646 ,OTC,28,艾恩特,電子零組件,392973710
3652 ,TSE,25,精聯,電腦及週邊,750975000
3653 ,TSE,28,健策,電子零組件,1408168300
3661 ,TSE,24,世芯-KY,半導體,740966850
3663 ,OTC,31,鑫科,其他電子業,735012930
3664 ,OTC,27,安瑞-KY,通信網路業,584228570
3665 ,TSE,31,貿聯-KY,其他電子業,1633090910
3666 ,OTC,26,光耀,光電業,587016000
3669 ,TSE,27,圓展,通信網路業,929199500
3672 ,OTC,27,康聯訊,通信網路業,317903750
3673 ,TSE,26,TPK-KY,光電業,4066637590
3675 ,OTC,24,德微,半導體,502039230
3679 ,TSE,28,新至陞,電子零組件,630482290
3680 ,OTC,24,家登,半導體,942972320
3682 ,TSE,27,亞太電,通信網路業,43171963990
3684 ,OTC,27,榮昌,通信網路業,300016740
3685 ,OTC,5,元創精密,電機機械,795740000
3686 ,TSE,24,達能,半導體,764951180
3687 ,OTC,36,歐買尬,數位雲端,300595720
3689 ,OTC,28,湧德,電子零組件,784837290
3691 ,OTC,26,碩禾,光電業,918834200
3693 ,OTC,25,營邦,電腦及週邊,384906940
3694 ,TSE,27,海華,通信網路業,1526304080
3701 ,TSE,25,大眾控,電腦及週邊,2294207890
3702 ,TSE,29,大聯大,電子通路業,18790568330
3703 ,TSE,14,欣陸,建材營造,8232159800
3704 ,TSE,27,合勤控,通信網路業,4062834700
3705 ,TSE,22,永信,生技醫療,2664229830
3706 ,TSE,25,神達,電腦及週邊,12065567890
3707 ,OTC,24,漢磊,半導體,3332157470
3708 ,TSE,35,上緯投控,綠能環保,985601260
3709 ,OTC,25,鑫聯大投控,電腦及週邊,1005694500
3710 ,OTC,28,連展投控,電子零組件,2872507340
3711 ,TSE,24,日月光投控,半導體,43801991870
3712 ,TSE,25,永崴投控,電腦及週邊,2462421460
3713 ,OTC,35,新晶投控,綠能環保,780900000
3714 ,TSE,26,富采,光電業,7547839600
3715 ,TSE,28,定穎投控,電子零組件,2776745840
4102 ,OTC,22,永日,生技醫療,423734430
4104 ,TSE,22,佳醫,生技醫療,1556167400
4105 ,OTC,22,東洋,生技醫療,2486499590
4106 ,TSE,22,雃博,生技醫療,1009115570
4107 ,OTC,22,邦特,生技醫療,692983360
4108 ,TSE,22,懷特,生技醫療,1986188790
4109 ,OTC,22,加捷生醫,生技醫療,889366810
4111 ,OTC,22,濟生,生技醫療,569829850
4113 ,OTC,14,聯上,建材營造,2111381370
4114 ,OTC,22,健喬,生技醫療,4014148970
4116 ,OTC,22,明基醫,生技醫療,445660000
4119 ,TSE,22,旭富,生技醫療,1195086340
4120 ,OTC,22,友華,生技醫療,867471190
4121 ,OTC,22,優盛,生技醫療,849291450
4123 ,OTC,22,晟德,生技醫療,6914211400
4126 ,OTC,22,太醫,生技醫療,726000000
4127 ,OTC,22,天良,生技醫療,457600000
4128 ,OTC,22,中天,生技醫療,5601624740
4129 ,OTC,22,聯合,生技醫療,884447590
4130 ,OTC,22,健亞,生技醫療,1093758510
4131 ,OTC,22,浩泰,生技醫療,390000000
4133 ,TSE,22,亞諾法,生技醫療,605535940
4137 ,TSE,22,麗豐-KY,生技醫療,794923500
4138 ,OTC,22,曜亞,生技醫療,330000000
4139 ,OTC,22,馬光-KY,生技醫療,425499110
4142 ,TSE,22,國光生,生技醫療,4295077500
4147 ,OTC,22,中裕,生技醫療,2529985300
4148 ,TSE,22,全宇生技-KY,生技醫療,640340010
4153 ,OTC,22,鈺緯,生技醫療,617590890
4154 ,OTC,20,樂威科-KY,其他,357200000
4155 ,TSE,22,訊映,生技醫療,1425598620
4157 ,OTC,22,太景*-KY,生技醫療,716844
4160 ,OTC,22,訊聯基因,生技醫療,254049250
4161 ,OTC,22,聿新科,生技醫療,537198890
4162 ,OTC,22,智擎,生技醫療,1456788400
4163 ,OTC,22,鐿鈦,生技醫療,482901430
4164 ,TSE,22,承業醫,生技醫療,1660502910
4167 ,OTC,22,松瑞藥,生技醫療,3173891070
4168 ,OTC,22,醣聯,生技醫療,1086431330
4171 ,OTC,33,瑞基,農業科技,574574690
4173 ,OTC,22,久裕,生技醫療,745743550
4174 ,OTC,22,浩鼎,生技醫療,2294393740
4175 ,OTC,22,杏一,生技醫療,422485260
4183 ,OTC,22,福永生技,生技醫療,238000000
4188 ,OTC,22,安克,生技醫療,532564000
4190 ,TSE,22,佐登-KY,生技醫療,614775170
4192 ,OTC,22,杏國,生技醫療,351645000
4198 ,OTC,22,欣大健康,生技醫療,241080000
4205 ,OTC,2,中華食,食品工業,887720260
4207 ,OTC,2,環泰,食品工業,1873000080
4303 ,OTC,3,信立,塑膠工業,675000000
4304 ,OTC,3,勝昱,塑膠工業,360380650
4305 ,OTC,3,世坤,塑膠工業,550140000
4306 ,TSE,3,炎洲,塑膠工業,6582467040
4401 ,OTC,4,東隆興,紡織纖維,1226920120
4402 ,OTC,4,福大,紡織纖維,459918300
4406 ,OTC,4,新昕纖,紡織纖維,519120000
4413 ,OTC,4,飛寶企業,紡織纖維,313146890
4414 ,TSE,4,如興,紡織纖維,8456149490
4416 ,OTC,14,三圓,建材營造,620238700
4417 ,OTC,4,金洲,紡織纖維,839713990
4419 ,OTC,4,元勝,紡織纖維,381631330
4420 ,OTC,4,光明,紡織纖維,404550000
4426 ,TSE,4,利勤,紡織纖維,1726771980
4430 ,OTC,20,耀億,其他,562736090
4432 ,OTC,4,銘旺實,紡織纖維,505890000
4433 ,OTC,4,興采,紡織纖維,612997740
4438 ,TSE,4,廣越,紡織纖維,1034254550
4439 ,TSE,4,冠星-KY,紡織纖維,382938000
4440 ,TSE,4,宜新實業,紡織纖維,675980000
4502 ,OTC,5,健信,電機機械,581116860
4503 ,OTC,5,金雨,電機機械,603133260
4506 ,OTC,5,崇友,電機機械,1770120000
4510 ,OTC,5,高鋒,電機機械,1080106890
4513 ,OTC,5,福裕,電機機械,768803000
4523 ,OTC,5,永彰,電機機械,640000000
4526 ,TSE,5,東台,電機機械,2548264610
4527 ,OTC,5,方方土霖,電機機械,761523700
4528 ,OTC,5,江興鍛,電機機械,841656950
4529 ,OTC,20,淳紳,其他,845490960
4530 ,OTC,16,宏易,觀光餐旅,494372760
4532 ,TSE,5,瑞智,電機機械,5049151050
4533 ,OTC,5,協易機,電機機械,1584341100
4534 ,OTC,5,慶騰,電機機械,867889480
4535 ,OTC,5,至興,電機機械,756617400
4536 ,TSE,37,拓凱,運動休閒,908200000
4538 ,OTC,5,大詠城,電機機械,575364010
4540 ,TSE,5,全球傳動,電機機械,951588280
4541 ,OTC,20,晟田,其他,676470680
4542 ,OTC,28,科嶠,電子零組件,322854000
4543 ,OTC,5,萬在,電機機械,569700000
4545 ,TSE,28,銘鈺,電子零組件,770000000
4549 ,OTC,5,桓達,電機機械,547889710
4550 ,OTC,5,長佳,電機機械,378387830
4551 ,TSE,12,智伸科,汽車工業,1152224980
4552 ,TSE,5,力達-KY,電機機械,1160000000
4554 ,OTC,31,橙的,其他電子業,232986410
4555 ,TSE,5,氣立,電機機械,693149850
4556 ,OTC,20,旭然,其他,418840000
4557 ,TSE,12,永新-KY,汽車工業,419718400
4558 ,OTC,5,寶緯,電機機械,500000000
4560 ,TSE,5,強信-KY,電機機械,680972400
4561 ,OTC,5,健椿,電機機械,585216190
4562 ,TSE,5,穎漢,電機機械,875460000
4563 ,OTC,5,百德,電機機械,549500000
4564 ,TSE,5,元翎,電機機械,2027883030
4566 ,TSE,5,時碩工業,電機機械,908007630
4568 ,OTC,5,科際精密,電機機械,320151250
4569 ,TSE,12,六方科-KY,汽車工業,310000000
4571 ,TSE,5,鈞興-KY,電機機械,533350000
4572 ,TSE,5,駐龍,電機機械,390000000
4576 ,TSE,5,大銀微系統,電機機械,1198018070
4577 ,OTC,31,達航科技,其他電子業,491379980
4580 ,OTC,5,捷流閥業,電機機械,431331070
4581 ,TSE,12,光隆精密-KY,汽車工業,338990000
4583 ,TSE,5,台灣精銳,電機機械,801713510
4584 ,OTC,5,君帆,電機機械,277800000
4609 ,OTC,38,唐鋒,居家生活,479468200
4702 ,OTC,38,中美實,居家生活,723332000
4706 ,OTC,21,大恭,化學工業,790300930
4707 ,OTC,21,磐亞,化學工業,3790753710
4711 ,OTC,21,永純,化學工業,610560000
4712 ,OTC,2,福格創新,食品工業,736907370
4714 ,OTC,21,永捷,化學工業,1400785100
4716 ,OTC,21,大立,化學工業,849044460
4720 ,TSE,21,德淵,化學工業,1037562610
4721 ,OTC,21,美琪瑪,化學工業,749863040
4722 ,TSE,21,國精化,化學工業,1000091590
4726 ,OTC,22,永昕,生技醫療,2058862000
4728 ,OTC,22,雙美,生技醫療,544630000
4729 ,OTC,26,熒茂,光電業,777267410
4735 ,OTC,22,豪展,生技醫療,367687580
4736 ,OTC,22,泰博,生技醫療,953744690
4737 ,TSE,22,華廣,生技醫療,608201940
4739 ,TSE,21,康普,化學工業,1190292690
4741 ,OTC,21,泓瀚,化學工業,328415840
4743 ,OTC,22,合一,生技醫療,4534511790
4744 ,OTC,22,皇將,生技醫療,549726590
4745 ,OTC,22,合富-KY,生技醫療,774495470
4746 ,TSE,22,台耀,生技醫療,1202559630
4747 ,OTC,22,強生,生技醫療,436678860
4754 ,OTC,21,國碳科,化學工業,302832150
4755 ,TSE,21,三福化,化學工業,1007060000
4760 ,OTC,31,勤凱,其他電子業,321126500
4763 ,TSE,21,材料-KY,化學工業,858913530
4764 ,TSE,21,雙鍵,化學工業,855420620
4766 ,TSE,21,南寶,化學工業,1205707800
4767 ,OTC,21,誠泰科技,化學工業,314150000
4768 ,OTC,21,晶呈科技,化學工業,430729890
4770 ,TSE,21,上品,化學工業,796970000
4804 ,OTC,16,大略-KY,觀光餐旅,453479200
4806 ,OTC,32,昇華,文化創意業,741941850
4807 ,TSE,18,日成-KY,貿易百貨,383960320
4903 ,OTC,27,聯光通,通信網路業,1040515360
4904 ,TSE,27,遠傳,通信網路業,32585008100
4905 ,OTC,27,台聯電,通信網路業,292600440
4906 ,TSE,27,正文,通信網路業,4001211050
4907 ,OTC,14,富宇,建材營造,1181457780
4908 ,OTC,27,前鼎,通信網路業,1143926650
4909 ,OTC,27,新復興,通信網路業,933568640
4911 ,OTC,22,德英,生技醫療,556600000
4912 ,TSE,28,聯德控股-KY,電子零組件,621927750
4915 ,TSE,28,致伸,電子零組件,4630748240
4916 ,TSE,25,事欣科,電腦及週邊,992961320
4919 ,TSE,24,新唐,半導體,4197652680
4923 ,OTC,24,力士,半導體,338908000
4924 ,OTC,25,欣厚-KY,電腦及週邊,371644090
4927 ,TSE,28,泰鼎-KY,電子零組件,1899379880
4930 ,TSE,6,燦星網,電器電纜,800000000
4931 ,OTC,25,新盛力,電腦及週邊,644907610
4933 ,OTC,26,友輝,光電業,804526750
4934 ,TSE,26,太極,光電業,2250000000
4935 ,TSE,26,茂林-KY,光電業,1288640910
4938 ,TSE,25,和碩,電腦及週邊,26645803530
4939 ,OTC,28,亞電,電子零組件,982008680
4942 ,TSE,26,嘉彰,光電業,1423676130
4943 ,TSE,28,康控-KY,電子零組件,867503530
4944 ,OTC,26,兆遠,光電業,438362810
4945 ,OTC,24,陞達科技,半導體,300218000
4946 ,OTC,32,辣椒,文化創意業,167524500
4950 ,OTC,20,牧東,其他,467597500
4951 ,OTC,24,精拓科,半導體,341487130
4952 ,TSE,24,凌通,半導體,1088158160
4953 ,OTC,30,緯軟,資訊服務業,728277390
4956 ,TSE,26,光鋐,光電業,1004082360
4958 ,TSE,28,臻鼎-KY,電子零組件,9470491610
4960 ,TSE,26,誠美材,光電業,5723727330
4961 ,TSE,24,天鈺,半導體,1212544530
4966 ,OTC,24,譜瑞-KY,半導體,812178080
4967 ,TSE,24,十銓,半導體,715486870
4968 ,TSE,24,立積,半導體,904553440
4971 ,OTC,24,IET-KY,半導體,367857430
4972 ,OTC,26,湯石照明,光電業,395725530
4973 ,OTC,24,廣穎,半導體,635058330
4974 ,OTC,28,亞泰,電子零組件,725001040
4976 ,TSE,26,佳凌,光電業,1406900000
4977 ,TSE,27,眾達-KY,通信網路業,801898410
4979 ,OTC,27,華星光,通信網路業,1323397940
4987 ,OTC,25,科誠,電腦及週邊,318780000
4989 ,TSE,28,榮科,電子零組件,1377765000
4991 ,OTC,24,環宇-KY,半導體,1114782340
4994 ,TSE,30,傳奇,資訊服務業,663834000
4995 ,OTC,26,晶達,光電業,420860360
4999 ,TSE,28,鑫禾,電子零組件,744172000
5007 ,TSE,10,三星,鋼鐵工業,2949401540
5009 ,OTC,10,榮剛,鋼鐵工業,5287188040
5011 ,OTC,10,久陽,鋼鐵工業,1000587380
5013 ,OTC,10,強新,鋼鐵工業,1334160000
5014 ,OTC,10,建錩,鋼鐵工業,1853330540
5015 ,OTC,10,華祺,鋼鐵工業,606391890
5016 ,OTC,10,松和,鋼鐵工業,496220760
5201 ,OTC,30,凱衛,資訊服務業,306746000
5202 ,OTC,30,力新,資訊服務業,890940000
5203 ,TSE,30,訊連,資訊服務業,789418000
5205 ,OTC,35,中茂,綠能環保,102500000
5206 ,OTC,14,坤悅,建材營造,1559250000
5209 ,OTC,20,新鼎,其他,281170000
5210 ,OTC,30,寶碩,資訊服務業,621777790
5211 ,OTC,30,蒙恬,資訊服務業,320247270
5212 ,OTC,30,凌網,資訊服務業,346330000
5213 ,OTC,14,亞昕,建材營造,5062204280
5215 ,TSE,25,科嘉-KY,電腦及週邊,643375000
5220 ,OTC,26,萬達光電,光電業,396670000
5222 ,TSE,24,全訊,半導體,745636600
5223 ,OTC,25,安力-KY,電腦及週邊,445497810
5225 ,TSE,31,東科-KY,其他電子業,703033370
5227 ,OTC,28,立凱-KY,電子零組件,830000000
5228 ,OTC,28,鈺鎧,電子零組件,380562530
5230 ,OTC,26,雷笛克光學,光電業,469558240
5234 ,TSE,26,達興材料,光電業,1027159110
5236 ,OTC,24,凌陽創新,半導體,584985940
5243 ,TSE,26,乙盛-KY,光電業,1685289150
5244 ,TSE,26,弘凱,光電業,679440800
5245 ,OTC,26,智晶,光電業,449900000
5251 ,OTC,26,天鉞電,光電業,356773770
5258 ,TSE,25,虹堡,電腦及週邊,1048437950
5263 ,OTC,32,智崴,文化創意業,647120580
5269 ,TSE,24,祥碩,半導體,693635180
5272 ,OTC,24,笙科,半導體,552761180
5274 ,OTC,24,信驊,半導體,378206790
5276 ,OTC,20,達輝-KY,其他,395000000
5278 ,OTC,36,尚凡,數位雲端,223626360
5281 ,OTC,26,大峽谷-KY,光電業,370100000
5283 ,TSE,6,禾聯碩,電器電纜,730004250
5284 ,TSE,20,jpp-KY,其他,479288600
5285 ,TSE,24,界霖,半導體,1020409260
5287 ,OTC,36,數字,數位雲端,558742250
5288 ,TSE,5,豐祥-KY,電機機械,663852880
5289 ,OTC,25,宜鼎,電腦及週邊,883976420
5291 ,OTC,28,邑昇,電子零組件,409256060
5299 ,OTC,24,杰力,半導體,508889810
5301 ,OTC,16,寶得利,觀光餐旅,1375525710
5302 ,OTC,24,太欣,半導體,1598883490
5306 ,TSE,37,桂盟,運動休閒,1260000000
5309 ,OTC,28,系統電,電子零組件,1845308910
5310 ,OTC,30,天剛,資訊服務業,289435170
5312 ,OTC,22,寶島科,生技醫療,600598980
5314 ,OTC,24,世紀,半導體,147000000
5315 ,OTC,26,光聯,光電業,1063518320
5321 ,OTC,36,美而快,數位雲端,494695840
5324 ,OTC,14,士開,建材營造,2263790900
5328 ,OTC,28,華容,電子零組件,1727107240
5340 ,OTC,28,建榮,電子零組件,1948939640
5344 ,OTC,24,立衛,半導體,794474600
5345 ,OTC,20,天揚,其他,180000000
5347 ,OTC,24,世界,半導體,16389822670
5348 ,OTC,27,正能量智能,通信網路業,289503100
5351 ,OTC,24,鈺創,半導體,2889327810
5353 ,OTC,27,台林,通信網路業,750000000
5355 ,OTC,28,佳總,電子零組件,1661227920
5356 ,OTC,25,協益,電腦及週邊,1030400000
5364 ,OTC,16,力麗店,觀光餐旅,288499400
5371 ,OTC,26,中光電,光電業,3909811100
5381 ,OTC,28,合正,電子零組件,2101568370
5383 ,OTC,31,金利,其他電子業,794003990
5386 ,OTC,25,青雲,電腦及週邊,286342190
5388 ,TSE,27,中磊,通信網路業,2623170280
5392 ,OTC,26,能率,光電業,1689589900
5398 ,OTC,20,慕康生醫,其他,494654600
5403 ,OTC,30,中菲,資訊服務業,743089980
5410 ,OTC,30,國眾,資訊服務業,891301230
5425 ,OTC,24,台半,半導體,2634854860
5426 ,OTC,25,振發,電腦及週邊,1438000000
5432 ,OTC,26,新門,光電業,206878040
5434 ,TSE,29,崇越,電子通路業,1886995670
5438 ,OTC,25,東友,電腦及週邊,1125365650
5439 ,OTC,28,高技,電子零組件,929757520
5443 ,OTC,26,均豪,光電業,1651361440
5450 ,OTC,20,南良,其他,1223922500
5452 ,OTC,31,佶優,其他電子業,1487636690
5455 ,OTC,14,昇益,建材營造,655018130
5457 ,OTC,28,宣德,電子零組件,1709644000
5460 ,OTC,28,同協,電子零組件,587781300
5464 ,OTC,28,霖宏,電子零組件,710714900
5465 ,OTC,25,富驊,電腦及週邊,1476826290
5468 ,OTC,24,凱鈺,半導體,358229090
5469 ,TSE,28,瀚宇博,電子零組件,5284413520
5471 ,TSE,24,松翰,半導體,1678770620
5474 ,OTC,25,聰泰,電腦及週邊,403559440
5475 ,OTC,28,德宏,電子零組件,1271270170
5478 ,OTC,32,智冠,文化創意業,1274743320
5481 ,OTC,20,新華,其他,714028910
5483 ,OTC,24,中美晶,半導體,5862216510
5484 ,TSE,26,慧友,光電業,668010000
5487 ,OTC,24,通泰,半導體,242035160
5488 ,OTC,28,松普,電子零組件,915861240
5489 ,OTC,31,彩富,其他電子業,1027064410
5490 ,OTC,25,同亨,電腦及週邊,961562010
5493 ,OTC,31,三聯,其他電子業,416088150
5498 ,OTC,28,凱崴,電子零組件,1923135450
5508 ,OTC,14,永信建,建材營造,2174281330
5511 ,OTC,14,德昌,建材營造,1134400000
5512 ,OTC,14,力麒,建材營造,7439927120
5514 ,OTC,14,三豐,建材營造,2162255300
5515 ,TSE,14,建國,建材營造,2520001050
5516 ,OTC,14,雙喜,建材營造,500439060
5519 ,TSE,14,隆大,建材營造,2191971800
5520 ,OTC,14,力泰,建材營造,599752450
5521 ,TSE,14,工信,建材營造,4922801550
5522 ,TSE,14,遠雄,建材營造,7815962410
5523 ,OTC,14,豐謙,建材營造,1550014640
5525 ,TSE,14,順天,建材營造,2804667420
5529 ,OTC,14,鉅陞,建材營造,688374810
5530 ,OTC,20,龍巖,其他,4200841990
5531 ,TSE,14,鄉林,建材營造,10775892450
5533 ,TSE,14,皇鼎,建材營造,2852449440
5534 ,TSE,14,長虹,建材營造,2903259600
5536 ,OTC,31,聖暉*,其他電子業,622031950
5538 ,TSE,10,東明-KY,鋼鐵工業,2012033330
5543 ,OTC,14,桓鼎-KY,建材營造,393044590
5546 ,TSE,14,永固-KY,建材營造,823534020
5601 ,OTC,15,台聯櫃,航運業,648000000
5603 ,OTC,15,陸海,航運業,1048766070
5604 ,OTC,20,中連,其他,1087829680
5607 ,TSE,15,遠雄港,航運業,3363770100
5608 ,TSE,15,四維航,航運業,3892670900
5609 ,OTC,15,中菲行,航運業,1428840000
5701 ,OTC,16,劍湖山,觀光餐旅,1430000000
5703 ,OTC,16,亞都,觀光餐旅,702395940
5704 ,OTC,16,老爺知,觀光餐旅,388616580
5706 ,TSE,16,鳳凰,觀光餐旅,737669480
5864 ,OTC,17,致和證,金融業,3084811220
5871 ,TSE,20,中租-KY,其他,17645724360
5876 ,TSE,17,上海商銀,金融業,48616031400
5878 ,OTC,17,台名,金融業,250243030
5880 ,TSE,17,合庫金,金融業,1.47E+11
5902 ,OTC,38,德記,居家生活,945000000
5903 ,OTC,38,全家,居家生活,2232200000
5904 ,OTC,38,寶雅,居家生活,1034929710
5905 ,OTC,16,南仁湖,觀光餐旅,2498246370
5906 ,TSE,18,台南-KY,貿易百貨,333720000
5907 ,TSE,18,大洋-KY,貿易百貨,1955310000
6005 ,TSE,17,群益證,金融業,21709080970
6015 ,OTC,17,宏遠證,金融業,3512515950
6016 ,OTC,17,康和證,金融業,5944549860
6020 ,OTC,17,大展證,金融業,2523531540
6021 ,OTC,17,美好證,金融業,3121409740
6023 ,OTC,17,元大期,金融業,2899762880
6024 ,TSE,17,群益期,金融業,2104375840
6026 ,OTC,17,福邦證,金融業,3961618410
6101 ,OTC,32,寬魚國際,文化創意業,1164223710
6103 ,OTC,24,合邦,半導體,136048910
6104 ,OTC,24,創惟,半導體,902791840
6108 ,TSE,28,競國,電子零組件,1598993110
6109 ,OTC,27,亞元,通信網路業,676784140
6111 ,OTC,32,大宇資,文化創意業,1038835510
6112 ,TSE,30,邁達特,資訊服務業,1883573360
6113 ,OTC,29,亞矽,電子通路業,500471000
6114 ,OTC,28,久威,電子零組件,439119370
6115 ,TSE,28,鎰勝,電子零組件,1876621540
6116 ,TSE,26,彩晶,光電業,29403288510
6117 ,TSE,25,迎廣,電腦及週邊,886500000
6118 ,OTC,29,建達,電子通路業,908895730
6120 ,TSE,26,達運,光電業,6655551140
6121 ,OTC,25,新普,電腦及週邊,1849705190
6122 ,OTC,5,擎邦,電機機械,743729830
6123 ,OTC,30,上奇,資訊服務業,620894300
6124 ,OTC,28,業強,電子零組件,1824799450
6125 ,OTC,26,廣運,光電業,2490111500
6126 ,OTC,28,信音,電子零組件,1172655870
6127 ,OTC,28,九豪,電子零組件,1080797510
6128 ,TSE,25,上福,電腦及週邊,1275887400
6129 ,OTC,24,普誠,半導體,1809436750
6130 ,OTC,22,上亞科技,生技醫療,443000000
6133 ,TSE,28,金橋,電子零組件,1170062940
6134 ,OTC,28,萬旭,電子零組件,725845490
6136 ,TSE,27,富爾特,通信網路業,1155364120
6138 ,OTC,24,茂達,半導體,746455000
6139 ,TSE,31,亞翔,其他電子業,2255409290
6140 ,OTC,30,訊達,資訊服務業,464251660
6141 ,TSE,28,柏承,電子零組件,1133540050
6142 ,TSE,27,友勁,通信網路業,3307792150
6143 ,OTC,27,振曜,通信網路業,875068970
6144 ,OTC,32,得利影,文化創意業,382737010
6146 ,OTC,31,耕興,其他電子業,1018671990
6147 ,OTC,24,頎邦,半導體,7446755390
6148 ,OTC,30,驊宏資,資訊服務業,466037570
6150 ,OTC,25,撼訊,電腦及週邊,483459850
6151 ,OTC,31,晉倫,其他電子業,552573000
6152 ,TSE,27,百一,通信網路業,1677384630
6153 ,TSE,28,嘉聯益,電子零組件,5561776940
6154 ,OTC,29,順發,電子通路業,800800000
6155 ,TSE,28,鈞寶,電子零組件,876390560
6156 ,OTC,28,松上,電子零組件,780276090
6158 ,OTC,28,禾昌,電子零組件,550307880
6160 ,OTC,25,欣技,電腦及週邊,684891200
6161 ,OTC,25,捷波,電腦及週邊,749833030
6163 ,OTC,27,華電網,通信網路業,1404891430
6164 ,TSE,26,華興,光電業,1000002390
6165 ,TSE,36,浪凡,數位雲端,627526230
6166 ,TSE,25,凌華,電腦及週邊,2174972570
6167 ,OTC,26,久正,光電業,1621732210
6168 ,TSE,26,宏齊,光電業,2060698010
6169 ,OTC,32,昱泉,文化創意業,233949600
6170 ,OTC,27,統振,通信網路業,996700380
6171 ,OTC,14,大城地產,建材營造,1000000000
6173 ,OTC,28,信昌電,電子零組件,1720000000
6174 ,OTC,28,安碁,電子零組件,500000000
6175 ,OTC,28,立敦,電子零組件,1432196060
6176 ,TSE,26,瑞儀,光電業,4650272630
6177 ,TSE,14,達麗,建材營造,4077402550
6179 ,OTC,20,亞通,其他,997041970
6180 ,OTC,32,橘子,文化創意業,1754935730
6182 ,OTC,24,合晶,半導體,5418837300
6183 ,TSE,30,關貿,資訊服務業,1500000000
6184 ,TSE,20,大豐電,其他,1582306570
6185 ,OTC,28,幃翔,電子零組件,1498675310
6186 ,OTC,14,新潤,建材營造,1499861290
6187 ,OTC,31,萬潤,其他電子業,833239020
6188 ,OTC,25,廣明,電腦及週邊,2783589100
6189 ,TSE,29,豐藝,電子通路業,2124314220
6190 ,OTC,27,萬泰科,通信網路業,1617911580
6191 ,TSE,28,精成科,電子零組件,4743030000
6192 ,TSE,31,巨路,其他電子業,961557700
6194 ,OTC,28,育富,電子零組件,480000000
6195 ,OTC,38,詩肯,居家生活,501929420
6196 ,TSE,31,帆宣,其他電子業,1989892470
6197 ,TSE,28,佳必琪,電子零組件,1220858820
6198 ,OTC,24,瑞築,半導體,326353500
6199 ,OTC,20,天品,其他,617600180
6201 ,TSE,31,亞弘電,其他電子業,892000000
6202 ,TSE,24,盛群,半導體,2261682000
6203 ,OTC,28,海韻電,電子零組件,823582380
6204 ,OTC,28,艾華,電子零組件,231020800
6205 ,TSE,28,詮欣,電子零組件,822327630
6206 ,TSE,25,飛捷,電腦及週邊,1430623240
6207 ,OTC,28,雷科,電子零組件,796799110
6208 ,OTC,28,日揚,電子零組件,1182016790
6209 ,TSE,26,今國光,光電業,1743287810
6210 ,OTC,28,慶生,電子零組件,350480000
6212 ,OTC,14,理銘,建材營造,1020000000
6213 ,TSE,28,聯茂,電子零組件,3629572180
6214 ,TSE,30,精誠,資訊服務業,2723033040
6215 ,TSE,31,和椿,其他電子業,827896930
6216 ,TSE,27,居易,通信網路業,928481370
6217 ,OTC,28,中探針,電子零組件,971200180
6218 ,OTC,27,豪勉,通信網路業,642620000
6219 ,OTC,14,富旺,建材營造,940162760
6220 ,OTC,28,岳豐,電子零組件,1464626400
6221 ,OTC,30,晉泰,資訊服務業,992755000
6222 ,OTC,26,上揚,光電業,405888780
6223 ,OTC,24,旺矽,半導體,942311060
6224 ,TSE,28,聚鼎,電子零組件,856453610
6225 ,TSE,26,天瀚,光電業,278000000
6226 ,TSE,26,光鼎,光電業,1166197890
6227 ,OTC,29,茂綸,電子通路業,761117860
6228 ,OTC,25,全譜,電腦及週邊,226300500
6229 ,OTC,24,研通,半導體,356407000
6230 ,TSE,25,尼得科超眾,電腦及週邊,863433960
6231 ,OTC,30,系微,資訊服務業,380434880
6233 ,OTC,24,旺玖,半導體,796098960
6234 ,OTC,26,高僑,光電業,1003863980
6235 ,TSE,25,華孚,電腦及週邊,1931376360
6236 ,OTC,20,中湛,其他,416540390
6237 ,OTC,24,驊訊,半導體,786416210
6239 ,TSE,24,力成,半導體,7591466340
6240 ,OTC,20,松崗,其他,228673700
6241 ,OTC,27,易通展,通信網路業,487000000
6242 ,OTC,22,立康,生技醫療,268065000
6243 ,TSE,24,迅杰,半導體,453048410
6244 ,OTC,26,茂迪,光電業,3870418750
6245 ,OTC,27,立端,通信網路業,1256184380
6246 ,OTC,26,臺龍,光電業,378514150
6248 ,OTC,10,沛波,鋼鐵工業,685650730
6257 ,TSE,24,矽格,半導體,4567428020
6259 ,OTC,28,百徽,電子零組件,214948910
6261 ,OTC,24,久元,半導體,1284979890
6263 ,OTC,27,普萊德,通信網路業,625009640
6264 ,OTC,14,富裔,建材營造,1163552910
6265 ,OTC,29,方土昶,電子通路業,1181721510
6266 ,OTC,28,泰詠,電子零組件,1382333970
6269 ,TSE,28,台郡,電子零組件,3227191190
6270 ,OTC,29,倍微,電子通路業,721457590
6271 ,TSE,24,同欣電,半導體,2090580240
6274 ,OTC,28,台燿,電子零組件,2709780510
6275 ,OTC,28,元山,電子零組件,734780140
6276 ,OTC,25,安鈦克,電腦及週邊,314900000
6277 ,TSE,25,宏正,電腦及週邊,1194711660
6278 ,TSE,26,台表科,光電業,2923983530
6279 ,OTC,28,胡連,電子零組件,996554150
6281 ,TSE,29,全國電,電子通路業,991729450
6282 ,TSE,28,康舒,電子零組件,8446248660
6283 ,TSE,31,淳安,其他電子業,1479063430
6284 ,OTC,28,佳邦,電子零組件,1489803410
6285 ,TSE,27,啟碁,通信網路業,4324855020
6287 ,OTC,24,元隆,半導體,1095363980
6288 ,TSE,12,聯嘉,汽車工業,2053121560
6290 ,OTC,28,良維,電子零組件,1537736050
6291 ,OTC,24,沛亨,半導體,420000000
6292 ,OTC,28,迅德,電子零組件,469007120
6294 ,OTC,32,智基,文化創意業,245727410
6404 ,OTC,30,通訊-KY,資訊服務業,243580000
6405 ,TSE,26,悅城,光電業,658000000
6409 ,TSE,31,旭隼,其他電子業,877345670
6411 ,OTC,24,晶焱,半導體,983046310
6412 ,TSE,28,群電,電子零組件,3990401260
6414 ,TSE,25,樺漢,電腦及週邊,1282161820
6415 ,TSE,24,矽力*-KY,半導體,958753810
6416 ,TSE,27,瑞祺電通,通信網路業,733484600
6417 ,OTC,27,韋僑,通信網路業,422740000
6418 ,OTC,28,詠昇,電子零組件,345220000
6419 ,OTC,26,京晨科,光電業,131591700
6425 ,OTC,5,易發,電機機械,436020000
6426 ,TSE,27,統新,通信網路業,385090000
6431 ,TSE,22,光麗-KY,生技醫療,685688350
6432 ,OTC,28,今展科,電子零組件,305956290
6435 ,OTC,24,大中,半導體,370763000
6438 ,TSE,31,迅得,其他電子業,752817110
6441 ,OTC,25,廣錠,電腦及週邊,533184290
6442 ,TSE,27,光聖,通信網路業,663000000
6443 ,TSE,26,元晶,光電業,5386914660
6446 ,OTC,22,藥華藥,生技醫療,3398848910
6449 ,TSE,28,鈺邦,電子零組件,889535140
6451 ,TSE,24,訊芯-KY,半導體,1074648000
6456 ,TSE,26,GIS-KY,光電業,3379398000
6457 ,OTC,24,紘康,半導體,318547920
6461 ,OTC,22,益得,生技醫療,1379560000
6462 ,OTC,24,神盾,半導體,742717540
6464 ,TSE,20,台數科,其他,1276131380
6465 ,OTC,27,威潤,通信網路業,322816750
6469 ,OTC,22,大樹,生技醫療,1117037130
6470 ,OTC,27,宇智,通信網路業,376941000
6472 ,OTC,22,保瑞,生技醫療,1012335130
6477 ,TSE,26,安集,光電業,1237824680
6482 ,OTC,32,弘煜科,文化創意業,216927760
6485 ,OTC,24,點序,半導體,446760080
6486 ,OTC,27,互動,通信網路業,431373180
6488 ,OTC,24,環球晶,半導體,4352370000
6491 ,TSE,22,晶碩,生技醫療,780000000
6492 ,OTC,22,生華科,生技醫療,897436000
6494 ,OTC,24,九齊,半導體,315596900
6496 ,OTC,22,科懋,生技醫療,478514930
6499 ,OTC,22,益安,生技醫療,922448930
6504 ,TSE,20,南六,其他,726000000
6505 ,TSE,23,台塑化,油電燃氣業,95259596520
6506 ,OTC,4,雙邦,紡織纖維,823608260
6508 ,OTC,33,惠光,農業科技,865388640
6509 ,OTC,21,聚和,化學工業,1734903260
6510 ,OTC,24,精測,半導體,327890220
6512 ,OTC,31,啟發電,其他電子業,250000000
6514 ,OTC,27,芮特-KY,通信網路業,300153820
6515 ,TSE,24,穎崴,半導體,347840000
6516 ,OTC,30,勤崴國際,資訊服務業,512472120
6517 ,OTC,26,保勝光學,光電業,305790530
6523 ,OTC,22,達爾膚,生技醫療,450476250
6525 ,TSE,24,捷敏-KY,半導體,1290473840
6526 ,TSE,24,達發,半導體,1660217150
6527 ,OTC,22,明達醫,生技醫療,254585500
6530 ,OTC,27,創威,通信網路業,337500000
6531 ,TSE,24,愛普*,半導體,809372230
6532 ,OTC,24,瑞耘,半導體,374451470
6533 ,TSE,24,晶心科,半導體,506509110
6535 ,OTC,22,順藥,生技醫療,1632438250
6538 ,OTC,28,倉和,電子零組件,381870000
6541 ,TSE,22,泰福-KY,生技醫療,1338653670
6542 ,OTC,32,隆中,文化創意業,420006300
6546 ,OTC,27,正基,通信網路業,662269370
6547 ,OTC,22,高端疫苗,生技醫療,3286080500
6548 ,OTC,24,長科*,半導體,380215480
6550 ,TSE,22,北極星藥業-KY,生技醫療,7434633140
6552 ,TSE,24,易華電,半導體,830000000
6556 ,OTC,26,勝品,光電業,287500000
6558 ,TSE,31,興能高,其他電子業,937508750
6560 ,OTC,26,欣普羅,光電業,258747150
6561 ,OTC,27,是方,通信網路業,778193700
6568 ,OTC,24,宏觀,半導體,307399200
6569 ,OTC,22,醫揚,生技醫療,335063000
6570 ,OTC,25,維田,電腦及週邊,371191700
6573 ,TSE,24,虹揚-KY,半導體,804993250
6574 ,OTC,22,霈方,生技醫療,219900000
6576 ,OTC,22,逸達,生技醫療,1357811420
6577 ,OTC,25,勁豐,電腦及週邊,382548700
6578 ,OTC,33,達邦蛋白,農業科技,597103190
6579 ,TSE,25,研揚,電腦及週邊,1602418300
6581 ,TSE,35,鋼聯,綠能環保,1112708870
6582 ,TSE,11,申豐,橡膠工業,1061741410
6584 ,OTC,28,南俊國際,電子零組件,656426000
6585 ,TSE,20,鼎基,其他,692430000
6588 ,OTC,27,東典,通信網路業,267008250
6589 ,OTC,22,台康生技,生技醫療,3058216840
6590 ,OTC,30,普鴻,資訊服務業,212912500
6591 ,TSE,25,動力-KY,電腦及週邊,355681360
6592 ,TSE,20,和潤企業,其他,6665004610
6593 ,OTC,30,台灣銘板,資訊服務業,229127560
6596 ,OTC,32,寬宏藝術,文化創意業,330000000
6598 ,TSE,22,ABC-KY,生技醫療,817973520
6603 ,OTC,5,富強鑫,電機機械,1569859270
6605 ,TSE,12,帝寶,汽車工業,1658163970
6606 ,TSE,5,建德工業,電機機械,1103037830
6609 ,OTC,5,瀧澤科,電機機械,724562460
6612 ,OTC,22,奈米醫材,生技醫療,391639000
6613 ,OTC,31,朋億*,其他電子業,358897045
6615 ,OTC,22,慧智,生技醫療,213624000
6616 ,OTC,38,特昇-KY,居家生活,342319270
6624 ,OTC,35,萬年清,綠能環保,180000000
6625 ,TSE,20,必應,其他,443404440
6629 ,OTC,38,泰金-KY,居家生活,357141660
6640 ,OTC,24,均華,半導體,282765000
6641 ,TSE,35,基士德-KY,綠能環保,370000000
6642 ,OTC,28,富致,電子零組件,373996620
6643 ,OTC,24,M31,半導體,348658000
6649 ,OTC,22,台生材,生技醫療,420000000
6651 ,OTC,24,全宇昕,半導體,346015410
6654 ,OTC,31,天正國際,其他電子業,369627200
6655 ,TSE,20,科定,其他,740334070
6657 ,TSE,22,華安,生技醫療,760250000
6661 ,OTC,22,威健生技,生技醫療,233042480
6662 ,OTC,22,樂斯科,生技醫療,256124000
6664 ,OTC,28,群翊,電子零組件,577916090
6666 ,TSE,22,羅麗芬-KY,生技醫療,473880000
6667 ,OTC,31,信紘科,其他電子業,447788780
6668 ,TSE,26,中揚光,光電業,832128600
6669 ,TSE,25,緯穎,電腦及週邊,1748407910
6670 ,TSE,37,復盛應用,運動休閒,1325735680
6671 ,TSE,38,三能-KY,居家生活,607500000
6672 ,TSE,28,騰輝電子-KY,電子零組件,714347450
6674 ,TSE,27,鋐寶科技,通信網路業,676380700
6679 ,OTC,24,鈺太,半導體,549393350
6680 ,OTC,25,鑫創電子,電腦及週邊,210508670
6683 ,OTC,24,雍智科技,半導體,272176610
6684 ,OTC,24,安格,半導體,446644760
6689 ,TSE,36,伊雲谷,數位雲端,680000000
6690 ,OTC,36,安碁資訊,數位雲端,222045700
6691 ,TSE,31,洋基工程,其他電子業,882792820
6693 ,OTC,24,廣閎科,半導體,457200000
6695 ,TSE,24,芯鼎,半導體,952402500
6697 ,OTC,30,東捷資訊,資訊服務業,273233640
6698 ,TSE,31,旭暉應材,其他電子業,663897530
6703 ,OTC,22,軒郁,生技醫療,279021640
6706 ,TSE,26,惠特,光電業,735368650
6708 ,OTC,24,天擎,半導體,290087790
6712 ,OTC,22,長聖,生技醫療,751987300
6715 ,TSE,28,嘉基,電子零組件,626423110
6716 ,OTC,24,應廣,半導體,304393140
6719 ,TSE,24,力智,半導體,811327000
6721 ,OTC,20,信實,其他,225000000
6727 ,OTC,28,亞泰金屬,電子零組件,240729720
6728 ,OTC,38,上洋,居家生活,230000000
6732 ,OTC,24,昇佳電子,半導體,489126180
6733 ,OTC,22,博晟生醫,生技醫療,1230760260
6735 ,OTC,31,美達科技,其他電子業,418887000
6741 ,OTC,36,91APP*-KY,數位雲端,602889985
6743 ,TSE,31,安普新,其他電子業,1500000000
6747 ,OTC,22,亨泰光,生技醫療,241890000
6751 ,OTC,30,智聯服務,資訊服務業,222000000
6752 ,OTC,30,叡揚,資訊服務業,327751300
6753 ,TSE,15,龍德造船,航運業,1077500000
6754 ,TSE,38,匯僑設計,居家生活,660000000
6756 ,TSE,24,威鋒電子,半導體,690740000
6761 ,OTC,28,穩得,電子零組件,251049420
6762 ,OTC,22,達亞,生技醫療,258892420
6763 ,OTC,36,綠界科技,數位雲端,184039130
6767 ,OTC,22,台微醫,生技醫療,291090000
6768 ,TSE,37,志強-KY,運動休閒,1960456170
6770 ,TSE,24,力積電,半導體,40715973450
6776 ,TSE,29,展碁國際,電子通路業,815814300
6781 ,TSE,28,AES-KY,電子零組件,854187800
6782 ,TSE,22,視陽,生技醫療,630000000
6788 ,OTC,24,華景電,半導體,347396830
6789 ,TSE,24,采鈺,半導體,3164841190
6790 ,TSE,9,永豐實,造紙工業,2671290210
6791 ,OTC,30,虎門科技,資訊服務業,208470000
6792 ,TSE,27,詠業,通信網路業,478753250
6796 ,TSE,22,晉弘,生技醫療,345841550
6799 ,TSE,24,來頡,半導體,418571330
6803 ,OTC,35,崑鼎,綠能環保,715016220
6804 ,OTC,37,明係,運動休閒,350000000
6806 ,TSE,35,森崴能源,綠能環保,2161500000
6807 ,TSE,38,峰源-KY,居家生活,540000000
6811 ,OTC,36,宏碁資訊,數位雲端,414490000
6821 ,OTC,28,聯寶,電子零組件,310358200
6823 ,OTC,24,濾能,半導體,222384750
6829 ,OTC,5,千附精密,電機機械,591690000
6830 ,TSE,31,汎銓,其他電子業,467811750
6834 ,TSE,28,天二科技,電子零組件,884710820
6835 ,TSE,28,圓裕,電子零組件,661722970
6840 ,OTC,31,東研信超,其他電子業,252780000
6841 ,OTC,22,長佳智能,生技醫療,985195000
6843 ,OTC,5,進典,電機機械,333040000
6846 ,OTC,2,綠茵,食品工業,267235000
6855 ,OTC,31,數泓科,其他電子業,211361050
6859 ,OTC,26,伯特光,光電業,388828000
6861 ,TSE,22,睿生光電,生技醫療,402285000
6863 ,TSE,27,永道-KY,通信網路業,743180000
6865 ,OTC,30,偉康科技,資訊服務業,145100000
6870 ,OTC,36,騰雲,數位雲端,218000000
6874 ,OTC,30,倍力,資訊服務業,220000000
6877 ,OTC,31,鏵友益,其他電子業,340880000
6895 ,OTC,24,宏碩系統,半導體,341000000
6901 ,TSE,20,鑽石投資,其他,8493200000
6933 ,TSE,13,AMAX-KY,電子工業,361757580
7402 ,OTC,26,邑錡,光電業,348419650
7556 ,OTC,24,意德士科技,半導體,240541170
8011 ,TSE,27,台通,通信網路業,1709218910
8016 ,TSE,24,矽創,半導體,1201368760
8021 ,TSE,31,尖點,其他電子業,1421804670
8024 ,OTC,24,佑華,半導體,451601000
8027 ,OTC,5,鈦昇,電機機械,986103930
8028 ,TSE,24,昇陽半導體,半導體,1726280330
8032 ,OTC,29,光菱,電子通路業,518103000
8033 ,TSE,20,雷虎,其他,1426297750
8034 ,OTC,27,榮群,通信網路業,628737250
8038 ,OTC,28,長園科,電子零組件,628741900
8039 ,TSE,28,台虹,電子零組件,2091196920
8040 ,OTC,24,九暘,半導體,688500740
8042 ,OTC,28,金山電,電子零組件,1294625490
8043 ,OTC,28,蜜望實,電子零組件,799071700
8044 ,OTC,36,網家,數位雲端,1441629450
8046 ,TSE,28,南電,電子零組件,6461654870
8047 ,OTC,31,星雲,其他電子業,416663430
8048 ,OTC,27,德勝,通信網路業,561030020
8049 ,OTC,26,晶采,光電業,1182798080
8050 ,OTC,25,廣積,電腦及週邊,2057166900
8054 ,OTC,24,安國,半導體,985001660
8059 ,OTC,27,凱碩,通信網路業,1908760000
8064 ,OTC,26,東捷,光電業,1648178360
8066 ,OTC,38,來思達,居家生活,296423040
8067 ,OTC,29,志旭,電子通路業,207000000
8068 ,OTC,29,全達,電子通路業,807659490
8069 ,OTC,26,元太,光電業,11411809950
8070 ,TSE,29,長華*,電子通路業,689422332
8071 ,OTC,28,能率網通,電子零組件,518542830
8072 ,TSE,29,陞泰,電子通路業,800000000
8074 ,OTC,28,鉅橡,電子零組件,809744660
8076 ,OTC,25,伍豐,電腦及週邊,3046025920
8077 ,OTC,16,洛碁,觀光餐旅,219456690
8080 ,OTC,14,印鉐,建材營造,231638210
8081 ,TSE,24,致新,半導體,861720720
8083 ,OTC,5,瑞穎,電機機械,351331930
8084 ,OTC,29,巨虹,電子通路業,695141490
8085 ,OTC,31,福華,其他電子業,1399830600
8086 ,OTC,24,宏捷科,半導體,1965161230
8087 ,OTC,35,華鎂鑫,綠能環保,296889650
8088 ,OTC,24,品安,半導體,609217490
8089 ,OTC,27,康全電訊,通信網路業,586655270
8091 ,OTC,28,翔名,電子零組件,479601140
8092 ,OTC,31,建暐,其他電子業,518206160
8093 ,OTC,28,保銳,電子零組件,449459450
8096 ,OTC,29,擎亞,電子通路業,1493430660
8097 ,OTC,27,常珵,通信網路業,680644680
8099 ,OTC,30,大世科,資訊服務業,885600000
8101 ,TSE,27,華冠,通信網路業,728310780
8103 ,TSE,28,瀚荃,電子零組件,789560690
8104 ,TSE,26,錸寶,光電業,746516750
8105 ,TSE,26,凌巨,光電業,4415448510
8107 ,OTC,5,大億金茂,電機機械,750000000
8109 ,OTC,28,博大,電子零組件,816280270
8110 ,TSE,24,華東,半導體,5177398760
8111 ,OTC,26,立碁,光電業,1091022230
8112 ,TSE,29,至上,電子通路業,5286183120
8114 ,TSE,25,振樺電,電腦及週邊,1067489190
8121 ,OTC,28,越峰,電子零組件,2129937430
8131 ,TSE,24,福懋科,半導體,4422222230
8147 ,OTC,28,正淩,電子零組件,331855650
8150 ,TSE,24,南茂,半導體,7272401260
8155 ,OTC,28,博智,電子零組件,512210000
8163 ,TSE,25,達方,電腦及週邊,2800000010
8171 ,OTC,35,天宇,綠能環保,772505250
8176 ,OTC,27,智捷,通信網路業,717010000
8182 ,OTC,28,加高,電子零組件,1070412150
8183 ,OTC,31,精星,其他電子業,1212510680
8201 ,TSE,31,無敵,其他電子業,623662750
8210 ,TSE,25,勤誠,電腦及週邊,1206069500
8213 ,TSE,28,志超,電子零組件,2712424880
8215 ,TSE,26,明基材,光電業,3206745140
8222 ,TSE,5,寶一,電機機械,685735000
8227 ,OTC,24,巨有科技,半導體,373430000
8234 ,OTC,25,新漢,電腦及週邊,1412264720
8240 ,OTC,26,華宏,光電業,1000044140
8249 ,TSE,28,菱光,電子零組件,1490550000
8255 ,OTC,5,朋程,電機機械,1014470000
8261 ,TSE,24,富鼎,半導體,1178904930
8271 ,TSE,24,宇瞻,半導體,1226882660
8277 ,OTC,24,商丞,半導體,916288330
8279 ,OTC,22,生展,生技醫療,271008510
8284 ,OTC,30,三竹,資訊服務業,463420000
8289 ,OTC,28,泰藝,電子零組件,683337650
8291 ,OTC,28,尚茂,電子零組件,473120000
8299 ,OTC,24,群聯,半導體,2044689930
8341 ,TSE,35,日友,綠能環保,1300000000
8342 ,OTC,20,益張,其他,335366920
8349 ,OTC,10,恒耀,鋼鐵工業,1606354820
8354 ,OTC,20,冠好,其他,785322630
8358 ,OTC,28,金居,電子零組件,2525880000
8367 ,TSE,15,建新國際,航運業,877339180
8374 ,TSE,5,羅昇,電機機械,1122504870
8383 ,OTC,31,千附,其他電子業,1137604820
8390 ,OTC,35,金益鼎,綠能環保,960061280
8401 ,OTC,20,白紗科,其他,600416800
8403 ,OTC,22,盛弘,生技醫療,1260442700
8404 ,TSE,20,百和興業-KY,其他,3309370320
8409 ,OTC,22,商之器,生技醫療,320000000
8410 ,OTC,25,森田,電腦及週邊,365892000
8411 ,TSE,20,福貞-KY,其他,2184043190
8415 ,OTC,10,大國鋼,鋼鐵工業,10315000000
8416 ,OTC,30,實威,資訊服務業,282107100
8418 ,OTC,20,捷必勝-KY,其他,783590000
8420 ,OTC,37,明揚,運動休閒,552199890
8421 ,OTC,20,旭源,其他,548171400
8422 ,TSE,35,可寧衛,綠能環保,1091874720
8423 ,OTC,35,保綠-KY,綠能環保,260705310
8424 ,OTC,14,惠普,建材營造,360543680
8426 ,OTC,20,紅木-KY,其他,502425000
8429 ,TSE,18,金麗-KY,貿易百貨,1857471510
8431 ,OTC,31,匯鑽科,其他電子業,443914820
8432 ,OTC,22,東生華,生技醫療,383981400
8433 ,OTC,38,弘帆,居家生活,529614940
8435 ,OTC,20,鉅邁,其他,317004500
8436 ,OTC,22,大江,生技醫療,1182648300
8437 ,OTC,20,大地-KY,其他,478510700
8438 ,TSE,35,昶昕,綠能環保,699430000
8440 ,OTC,35,綠電,綠能環保,380002250
8442 ,TSE,20,威宏-KY,其他,611125490
8443 ,TSE,18,阿瘦,貿易百貨,668000000
8444 ,OTC,20,綠河-KY,其他,897668450
8446 ,OTC,32,華研,文化創意業,529144050
8450 ,OTC,32,霹靂,文化創意業,513099470
8454 ,TSE,36,富邦媒,數位雲端,2403403860
8455 ,OTC,31,大拓-KY,其他電子業,252190560
8462 ,TSE,37,柏文,運動休閒,793953540
8463 ,TSE,20,潤泰材,其他,1500000000
8464 ,TSE,38,億豐,居家生活,2930202000
8466 ,TSE,20,美吉吉-KY,其他,660590000
8467 ,TSE,37,波力-KY,運動休閒,512330080
8472 ,OTC,36,夠麻吉,數位雲端,177358000
8473 ,TSE,35,山林水,綠能環保,1470039780
8476 ,OTC,35,台境,綠能環保,814835090
8477 ,OTC,36,創業家,數位雲端,340928380
8478 ,TSE,37,東哥遊艇,運動休閒,888862760
8481 ,TSE,20,政伸,其他,666018660
8482 ,TSE,38,商億-KY,居家生活,1104440000
8488 ,TSE,20,吉源-KY,其他,675000000
8489 ,OTC,20,三貝德,其他,377524140
8499 ,TSE,31,鼎炫-KY,其他電子業,414855570
8905 ,OTC,20,裕國,其他,1194400000
8906 ,OTC,20,花王,其他,440373700
8908 ,OTC,23,欣雄,油電燃氣業,2834706420
8916 ,OTC,20,光隆,其他,1507933310
8917 ,OTC,23,欣泰,油電燃氣業,1626524590
8921 ,OTC,20,沈氏,其他,465921590
8923 ,OTC,32,時報,文化創意業,303758000
8924 ,OTC,37,大田,運動休閒,838000000
8926 ,TSE,23,台汽電,油電燃氣業,7302820000
8927 ,OTC,23,北基,油電燃氣業,3244622460
8928 ,OTC,37,鉅明,運動休閒,508540150
8929 ,OTC,20,富堡,其他,505808620
8930 ,OTC,10,青鋼,鋼鐵工業,818094060
8931 ,OTC,23,大汽電,油電燃氣業,1222548620
8932 ,OTC,20,智通,其他,687281600
8933 ,OTC,37,愛地雅,運動休閒,3017243050
8935 ,OTC,20,邦泰,其他,979950000
8936 ,OTC,20,國統,其他,2480781570
8937 ,OTC,20,合騏,其他,724788000
8938 ,OTC,37,明安,運動休閒,1402002720
8940 ,TSE,16,新天地,觀光餐旅,674910320
8941 ,OTC,38,關中,居家生活,304104970
8942 ,OTC,20,森鉅,其他,1824240880
8996 ,TSE,5,高力,電機機械,893840800
9103 ,TSE,91,美德醫療-DR,存託憑證,827042000
910322 ,TSE,91,康師傅-DR,存託憑證,916513457
9105 ,TSE,91,泰金寶-DR,存託憑證,5205332519
910861 ,TSE,91,神州-DR,存託憑證,644726418
9110 ,TSE,91,越南控-DR,存託憑證,38168000
911608 ,TSE,91,明輝-DR,存託憑證,526896000
911622 ,TSE,91,泰聚亨-DR,存託憑證,3714761903
911868 ,TSE,91,同方友友-DR,存託憑證,356242582
912000 ,TSE,91,晨訊科-DR,存託憑證,1063575000
9136 ,TSE,91,巨騰-DR,存託憑證,440764000
9802 ,TSE,37,鈺齊-KY,運動休閒,1909898720
9902 ,TSE,20,台火,其他,980496000
9904 ,TSE,37,寶成,運動休閒,29467872130
9905 ,TSE,20,大華,其他,3050000000
9906 ,TSE,14,欣巴巴,建材營造,833439810
9907 ,TSE,20,統一實,其他,15791453420
9908 ,TSE,23,大台北,油電燃氣業,5163580000
9910 ,TSE,37,豐泰,運動休閒,9874828310
9911 ,TSE,38,櫻花,居家生活,2211211880
9912 ,TSE,25,偉聯,電腦及週邊,552185690
9914 ,TSE,37,美利達,運動休閒,2989838000
9917 ,TSE,20,中保科,其他,4511970930
9918 ,TSE,23,欣天然,油電燃氣業,1805374530
9919 ,TSE,20,康那香,其他,1953627500
9921 ,TSE,37,巨大,運動休閒,3920646260
9924 ,TSE,38,福興,居家生活,1884521700
9925 ,TSE,20,新保,其他,3874896050
9926 ,TSE,23,新海,油電燃氣業,1795040750
9927 ,TSE,20,泰銘,其他,1673185340
9928 ,TSE,20,中視,其他,607245830
9929 ,TSE,20,秋雨,其他,1012800000
9930 ,TSE,35,中聯資源,綠能環保,2485403680
9931 ,TSE,23,欣高,油電燃氣業,1203693030
9933 ,TSE,20,中鼎,其他,8026828530
9934 ,TSE,38,成霖,居家生活,4084139620
9935 ,TSE,38,慶豐富,居家生活,1738389260
9937 ,TSE,23,全國,油電燃氣業,3090430000
9938 ,TSE,20,百和,其他,2979639020
9939 ,TSE,20,宏全,其他,2877858790
9940 ,TSE,20,信義,其他,7368465000
9941 ,TSE,20,裕融,其他,6482250920
9942 ,TSE,20,茂順,其他,831613200
9943 ,TSE,16,好樂迪,觀光餐旅,1252199600
9944 ,TSE,20,新麗,其他,1091071000
9945 ,TSE,20,潤泰新,其他,28442250860
9946 ,TSE,14,三發地產,建材營造,3265541500
9949 ,OTC,32,琉園,文化創意業,440333600
9950 ,OTC,3,萬國通,塑膠工業,1677160000
9951 ,OTC,5,皇田,電機機械,749000000
9955 ,TSE,35,佳龍,綠能環保,1032082290
9958 ,TSE,10,世紀鋼,鋼鐵工業,2359667990
9960 ,OTC,37,邁達康,運動休閒,335925000
9962 ,OTC,10,有益,鋼鐵工業,902202600
