公司,證券代碼,證期會代碼,年月日,TSE 產業別,TEJ產業_名稱,TEJ產業_代碼,TEJ產業指數,收盤價(元),季別,每股盈餘,ROE－綜合損益,ROA－綜合損益,營收成長率,營業毛利成長率,已實現銷貨毛利成長率,營業利益成長率,稅前淨利成長率,稅後淨利成長率,經常淨利成長率,常續淨利成長率,總資產成長率,淨值成長率,折舊性FA成長率,總資產報酬成長率,date,Year,股價變化,股價變化率
1101 台泥,1101,1101,2023-03-31,1,水泥製造,M11A,TEJN01  傳產- 水泥,35.91,1.0,0.2,1.05,0.54,14.46,18.32,18.32,-20.02,26.34,17.41,17.41,-33.31,1.95,1.83,22.69,0.14,2023-03-31,2023,-1.6,-4.36
1103 嘉泥,1103,1103,2023-03-31,1,水泥製造,M11A,TEJN01  傳產- 水泥,18.31,1.0,0.03,4.47,2.73,27.08,309.15,309.15,43.91,149.69,133.51,133.51,58.14,-8.6,-13.2,-9.41,0.28,2023-03-31,2023,0.45,2.35
1104 環泥,1104,1104,2023-03-31,1,水泥製造,M11A,TEJN01  傳產- 水泥,24.49,1.0,0.42,2.52,1.96,19.79,17.92,17.92,12.89,-56.71,-59.69,-59.69,-23.47,4.46,4.86,-12.81,-1.47,2023-03-31,2023,-2.05,-7.17
1108 幸福,1108,1108,2023-03-31,1,水泥製造,M11A,TEJN01  傳產- 水泥,14.15,1.0,0.31,2.67,1.32,24.04,42.38,42.38,69.8,122.13,131.78,131.78,85.57,19.72,5.71,4.54,0.82,2023-03-31,2023,-0.93,-5.83
1109 信大,1109,1109,2023-03-31,1,水泥製造,M11A,TEJN01  傳產- 水泥,16.29,1.0,0.42,1.98,1.68,7.66,25.28,25.28,45.92,47.86,50.92,50.92,24.44,0.13,-3.02,0.18,0.48,2023-03-31,2023,-0.35,-1.9
1210 大成,1210,1210,2023-03-31,2,油脂飼料,M12B,TEJN02  傳產- 食品,49.64,1.0,0.9,3.82,1.83,5.87,24.57,24.57,66.37,28.59,41.47,41.47,309.87,2.36,8.62,12.48,0.6,2023-03-31,2023,2.5,4.71
1215 卜蜂,1215,1215,2023-03-31,2,油脂飼料,M12B,TEJN02  傳產- 食品,83.1,1.0,1.43,0.77,0.28,0.45,10.92,10.92,28.03,33.1,32.96,32.96,34.15,7.24,8.12,10.1,0.57,2023-03-31,2023,7.18,7.89
1216 統一,1216,1216,2023-03-31,2,飲料乳品,M12C,TEJN02  傳產- 食品,68.93,1.0,0.88,3.55,1.26,5.8,5.31,5.31,-14.76,20.8,19.63,19.63,15.4,5.15,3.37,0.69,0.35,2023-03-31,2023,-1.2,-1.66
1233 天仁,1233,1233,2023-03-31,2,其他食品,M12Z,TEJN02  傳產- 食品,33.43,1.0,0.35,-0.88,-0.55,14.66,15.91,15.91,205.04,82.5,80.71,80.71,80.78,-2.05,-6.48,1.39,0.66,2023-03-31,2023,0.15,0.42
1234 黑松,1234,1234,2023-03-31,2,飲料乳品,M12C,TEJN02  傳產- 食品,34.32,1.0,0.47,1.06,0.85,24.36,32.32,32.32,529.68,64.09,52.06,52.06,52.07,-0.38,-2.53,-0.68,0.29,2023-03-31,2023,-0.15,-0.39
1235 興泰,1235,1235,2023-03-31,2,油脂飼料,M12B,TEJN02  傳產- 食品,70.0,1.0,1.08,4.1,1.93,67.67,59.65,59.65,24.57,61.2,61.24,61.24,61.15,-23.7,-55.91,19.45,0.48,2023-03-31,2023,4.35,6.01
1264 德麥,1264,1264,2023-03-31,2,其他食品,M12Z,TEJN02  傳產- 食品,258.19,1.0,4.45,5.26,3.98,10.49,1.98,1.98,0.56,0.1,-1.38,-1.38,-2.31,5.18,4.52,0.39,-0.05,2023-03-31,2023,-2.5,-0.87
1268 漢來美食,1268,1268,2023-03-31,16,餐飲飯店,M27A,TEJN20  傳產- 觀光餐飲,136.5,1.0,3.01,8.72,2.69,24.99,33.87,33.87,200.88,193.83,197.34,197.34,194.01,37.74,-0.8,17.35,1.31,2023-03-31,2023,1.08,0.72
1319 東陽,1319,1319,2023-03-31,12,汽車組件,M15D,TEJN16  傳產- 汽車,44.15,1.0,0.83,2.54,1.85,11.43,50.01,50.01,170.5,61.67,64.42,64.42,75.6,-4.63,8.87,-6.68,0.37,2023-03-31,2023,12.2,19.71
1336 台翰,1336,1336,2023-03-31,28,電子零組件,M23D,TEJT14  電子- 電子零組件其他,26.24,1.0,0.2,0.63,0.4,8.97,3.42,3.42,-18.2,-25.89,-40.99,-40.99,-41.17,18.88,6.99,3.03,-0.21,2023-03-31,2023,-0.3,-1.35
1337 再生-KY,1337,1337,2023-03-31,3,塑膠製品,M13B,TEJN04  傳產- 塑膠製品,6.98,1.0,-0.33,-1.31,-1.27,4.04,7.14,7.14,8.22,8.36,8.36,8.36,8.36,-9.78,-10.34,-29.69,0.15,2023-03-31,2023,0.03,0.4
1342 八貫,1342,1342,2023-03-31,20,塑膠製品,M13B,TEJN04  傳產- 塑膠製品,155.0,1.0,1.49,5.51,3.35,3.46,16.58,16.58,21.63,5.09,0.55,0.55,0.68,24.44,6.28,26.38,0.07,2023-03-31,2023,9.5,9.18
1416 廣豐,1416,1416,2023-03-31,20,軟體服務,M23X,,10.45,1.0,-0.01,-0.57,-0.47,42.96,88.14,88.14,70.73,113.41,97.32,97.32,81.8,-4.04,-0.79,-32.25,0.79,2023-03-31,2023,0.0,0.0
1418 東華,1418,1418,2023-03-31,4,棉紡,M14B,TEJN05  傳產- 紡織,14.15,1.0,-0.42,-1.89,-0.56,93.51,188.33,188.33,19.87,16.4,16.4,16.4,-2.76,16.78,2.27,341.63,0.24,2023-03-31,2023,2.3,10.8
1419 新紡,1419,1419,2023-03-31,4,成衣,M14C,TEJN05  傳產- 紡織,41.4,1.0,0.3,1.85,1.31,10.61,24.54,24.54,428.68,-93.23,-93.66,-93.66,190.81,0.16,2.19,-28.59,-7.97,2023-03-31,2023,0.67,1.58
1432 大魯閣,1432,1432,2023-03-31,37,百貨批發,M29A,TEJN21  傳產- 百貨貿易,16.5,1.0,0.17,3.65,0.55,18.25,23.53,23.53,190.31,1030.88,1030.88,1030.88,1367.57,3.45,-2.21,1.49,0.39,2023-03-31,2023,0.0,0.0
1436 華友聯,1436,1436,2023-03-31,14,建設,M25A,TEJN17  傳產- 營建,52.27,1.0,-0.4,-1.26,-0.29,337.57,669.23,669.23,15.4,10.67,14.48,14.48,11.72,-7.37,-6.02,,0.07,2023-03-31,2023,1.4,2.2
1438 三地開發,1438,1438,2023-03-31,14,建設,M25A,TEJN17  傳產- 營建,32.1,1.0,0.23,1.04,0.25,1814813.33,249015.0,249015.0,1062.37,1793.34,1769.89,1769.89,1675.4,12.81,83.08,-99.2,0.35,2023-03-31,2023,0.34,1.16
1442 名軒,1442,1442,2023-03-31,14,建設,M25A,TEJN17  傳產- 營建,30.84,1.0,0.41,2.48,0.92,139.84,697.87,697.87,6151.26,1868.34,10789.23,10789.23,1564.87,12.7,6.0,-3.75,0.91,2023-03-31,2023,0.1,0.29
1445 大宇,1445,1445,2023-03-31,4,成衣,M14C,TEJN05  傳產- 紡織,16.32,1.0,0.12,0.84,0.65,14.9,122.94,122.94,364.51,1295.06,939.48,939.48,586.15,2.0,0.79,-8.68,0.81,2023-03-31,2023,0.6,3.03
1446 宏和,1446,1446,2023-03-31,4,成衣,M14C,TEJN05  傳產- 紡織,31.28,1.0,-0.09,-0.91,-0.28,14.21,49.68,49.68,6.74,-306.77,-300.43,-300.43,-255.81,6.49,-6.51,-25.24,-0.19,2023-03-31,2023,2.15,5.8
1449 佳和,1449,1449,2023-03-31,4,成衣,M14C,TEJN05  傳產- 紡織,15.25,1.0,0.21,1.87,0.49,0.38,36.3,36.3,104.38,120.47,128.44,128.44,23.3,-3.89,9.42,-3.96,0.22,2023-03-31,2023,2.9,16.76
1456 怡華,1456,1456,2023-03-31,14,建設,M25A,TEJN17  傳產- 營建,15.1,1.0,-0.63,-3.94,-0.54,7.07,55.59,55.59,142.95,-47.57,-47.58,-47.58,-54.02,53.5,-13.76,-12.72,0.07,2023-03-31,2023,-0.1,-0.6
1465 偉全,1465,1465,2023-03-31,4,成衣,M14C,TEJN05  傳產- 紡織,13.51,1.0,0.02,0.15,0.12,0.3,57.84,57.84,80.13,-81.21,-84.51,-84.51,-89.13,3.73,-0.25,10.23,-0.6,2023-03-31,2023,-0.45,-3.32
1475 業旺,1475,1475,2023-03-31,4,成衣,M14C,TEJN05  傳產- 紡織,56.16,1.0,2.52,6.28,5.02,27.48,34.17,34.17,40.06,-5.19,-4.18,-4.18,-4.18,35.74,39.55,-58.55,-0.22,2023-03-31,2023,2.99,5.92
1503 士電,1503,1503,2023-03-31,5,電機製品,M15B,TEJN07  傳產- 電機及家電,79.02,1.0,1.52,6.28,3.7,15.92,15.72,15.72,23.3,11.91,10.56,10.56,10.5,12.83,8.62,2.07,0.18,2023-03-31,2023,-11.5,-9.13
1504 東元,1504,1504,2023-03-31,5,電機製品,M15B,TEJN07  傳產- 電機及家電,41.31,1.0,0.78,9.66,6.55,7.22,19.21,19.22,47.52,173.45,283.87,283.87,19.35,8.66,11.94,17.62,1.04,2023-03-31,2023,-1.05,-2.06
1512 瑞利,1512,1512,2023-03-31,12,汽車組件,M15D,TEJN16  傳產- 汽車,13.4,1.0,0.0,0.45,0.07,108.83,4243.2,4243.2,79.33,104.36,100.94,100.94,100.26,32.03,263.39,-54.03,2.19,2023-03-31,2023,-0.1,-0.81
1513 中興電,1513,1513,2023-03-31,5,電機製品,M15B,TEJN07  傳產- 電機及家電,92.26,1.0,1.56,9.97,3.45,23.23,23.27,23.27,38.11,30.81,30.68,30.68,25.32,5.07,26.04,-2.92,0.51,2023-03-31,2023,-8.0,-7.17
1514 亞力,1514,1514,2023-03-31,5,電機製品,M15B,TEJN07  傳產- 電機及家電,38.05,1.0,0.6,3.26,1.26,24.38,8.97,8.91,33.73,13.84,12.04,12.04,13.65,26.51,8.15,28.34,0.21,2023-03-31,2023,-3.27,-6.13
1519 華城,1519,1519,2023-03-31,5,電機製品,M15B,TEJN07  傳產- 電機及家電,68.48,1.0,0.79,5.04,1.68,10.4,87.51,87.51,690.23,2021.04,1765.19,1765.19,1765.35,19.91,11.62,-1.54,1.92,2023-03-31,2023,46.0,21.75
1522 堤維西,1522,1522,2023-03-31,12,汽車組件,M15D,TEJN16  傳產- 汽車,28.43,1.0,0.65,1.03,0.37,2.23,23.62,23.63,81.98,-23.52,-26.85,-26.85,-14.69,-1.47,7.48,-0.45,-0.15,2023-03-31,2023,12.95,42.05
1524 耿鼎,1524,1524,2023-03-31,12,汽車組件,M15D,TEJN16  傳產- 汽車,25.07,1.0,0.26,1.86,0.88,5.6,24.83,24.83,61.91,-24.13,-24.76,-24.76,-25.15,-8.34,6.51,-6.1,-0.32,2023-03-31,2023,4.7,22.76
1525 江申,1525,1525,2023-03-31,12,汽車組件,M15D,TEJN16  傳產- 汽車,62.29,1.0,2.63,4.52,3.75,49.57,112.74,112.74,549.83,192.05,217.62,217.62,217.81,4.91,4.03,11.72,2.4,2023-03-31,2023,-5.3,-6.21
1528 恩德,1528,1528,2023-03-31,5,機械業,M15A,TEJN06  傳產- 工具機,11.0,1.0,0.07,0.8,0.37,16.3,17.91,17.91,220.64,-32.4,-46.48,-46.48,-50.62,1.97,7.49,,-0.03,2023-03-31,2023,-0.2,-1.61
1529 樂事綠能,1529,1529,2023-03-31,5,電機製品,M15B,TEJN07  傳產- 電機及家電,26.98,1.0,0.32,2.57,1.45,297.64,131.43,131.14,260.21,8848.01,162958.62,162958.62,430.4,20.62,7.01,33.81,1.71,2023-03-31,2023,-5.9,-15.95
1536 和大,1536,1536,2023-03-31,12,汽車組件,M15D,TEJN16  傳產- 汽車,70.3,1.0,0.3,0.92,0.36,8.12,15.21,15.21,380.18,201.47,192.71,192.71,175.25,8.07,3.1,6.28,0.37,2023-03-31,2023,2.6,4.13
1580 新麥,1580,1580,2023-03-31,5,儀器設備,M15H,,96.74,1.0,2.31,4.88,3.44,10.84,34.83,34.83,116.54,79.43,106.34,106.34,106.85,-2.53,-1.71,5.82,1.8,2023-03-31,2023,5.5,4.45
1584 精剛,1584,1584,2023-03-31,20,金屬基本,M20A,TEJN14  傳產- 鋼鐵,29.27,1.0,0.33,2.95,1.52,87.74,21.95,21.95,3.11,54.44,50.96,50.96,-21.73,47.11,57.14,55.01,0.71,2023-03-31,2023,2.65,8.4
1589 永冠-KY,1589,1589,2023-03-31,5,機械業,M15A,TEJN06  傳產- 工具機,78.3,1.0,0.62,1.27,0.49,22.31,116.41,116.41,186.05,142.11,135.15,135.15,123.25,15.99,-2.72,30.09,1.31,2023-03-31,2023,1.1,2.02
1590 亞德客-KY,1590,1590,2023-03-31,5,機械業,M15A,TEJN06  傳產- 工具機,1185.0,1.0,8.11,4.63,3.26,6.1,11.67,11.67,13.0,-4.74,-3.31,-3.31,13.92,14.49,7.9,9.23,0.04,2023-03-31,2023,71.0,8.0
1593 祺驊,1593,1593,2023-03-31,37,其他電製品,M15Z,TEJN07  傳產- 電機及家電,68.2,1.0,0.26,1.76,1.14,39.41,74.41,74.41,209.58,0.07,18.05,18.05,17.06,26.62,13.92,56.75,0.27,2023-03-31,2023,-5.2,-7.53
1603 華電,1603,1603,2023-03-31,6,電線,M16,TEJN08  傳產- 電線,27.25,1.0,0.41,1.76,1.11,23.79,11.17,11.17,33.61,41.58,46.96,46.96,45.25,4.66,1.08,-2.34,0.27,2023-03-31,2023,-1.52,-4.41
1615 大山,1615,1615,2023-03-31,6,電線,M16,TEJN08  傳產- 電線,32.91,1.0,0.67,5.49,3.74,4.17,30.07,30.07,40.06,-7.39,-7.48,-7.48,59.34,3.25,4.04,20.28,-0.15,2023-03-31,2023,1.03,2.88
1616 億泰,1616,1616,2023-03-31,6,電線,M16,TEJN08  傳產- 電線,8.77,1.0,0.09,0.96,0.49,3.45,31.99,31.99,61.45,180.79,104.03,104.03,326.11,-4.59,3.75,-0.99,0.44,2023-03-31,2023,-0.3,-2.7
1618 合機,1618,1618,2023-03-31,6,電線,M16,TEJN08  傳產- 電線,16.52,1.0,0.28,3.17,2.76,15.07,24.74,24.74,41.96,-17.44,-17.68,-17.68,57.01,11.0,2.89,-9.23,-0.24,2023-03-31,2023,3.85,15.49
1701 中化,1701,1701,2023-03-31,22,藥,M17C,TEJN09  傳產- 西藥,25.18,1.0,0.34,4.48,2.64,5.86,17.11,17.11,56.91,39.87,12.22,12.22,23.51,3.42,4.09,-1.31,0.13,2023-03-31,2023,0.1,0.43
1707 葡萄王,1707,1707,2023-03-31,22,藥,M17C,TEJN09  傳產- 西藥,172.98,1.0,1.89,3.65,2.75,8.14,8.94,8.99,13.38,14.0,13.62,13.62,13.42,7.64,6.7,3.79,0.34,2023-03-31,2023,-1.5,-0.94
1718 中纖,1718,1718,2023-03-31,21,石化,M13A,TEJN03  傳產- 塑膠原料,8.32,1.0,-0.34,1.66,0.15,16.7,9.49,9.49,4.66,-13.3,-17.75,-17.75,-9.81,3.14,4.85,17.7,-0.01,2023-03-31,2023,0.0,0.0
1720 生達,1720,1720,2023-03-31,22,藥,M17C,TEJN09  傳產- 西藥,53.12,1.0,1.18,4.32,2.87,20.68,31.41,31.41,63.59,24.65,27.03,27.03,24.94,10.1,9.16,32.24,0.66,2023-03-31,2023,3.4,5.4
1726 永記,1726,1726,2023-03-31,21,染料及顏料,M17B,TEJN11  傳產- 其他化學,69.45,1.0,1.3,2.46,2.09,0.1,2.27,2.27,5.25,-3.74,-3.4,-3.4,-2.66,0.46,2.47,2.02,-0.04,2023-03-31,2023,0.2,0.27
1731 美吾華,1731,1731,2023-03-31,22,藥,M17C,TEJN09  傳產- 西藥,18.77,1.0,0.4,2.89,2.25,1.94,0.71,0.71,1.39,5.05,6.33,6.33,6.25,-0.68,0.03,81.3,0.08,2023-03-31,2023,0.55,2.68
1734 杏輝,1734,1734,2023-03-31,22,藥,M17C,TEJN09  傳產- 西藥,30.03,1.0,0.48,2.26,1.21,15.28,10.47,10.47,42.81,42.61,57.2,57.2,55.56,-6.1,4.15,-4.23,0.36,2023-03-31,2023,-0.3,-0.9
1752 南光,1752,1752,2023-03-31,22,藥,M17C,TEJN09  傳產- 西藥,57.85,1.0,0.93,3.82,2.6,52.52,69.61,69.61,212.43,131.72,129.08,129.08,165.86,6.91,9.81,-5.45,1.52,2023-03-31,2023,1.7,3.1
1762 中化生,1762,1762,2023-03-31,22,藥,M17C,TEJN09  傳產- 西藥,77.4,1.0,2.31,6.45,4.44,44.55,32.78,32.78,40.15,34.05,40.29,40.29,31.16,9.5,14.51,3.55,1.3,2023-03-31,2023,-4.6,-6.93
1777 生泰,1777,1777,2023-03-31,22,藥,M17C,TEJN09  傳產- 西藥,80.27,1.0,1.47,3.03,2.34,36.4,137.5,137.5,359.73,29.81,20.1,20.1,20.59,0.83,4.55,63.36,0.54,2023-03-31,2023,3.3,3.86
1783 和康生,1783,1783,2023-03-31,22,醫療耗材,M17G,TEJN10  傳產- 醫療耗材,55.7,1.0,0.52,3.37,3.02,16.04,46.94,46.94,184.74,108.45,116.33,116.33,52.64,17.08,15.28,-4.46,1.58,2023-03-31,2023,2.71,4.99
1784 訊聯,1784,1784,2023-03-31,22,生物科技,M17H,TEJN09  傳產- 西藥,46.95,1.0,0.49,1.97,1.41,12.15,17.59,17.59,155.86,109.49,105.25,105.25,76.69,2.64,-0.79,-4.34,0.71,2023-03-31,2023,-0.49,-0.75
1786 科妍,1786,1786,2023-03-31,22,醫療耗材,M17G,TEJN10  傳產- 醫療耗材,64.43,1.0,0.5,2.12,1.55,19.94,34.88,34.88,156.58,69.43,21.54,21.54,23.09,7.5,6.95,-3.77,0.31,2023-03-31,2023,8.0,10.03
1795 美時,1795,1795,2023-03-31,22,藥,M17C,TEJN09  傳產- 西藥,248.08,1.0,4.58,7.97,3.7,43.1,97.53,97.53,166.85,155.62,167.63,167.63,184.89,28.01,21.75,27.74,2.91,2023-03-31,2023,-17.0,-6.45
1796 金穎生技,1796,1796,2023-03-31,2,藥,M17C,TEJN09  傳產- 西藥,92.49,1.0,0.73,3.75,2.56,27.69,38.25,38.25,77.15,52.81,48.61,48.61,48.61,9.59,5.44,59.85,1.21,2023-03-31,2023,0.2,0.22
1799 易威,1799,1799,2023-03-31,22,藥,M17C,TEJN09  傳產- 西藥,19.95,1.0,-0.43,-7.23,-4.68,5.41,53.73,53.73,11.16,5.14,5.14,5.14,5.15,-10.02,-17.32,-4.17,0.17,2023-03-31,2023,-0.85,-3.87
1808 潤隆,1808,1808,2023-03-31,14,建設,M25A,TEJN17  傳產- 營建,70.2,1.0,1.89,13.71,1.75,404.66,737.63,737.63,1458.21,2065.21,1959.53,1959.53,1959.53,22.89,11.8,,1.7,2023-03-31,2023,5.9,6.89
2013 中鋼構,2013,2013,2023-03-31,10,金屬基本,M20A,TEJN14  傳產- 鋼鐵,57.07,1.0,0.48,2.08,0.83,8.4,9.3,9.3,14.37,-9.54,-11.4,-11.4,-11.4,-8.51,0.7,12.78,-0.05,2023-03-31,2023,0.0,0.0
2020 美亞,2020,2020,2023-03-31,10,金屬基本,M20A,TEJN14  傳產- 鋼鐵,22.64,1.0,0.75,5.42,2.31,2.48,113.78,112.84,53.43,8.47,-6.86,-6.86,-7.7,-7.36,-17.73,8.82,-0.14,2023-03-31,2023,2.75,10.62
2065 世豐,2065,2065,2023-03-31,10,金屬基本,M20A,TEJN14  傳產- 鋼鐵,59.5,1.0,1.68,7.19,3.69,3.4,11.37,11.37,23.08,5.07,4.98,4.98,2.03,-6.59,-5.82,13.94,0.17,2023-03-31,2023,1.7,3.05
2066 世德,2066,2066,2023-03-31,5,汽車組件,M15D,TEJN16  傳產- 汽車,87.6,1.0,2.05,4.74,2.69,10.13,25.08,25.08,111.22,49.1,43.77,43.77,37.93,7.81,36.64,-3.04,0.84,2023-03-31,2023,8.56,10.85
2067 嘉鋼,2067,2067,2023-03-31,5,機械業,M15A,TEJN06  傳產- 工具機,11.05,1.0,0.01,-0.67,-0.16,9.4,12.24,12.24,54.59,319.39,65.7,65.7,-291.39,1.87,-7.97,-1.15,0.9,2023-03-31,2023,-0.4,-2.99
2070 精湛,2070,2070,2023-03-31,5,儀器設備,M15H,,35.88,1.0,0.1,0.44,0.3,9.3,24.62,24.62,3242.64,-80.5,-88.24,-88.24,-91.5,-14.16,-6.4,-10.31,-2.19,2023-03-31,2023,-0.4,-1.32
2201 裕隆,2201,2201,2023-03-31,12,汽車製造,M22A,TEJN16  傳產- 汽車,73.97,1.0,1.23,3.28,0.67,0.08,6.07,6.09,-3.39,-23.26,-27.93,-27.93,-28.19,9.8,1.23,,-0.17,2023-03-31,2023,9.54,13.0
2204 中華,2204,2204,2023-03-31,12,汽車製造,M22A,TEJN16  傳產- 汽車,61.17,1.0,2.71,4.63,3.45,25.36,23.14,22.56,22.06,13.36,16.9,16.9,17.99,-15.86,-27.28,,0.45,2023-03-31,2023,12.3,14.5
2206 三陽工業,2206,2206,2023-03-31,12,機車船製造,M22B,TEJN16  傳產- 汽車,38.09,1.0,1.71,7.24,2.64,37.42,47.94,47.94,95.8,46.66,36.5,36.5,93.43,17.69,18.62,6.4,0.77,2023-03-31,2023,1.3,1.78
2207 和泰車,2207,2207,2023-03-31,12,汽車買賣,M22X,TEJN16  傳產- 汽車,627.7,1.0,9.27,8.95,1.54,11.55,23.34,22.75,29.98,10.78,12.96,12.96,12.91,15.8,-17.82,11.22,0.37,2023-03-31,2023,-21.0,-2.98
2228 劍麟,2228,2228,2023-03-31,12,汽車組件,M15D,TEJN16  傳產- 汽車,81.44,1.0,1.25,2.69,1.9,4.4,19.55,19.55,77.39,35.95,35.19,35.19,52.89,2.26,7.95,-4.61,0.34,2023-03-31,2023,14.6,17.0
2231 為升,2231,2231,2023-03-31,12,汽車組件,M15D,TEJN16  傳產- 汽車,182.0,1.0,1.25,2.62,1.41,25.36,28.03,28.03,112.89,16.35,-5.4,-5.4,-7.1,3.13,9.33,-0.6,-0.02,2023-03-31,2023,7.98,5.87
2236 百達-KY,2236,2236,2023-03-31,12,汽車組件,M15D,TEJN16  傳產- 汽車,38.55,1.0,0.7,3.52,1.99,27.78,47.24,47.24,504.52,254.61,399.54,399.54,3987.4,-5.03,-2.27,-8.9,1.25,2023-03-31,2023,15.65,25.56
2239 英利-KY,2239,2239,2023-03-31,12,汽車組件,M15D,TEJN16  傳產- 汽車,72.39,1.0,-0.5,0.22,0.09,7.28,24.63,24.63,175.81,64.48,-3.77,-3.77,-14.14,12.26,-2.86,12.09,0.13,2023-03-31,2023,-0.4,-0.63
2247 汎德永業,2247,2247,2023-03-31,12,汽車買賣,M22X,TEJN16  傳產- 汽車,247.98,1.0,5.03,3.43,1.82,26.44,11.76,11.76,25.58,27.02,26.44,26.44,26.44,7.86,-5.05,6.33,0.27,2023-03-31,2023,2.5,0.8
2308 台達電,2308,2308,2023-03-31,28,電子零組件,M23D,TEJT11  電子- 電源供應器,292.53,1.0,2.66,3.35,1.8,12.5,13.57,13.57,12.55,16.63,16.69,16.69,22.22,14.02,17.01,14.52,0.41,2023-03-31,2023,-11.5,-3.27
2314 台揚,2314,2314,2023-03-31,27,通訊設備,M23K,TEJT15  電子- 網通,42.8,1.0,-0.26,-2.78,-0.89,28.88,88.16,88.16,68.24,58.54,55.53,55.53,45.59,-8.57,-15.41,6.75,1.39,2023-03-31,2023,0.2,0.51
2317 鴻海,2317,2317,2023-03-31,31,PC系統,M23A,TEJT01  電子- PC,99.21,1.0,0.93,1.56,0.65,3.9,4.21,4.21,10.51,-44.75,-54.07,-54.07,-52.34,-6.01,1.11,15.18,-0.15,2023-03-31,2023,-1.0,-0.93
2328 廣宇,2328,2328,2023-03-31,28,電子零組件,M23D,TEJT10  電子- 連接器,39.25,1.0,0.57,3.81,2.3,1.99,32.9,32.9,47.07,18.74,20.47,20.47,22.4,7.1,9.77,25.03,0.39,2023-03-31,2023,0.69,1.84
2330 台積電,2330,2330,2023-03-31,24,半導體,M23G,TEJT16  電子- 晶圓製造,530.52,1.0,7.98,6.73,4.07,3.58,4.87,4.87,3.33,7.69,2.01,2.01,1.24,26.38,33.23,34.65,0.08,2023-03-31,2023,19.01,3.53
2332 友訊,2332,2332,2023-03-31,27,網路設備,M23E,TEJT15  電子- 網通,18.01,1.0,0.23,0.66,0.41,6.01,33.11,33.11,290.41,215.7,209.42,209.42,222.95,8.27,8.12,-1.25,2.15,2023-03-31,2023,-0.15,-0.71
2345 智邦,2345,2345,2023-03-31,27,網路設備,M23E,TEJT15  電子- 網通,312.94,1.0,3.65,9.81,4.58,25.15,44.64,44.64,71.3,59.55,58.26,58.26,59.47,26.43,32.44,32.54,1.67,2023-03-31,2023,119.0,30.99
2349 錸德,2349,2349,2023-03-31,26,光電/ IO,M23C,TEJT05  電子- PC週邊,8.94,1.0,-0.14,0.31,0.17,10.23,36.1,36.1,42.85,15.78,40.73,40.73,-5.97,-3.5,-0.6,-6.34,0.17,2023-03-31,2023,-0.12,-1.4
2364 倫飛,2364,2364,2023-03-31,25,PC系統,M23A,TEJT01  電子- PC,103.5,1.0,0.76,5.28,1.49,30.63,61.76,61.76,241.24,70.4,71.26,71.26,71.26,3.71,19.48,,0.7,2023-03-31,2023,32.2,41.39
2373 震旦行,2373,2373,2023-03-31,31,資訊通路,M23T,TEJT20  電子- 資訊通路,74.86,1.0,0.87,3.46,1.6,0.07,1.92,1.86,-15.5,-15.56,-13.59,-13.59,-14.57,-0.16,-15.73,16.33,-0.15,2023-03-31,2023,0.3,0.4
2390 云辰,2390,2390,2023-03-31,31,光電/ IO,M23C,TEJT09  電子- 其他光電,12.45,1.0,-0.45,-3.38,-2.85,11.34,35.32,35.32,107.22,9.0,10.85,10.85,36.98,-28.5,-33.2,-8.69,0.19,2023-03-31,2023,1.35,11.2
2392 正崴,2392,2392,2023-03-31,28,電子零組件,M23D,TEJT10  電子- 連接器,39.25,1.0,-1.32,-1.95,-0.74,4.91,19.3,19.3,528.75,-359.28,-500.4,-500.4,-500.57,3.35,6.28,-11.39,-0.7,2023-03-31,2023,0.8,1.9
2395 研華,2395,2395,2023-03-31,25,主機板,M23B,TEJT02  電子- 主機板,329.47,1.0,3.8,7.31,4.52,7.92,12.24,12.24,16.15,16.11,15.06,15.06,8.53,13.71,11.25,7.74,0.6,2023-03-31,2023,6.0,1.74
2402 毅嘉,2402,2402,2023-03-31,28,主機板,M23B,TEJT03  電子- PCB,26.65,1.0,0.13,0.9,0.55,9.76,6.18,6.18,-11.86,-36.35,-34.36,-34.36,-16.41,1.16,-0.21,-4.09,-0.26,2023-03-31,2023,6.33,17.64
2404 漢唐,2404,2404,2023-03-31,31,電子設備,M23H,TEJT18  電子- 電子設備,197.05,1.0,6.01,10.23,2.9,168.81,94.76,94.76,114.41,121.5,109.48,109.48,63.87,33.09,13.75,11.14,1.81,2023-03-31,2023,13.0,5.82
2412 中華電,2412,2412,2023-03-31,27,通訊設備,M23K,TEJT19  電子- 電信業,114.87,1.0,1.24,2.6,1.98,5.69,4.98,4.98,4.41,5.02,5.13,5.13,4.58,1.19,0.78,1.56,0.13,2023-03-31,2023,0.5,0.43
2413 環科,2413,2413,2023-03-31,28,電子零組件,M23D,TEJT11  電子- 電源供應器,34.4,1.0,0.31,2.26,0.85,38.72,38.13,38.13,199.48,8.93,40.18,40.18,11.98,8.33,12.71,-5.42,0.25,2023-03-31,2023,0.45,1.58
2423 固緯,2423,2423,2023-03-31,31,電子零組件,M23D,TEJT11  電子- 電源供應器,30.35,1.0,0.56,3.44,2.25,2.58,1.93,1.93,0.94,-12.9,-12.48,-12.48,-13.33,3.08,4.88,-3.41,-0.27,2023-03-31,2023,0.65,1.91
2424 隴華,2424,2424,2023-03-31,27,通訊設備,M23K,,22.7,1.0,-0.75,-13.03,-6.69,78.26,26.06,26.06,8.36,19.62,19.62,19.62,19.62,22.3,50.15,-1.57,1.35,2023-03-31,2023,-1.35,-3.87
2427 三商電,2427,2427,2023-03-31,30,軟體服務,M23X,TEJT22  電子- 軟體,14.98,1.0,0.42,4.18,1.84,8.14,21.22,21.22,40.18,26.17,34.54,34.54,49.11,15.54,8.38,16.84,0.46,2023-03-31,2023,2.7,11.42
2453 凌群,2453,2453,2023-03-31,30,軟體服務,M23X,TEJT22  電子- 軟體,66.06,1.0,0.84,4.08,1.99,2.47,11.96,11.96,66.18,22.91,23.76,23.76,22.73,10.1,4.25,,0.42,2023-03-31,2023,-0.5,-0.93
2471 資通,2471,2471,2023-03-31,30,軟體服務,M23X,TEJT22  電子- 軟體,47.08,1.0,0.18,0.94,0.6,6.81,7.9,7.9,15.95,-54.33,-58.77,-58.77,-58.77,3.28,4.98,-24.95,-0.88,2023-03-31,2023,4.0,7.98
2480 敦陽科,2480,2480,2023-03-31,30,軟體服務,M23X,TEJT22  電子- 軟體,91.55,1.0,1.99,8.01,3.56,9.02,9.95,9.95,15.68,16.78,15.97,15.97,15.97,13.87,3.3,-3.05,0.43,2023-03-31,2023,1.0,0.88
2482 連宇,2482,2482,2023-03-31,31,光電/ IO,M23C,TEJT05  電子- PC週邊,61.15,1.0,1.12,7.22,5.48,266.71,300.75,300.75,774.19,81.92,48.03,48.03,876.77,34.94,39.09,-4.78,1.79,2023-03-31,2023,-2.25,-4.46
2485 兆赫,2485,2485,2023-03-31,27,通訊設備,M23K,TEJT15  電子- 網通,20.1,1.0,-0.19,-1.41,-1.02,7.94,4786.24,4786.24,4.64,-19.41,-8.95,-8.95,-9.01,2.45,0.51,-9.78,0.16,2023-03-31,2023,7.05,35.97
2495 普安,2495,2495,2023-03-31,25,光電/ IO,M23C,TEJT05  電子- PC週邊,21.87,1.0,0.26,1.65,1.08,44.01,77.19,77.19,2266.1,47.96,41.2,41.2,162.27,13.65,3.27,,0.38,2023-03-31,2023,0.1,0.5
2496 卓越,2496,2496,2023-03-31,20,其他,M99Z,TEJO99  其它業別,49.76,1.0,0.96,2.32,1.41,7.8,11.23,11.23,13.33,16.39,14.49,14.49,20.16,4.55,-4.85,12.8,0.21,2023-03-31,2023,3.7,7.1
2501 國建,2501,2501,2023-03-31,14,建設,M25A,TEJN17  傳產- 營建,16.57,1.0,0.12,0.26,0.09,175.13,210.86,210.86,234.49,174.7,169.98,169.98,185.75,8.41,-0.47,-3.05,0.51,2023-03-31,2023,0.1,0.66
2504 國產,2504,2504,2023-03-31,14,預拌混凝土,M11B,TEJN01  傳產- 水泥,25.96,1.0,0.72,4.21,2.69,3.65,22.44,22.44,37.34,-54.06,-58.47,-58.47,81.29,12.05,2.27,45.16,-3.11,2023-03-31,2023,-1.1,-4.1
2506 太設,2506,2506,2023-03-31,14,建設,M25A,TEJN17  傳產- 營建,9.04,1.0,0.13,0.85,0.56,44.35,91.93,91.93,3151.34,416.64,282.19,282.19,282.21,0.16,7.66,-2.92,0.6,2023-03-31,2023,0.0,0.0
2515 中工,2515,2515,2023-03-31,14,營造,M25B,TEJN17  傳產- 營建,8.82,1.0,0.07,0.39,0.19,8.1,7.8,7.8,33.56,-71.2,-76.24,-76.24,-96.7,-0.5,-3.24,,-0.71,2023-03-31,2023,0.1,1.0
2516 新建,2516,2516,2023-03-31,14,營造,M25B,TEJN17  傳產- 營建,4.9,1.0,0.27,4.28,0.95,33.78,4.69,4.69,90.38,142.87,142.87,142.87,56.08,3.97,-29.98,-0.94,0.61,2023-03-31,2023,0.85,12.57
2528 皇普,2528,2528,2023-03-31,14,建設,M25A,TEJN17  傳產- 營建,20.48,1.0,0.89,6.45,1.76,122.14,132.16,132.16,153.53,165.42,165.99,165.99,165.99,12.19,5.13,11480.56,1.07,2023-03-31,2023,2.15,8.04
2538 基泰,2538,2538,2023-03-31,14,建設,M25A,TEJN17  傳產- 營建,12.16,1.0,1.44,25.67,7.83,34.35,53.22,53.22,-3320.65,2596.1,2577.28,2577.28,-330.21,0.48,25.93,-4.07,7.0,2023-03-31,2023,-0.9,-6.55
2539 櫻花建,2539,2539,2023-03-31,14,建設,M25A,TEJN17  傳產- 營建,37.25,1.0,0.64,4.62,2.24,77176.26,260583.45,260583.45,1715.34,1520.75,1229.34,1229.34,1229.34,-4.86,22.78,-15.52,2.44,2023-03-31,2023,2.04,5.12
2540 愛山林,2540,2540,2023-03-31,14,建設,M25A,TEJN17  傳產- 營建,74.5,1.0,0.52,1.96,0.49,33.9,83.5,83.5,123.44,98.42,131.47,131.47,131.68,37.32,39.34,,0.42,2023-03-31,2023,13.28,19.42
2542 興富發,2542,2542,2023-03-31,14,建設,M25A,TEJN17  傳產- 營建,41.15,1.0,0.62,3.48,0.77,29.53,51.16,51.16,66.52,79.36,72.69,72.69,72.29,7.56,0.94,50.45,0.33,2023-03-31,2023,0.6,1.41
2543 皇昌,2543,2543,2023-03-31,14,營造,M25B,TEJN17  傳產- 營建,9.33,1.0,0.08,0.88,0.19,10.41,64.7,64.7,75.81,30.01,35.06,35.06,42.89,58.23,10.56,28.77,0.17,2023-03-31,2023,1.45,13.81
2546 根基,2546,2546,2023-03-31,14,營造,M25B,TEJN17  傳產- 營建,61.99,1.0,1.43,4.11,1.51,49.08,19.1,19.1,17.94,16.64,15.54,15.54,15.95,14.0,19.95,27.25,0.22,2023-03-31,2023,3.6,5.05
2548 華固,2548,2548,2023-03-31,14,建設,M25A,TEJN17  傳產- 營建,85.85,1.0,4.28,5.92,2.84,66.28,71.74,71.74,76.79,72.25,71.64,71.64,71.64,-6.99,6.85,,1.2,2023-03-31,2023,0.0,0.0
2617 台航,2617,2617,2023-03-31,15,海運,M26A,TEJN18  傳產- 海空運,28.81,1.0,0.34,0.32,0.2,14.48,11.74,11.74,12.2,-33.42,-41.66,-41.66,-41.66,-2.58,-3.93,14.33,-0.02,2023-03-31,2023,2.75,10.24
2618 長榮航,2618,2618,2023-03-31,15,空運業,M26D,TEJN18  傳產- 海空運,26.31,1.0,0.84,5.46,1.65,47.64,42.07,42.07,49.18,39.53,39.07,39.07,39.69,1.74,4.22,-9.78,0.46,2023-03-31,2023,-3.5,-10.25
2630 亞航,2630,2630,2023-03-31,15,機車船製造,M22B,,17.27,1.0,0.02,0.2,0.08,27.62,79.13,79.13,188.35,123.41,118.65,118.65,116.58,7.01,-1.41,5.1,0.43,2023-03-31,2023,7.15,21.67
2633 台灣高鐵,2633,2633,2023-03-31,15,陸運業,M26B,,29.6,1.0,0.38,3.11,0.53,35.13,103.66,103.66,113.51,275.61,281.1,281.1,246.7,-5.82,1.58,11.24,0.44,2023-03-31,2023,1.6,5.48
2634 漢翔,2634,2634,2023-03-31,15,機車船製造,M22B,,40.88,1.0,0.58,3.34,1.23,72.33,138.15,138.15,541.63,182.08,168.0,168.0,167.97,12.62,12.35,-6.12,0.83,2023-03-31,2023,4.1,7.61
2640 大車隊,2640,2640,2023-03-31,36,陸運業,M26B,,110.27,1.0,1.88,6.04,3.36,7.7,7.41,7.41,6.77,7.34,6.6,6.6,4.44,8.18,2.47,12.6,0.33,2023-03-31,2023,-1.5,-1.38
2645 長榮航太,2645,2645,2023-03-31,15,機車船製造,M22B,,94.37,1.0,0.84,2.61,1.29,21.05,35.06,35.06,36.4,-0.78,-0.78,-0.78,-2.93,3.35,14.22,-8.9,-0.04,2023-03-31,2023,0.5,0.44
2701 萬企,2701,2701,2023-03-31,16,餐飲飯店,M27A,TEJN20  傳產- 觀光餐飲,12.55,1.0,0.05,1.03,0.89,27.31,36.68,36.68,48.2,28.41,28.69,28.69,27.4,4.55,5.16,,0.06,2023-03-31,2023,0.1,0.8
2702 華園,2702,2702,2023-03-31,16,餐飲飯店,M27A,TEJN20  傳產- 觀光餐飲,23.4,1.0,-0.26,-1.67,-0.62,36.55,47.23,47.23,86.21,-490.6,-977.21,-977.21,-1170.93,1.34,15.43,-9.5,-0.1,2023-03-31,2023,0.48,2.34
2705 六福,2705,2705,2023-03-31,16,餐飲飯店,M27A,TEJN20  傳產- 觀光餐飲,17.1,1.0,-0.26,-1.0,-0.31,50.55,394.48,394.48,96.21,64.95,64.95,64.95,64.95,-0.36,-4.33,-5.69,0.61,2023-03-31,2023,-0.8,-4.47
2706 第一店,2706,2706,2023-03-31,16,餐飲飯店,M27A,TEJN20  傳產- 觀光餐飲,14.7,1.0,0.06,0.44,0.38,37.69,16.03,16.03,17.39,-1.65,-1.45,-1.45,-1.52,6.39,7.07,,0.0,2023-03-31,2023,0.1,0.65
2707 晶華,2707,2707,2023-03-31,16,餐飲飯店,M27A,TEJN20  傳產- 觀光餐飲,270.79,1.0,2.84,8.55,3.52,22.39,35.03,35.03,48.83,40.96,37.74,37.74,40.53,-5.1,0.41,-7.24,0.96,2023-03-31,2023,-16.0,-6.85
2712 遠雄來,2712,2712,2023-03-31,16,餐飲飯店,M27A,TEJN20  傳產- 觀光餐飲,35.47,1.0,0.13,1.14,0.75,51.88,77.76,77.76,1107.29,418.73,310.71,310.71,337.49,21.39,3.08,16.05,0.85,2023-03-31,2023,-0.75,-2.09
2718 晶悅,2718,2718,2023-03-31,14,建設,M25A,TEJN17  傳產- 營建,48.5,1.0,3.03,15.3,6.06,3538.37,35547.05,35547.05,3191.75,3270.89,2745.59,2745.59,2745.59,37.0,13.46,,6.39,2023-03-31,2023,0.9,1.96
2719 燦星旅,2719,2719,2023-03-31,16,旅行社,M27C,TEJN20  傳產- 觀光餐飲,51.1,1.0,0.02,0.22,0.16,1809.38,1407.06,1407.06,9.45,113.08,113.38,113.38,113.38,202.32,1112.79,-0.83,1.39,2023-03-31,2023,-13.0,-18.71
2722 夏都,2722,2722,2023-03-31,16,餐飲飯店,M27A,TEJN20  傳產- 觀光餐飲,48.02,1.0,0.2,4.28,3.27,6.39,7.1,7.1,17.73,114.69,143.57,143.57,20.64,5.22,13.87,5.09,0.56,2023-03-31,2023,-7.1,-12.14
2723 美食-KY,2723,2723,2023-03-31,16,餐飲飯店,M27A,TEJN20  傳產- 觀光餐飲,142.65,1.0,1.38,2.32,1.23,7.14,6.54,6.54,0.21,-0.28,-0.63,-0.63,-7.31,-2.78,-3.33,14.81,-0.08,2023-03-31,2023,-2.5,-2.21
2727 王品,2727,2727,2023-03-31,16,餐飲飯店,M27A,TEJN20  傳產- 觀光餐飲,311.5,1.0,5.01,10.81,2.72,19.84,26.71,26.71,204.42,284.84,357.74,357.74,340.01,8.93,6.85,-3.6,1.84,2023-03-31,2023,-1.84,-0.7
2729 瓦城,2729,2729,2023-03-31,16,餐飲飯店,M27A,TEJN20  傳產- 觀光餐飲,201.79,1.0,4.84,6.57,3.41,21.09,26.29,26.29,111.83,123.87,123.68,123.68,123.2,-17.94,13.21,5.67,1.69,2023-03-31,2023,-6.0,-2.15
2731 雄獅,2731,2731,2023-03-31,16,旅行社,M27C,TEJN20  傳產- 觀光餐飲,151.0,1.0,1.08,6.68,1.93,502.53,509.32,509.32,151.21,159.16,155.05,155.05,155.08,44.74,69.93,-3.1,4.39,2023-03-31,2023,-3.0,-2.17
2732 六角,2732,2732,2023-03-31,16,餐飲飯店,M27A,TEJN20  傳產- 觀光餐飲,178.5,1.0,1.53,3.68,1.78,1.22,17.27,16.82,164.37,82.44,121.53,121.53,121.21,5.64,5.04,-2.0,0.93,2023-03-31,2023,-11.33,-8.7
2734 易飛網,2734,2734,2023-03-31,16,旅行社,M27C,TEJN20  傳產- 觀光餐飲,33.5,1.0,0.12,1.62,0.64,808.25,335.07,335.07,92.78,126.61,126.61,126.61,104.8,60.98,47.31,-7.09,3.4,2023-03-31,2023,-3.2,-7.02
2736 富野,2736,2736,2023-03-31,16,餐飲飯店,M27A,TEJN20  傳產- 觀光餐飲,23.95,1.0,0.79,3.02,1.67,3.73,3.53,3.53,-10.33,46.96,59.51,59.51,54.97,-3.64,2.89,-8.1,0.6,2023-03-31,2023,-4.84,-14.51
2739 寒舍,2739,2739,2023-03-31,16,餐飲飯店,M27A,TEJN20  傳產- 觀光餐飲,57.7,1.0,0.9,11.12,0.6,47.31,153.81,153.81,375.31,576.53,1258.95,1258.95,1204.95,-8.39,-6.25,-8.16,0.61,2023-03-31,2023,-3.95,-8.86
2740 天蔥,2740,2740,2023-03-31,16,餐飲飯店,M27A,TEJN20  傳產- 觀光餐飲,46.4,1.0,-0.39,-4.78,-3.8,52.63,53.45,53.45,-11.86,-7.17,-7.17,-7.17,-7.15,179.89,1217.84,-21.23,-0.3,2023-03-31,2023,2.9,7.82
2743 山富,2743,2743,2023-03-31,16,旅行社,M27C,TEJN20  傳產- 觀光餐飲,59.9,1.0,2.02,12.61,5.08,1042.69,804.72,804.72,416.19,429.71,440.71,440.71,447.19,117.07,36.96,16.96,7.4,2023-03-31,2023,2.0,1.89
2745 五福,2745,2745,2023-03-31,16,旅行社,M27C,TEJN20  傳產- 觀光餐飲,40.4,1.0,0.9,8.67,3.12,2252.84,1270.12,1270.12,143.46,151.23,218.82,218.82,222.64,198.66,38.75,-6.24,7.36,2023-03-31,2023,-13.3,-15.78
2748 雲品,2748,2748,2023-03-31,16,餐飲飯店,M27A,TEJN20  傳產- 觀光餐飲,90.35,1.0,0.86,3.72,1.73,14.41,22.19,22.19,25.02,24.92,23.1,23.1,21.12,1.75,40.34,-7.73,0.29,2023-03-31,2023,-3.8,-4.95
2752 豆府,2752,2752,2023-03-31,16,餐飲飯店,M27A,TEJN20  傳產- 觀光餐飲,262.5,1.0,4.0,10.68,5.58,32.29,36.98,36.98,67.52,71.39,73.01,73.01,69.08,17.19,7.34,10.54,2.56,2023-03-31,2023,5.0,1.95
2753 八方雲集,2753,2753,2023-03-31,16,餐飲飯店,M27A,TEJN20  傳產- 觀光餐飲,179.97,1.0,2.0,3.7,2.1,10.8,3.36,3.36,-6.21,-12.6,-12.54,-12.54,-10.55,4.5,7.77,6.6,-0.23,2023-03-31,2023,3.0,1.79
2754 亞洲藏壽司,2754,2754,2023-03-31,16,餐飲飯店,M27A,TEJN20  傳產- 觀光餐飲,155.47,1.0,1.86,5.67,1.97,29.64,28.48,28.48,42.55,39.38,39.38,39.38,44.3,6.76,18.54,7.55,0.96,2023-03-31,2023,-16.48,-10.67
2755 揚秦,2755,2755,2023-03-31,16,餐飲飯店,M27A,TEJN20  傳產- 觀光餐飲,101.01,1.0,1.32,4.32,2.05,12.87,14.91,14.91,1.72,1.87,2.72,2.72,1.14,18.3,12.73,12.88,0.14,2023-03-31,2023,8.0,7.31
2756 聯發國際,2756,2756,2023-03-31,16,餐飲飯店,M27A,TEJN20  傳產- 觀光餐飲,145.0,1.0,1.02,3.78,2.03,1.81,10.31,10.31,21.42,3.02,1.19,1.19,2.38,17.54,16.02,18.45,-0.01,2023-03-31,2023,3.06,3.12
2816 旺旺保,2816,2816,2023-03-31,17,產險業,M28J,TEJF02  金融- 保險業,15.25,1.0,0.89,6.04,1.6,16.75,53.69,,593.15,627.03,420.84,420.84,420.84,0.13,-17.19,-0.86,1.43,2023-03-31,2023,14.6,71.22
2832 台產,2832,2832,2023-03-31,17,產險業,M28J,TEJF02  金融- 保險業,19.85,1.0,0.67,5.38,2.56,8.49,71.17,,178.54,176.55,231.93,231.93,231.93,5.3,3.53,-16.52,0.82,2023-03-31,2023,1.45,6.33
2903 遠百,2903,2903,2023-03-31,18,百貨批發,M29A,TEJN21  傳產- 百貨貿易,21.7,1.0,0.56,3.24,1.08,2.47,7.55,7.55,33.17,45.26,48.87,48.87,48.41,-3.58,2.2,-5.28,0.26,2023-03-31,2023,1.55,7.03
2904 匯僑,2904,2904,2023-03-31,20,貨運倉儲業,M26C,TEJN19  傳產- 陸運,20.19,1.0,0.34,2.0,1.12,12.87,77.28,77.28,223.45,-9.19,-9.14,-9.14,1267.14,16.15,21.74,7.57,-0.11,2023-03-31,2023,-0.05,-0.26
2905 三商,2905,2905,2023-03-31,18,百貨批發,M29A,,15.35,1.0,-0.8,19.89,0.49,13.28,145.17,145.17,122.38,-45.28,8.43,8.43,-24.53,2.55,-7.35,8.35,0.02,2023-03-31,2023,-0.58,-4.18
2912 統一超,2912,2912,2023-03-31,18,百貨批發,M29A,TEJN21  傳產- 百貨貿易,260.85,1.0,2.71,6.71,1.37,11.54,12.84,12.84,10.82,25.73,27.25,27.25,25.74,6.94,5.93,14.89,0.45,2023-03-31,2023,-2.5,-0.93
2915 潤泰全,2915,2915,2023-03-31,18,百貨批發,M29A,TEJN21  傳產- 百貨貿易,54.67,1.0,0.14,9.29,7.55,3.45,21.66,21.66,158.99,-95.44,-96.62,-96.62,-96.63,-1.8,22.64,-5.36,-4.04,2023-03-31,2023,-0.9,-1.48
2916 滿心,2916,2916,2023-03-31,38,百貨批發,M29A,,30.74,1.0,1.21,6.54,4.63,20.48,25.83,25.83,73.03,81.52,81.52,81.52,81.52,10.71,4.95,0.8,2.27,2023-03-31,2023,-0.85,-1.88
2926 誠品生活,2926,2926,2023-03-31,32,百貨批發,M29A,TEJN21  傳產- 百貨貿易,63.5,1.0,-0.45,-3.71,-0.19,15.57,18.98,18.98,23.39,65.98,70.41,70.41,73.52,0.07,-16.4,-5.91,0.52,2023-03-31,2023,5.2,8.33
2945 三商家購,2945,2945,2023-03-31,18,百貨批發,M29A,,41.75,1.0,0.15,0.36,0.12,1.94,2.19,2.19,946.64,1007.7,695.86,695.86,6074.42,-3.96,-6.65,-16.97,0.01,2023-03-31,2023,0.5,1.23
2947 振宇五金,2947,2947,2023-03-31,38,百貨批發,M29A,,91.8,1.0,0.64,1.72,0.46,6.41,5.3,5.3,-46.81,-51.86,-51.48,-51.48,-51.67,18.89,-7.98,22.83,-0.18,2023-03-31,2023,-1.5,-1.69
3004 豐達科,3004,3004,2023-03-31,10,機車船製造,M22B,,86.2,1.0,1.27,3.5,1.49,64.02,153.63,153.63,5503.84,434.08,386.69,386.69,703.1,7.62,11.47,-7.02,1.98,2023-03-31,2023,3.2,3.24
3005 神基,3005,3005,2023-03-31,25,電子零組件,M23D,TEJT12  電子- 機殼,53.5,1.0,1.27,3.49,1.95,7.91,16.52,16.52,31.24,50.61,56.14,56.14,32.31,3.62,6.58,-5.08,0.83,2023-03-31,2023,9.1,13.7
3013 晟銘電,3013,3013,2023-03-31,25,電子零組件,M23D,TEJT12  電子- 機殼,22.09,1.0,0.13,1.03,0.46,30.36,68.15,68.15,594.04,20.04,241.52,241.52,241.52,-11.48,7.72,-5.11,0.31,2023-03-31,2023,3.65,8.94
3022 威強電,3022,3022,2023-03-31,25,主機板,M23B,TEJT02  電子- 主機板,81.92,1.0,2.14,4.87,3.43,38.4,36.43,36.44,54.59,38.06,54.57,54.57,55.2,13.74,14.9,9.0,1.06,2023-03-31,2023,2.0,2.53
3023 信邦,3023,3023,2023-03-31,28,電子零組件,M23D,TEJT10  電子- 連接器,342.0,1.0,3.75,7.15,3.04,21.59,23.5,23.5,47.27,33.19,32.92,32.92,41.96,16.85,18.78,5.94,0.76,2023-03-31,2023,2.52,0.81
3024 憶聲,3024,3024,2023-03-31,26,家電製品,M15C,TEJN07  傳產- 電機及家電,14.7,1.0,0.09,1.36,0.82,9.97,29.45,29.45,170.08,110.3,38.06,38.06,29.51,7.26,-1.14,-0.74,0.18,2023-03-31,2023,-0.05,-0.3
3025 星通,3025,3025,2023-03-31,27,網路設備,M23E,TEJT15  電子- 網通,27.7,1.0,0.61,4.93,3.9,22.03,35.58,35.58,179.69,70.75,109.46,109.46,106.86,4.11,8.25,-5.42,2.09,2023-03-31,2023,3.84,9.81
3027 盛達,3027,3027,2023-03-31,27,通訊設備,M23K,,45.74,1.0,-0.18,-0.82,-0.45,18.22,6.59,6.59,-241.41,-127.05,-157.47,-157.47,-158.64,45.54,42.2,47.28,-0.86,2023-03-31,2023,-1.0,-2.32
3029 零壹,3029,3029,2023-03-31,30,軟體服務,M23X,,55.1,1.0,1.17,5.08,2.45,21.06,14.49,14.49,15.58,21.03,21.76,21.76,17.77,0.91,2.25,,0.4,2023-03-31,2023,-0.4,-0.65
3032 偉訓,3032,3032,2023-03-31,28,電子零組件,M23D,TEJT12  電子- 機殼,44.52,1.0,0.86,3.68,1.81,18.3,34.92,34.92,113.97,26.88,23.78,23.78,40.99,-0.09,3.31,-18.02,0.19,2023-03-31,2023,0.2,0.31
3038 全台,3038,3038,2023-03-31,26,光電/ IO,M23C,TEJT08  電子- 面板,24.99,1.0,0.6,5.22,2.78,10.15,29.47,29.47,86.67,12.81,15.58,15.58,14.48,12.99,9.57,38.08,0.36,2023-03-31,2023,-2.8,-7.99
3043 科風,3043,3043,2023-03-31,31,電子零組件,M23D,TEJT11  電子- 電源供應器,38.1,1.0,0.24,1.48,0.41,71.23,34.27,34.27,120.22,13.14,13.14,13.14,10.22,24.12,145.03,-9.09,0.03,2023-03-31,2023,-0.4,-0.87
3045 台灣大,3045,3045,2023-03-31,27,通訊設備,M23K,TEJT19  電子- 電信業,96.68,1.0,0.96,4.39,1.7,8.11,5.21,5.21,4.58,1.96,0.88,0.88,1.09,1.08,-0.28,-1.06,0.06,2023-03-31,2023,1.9,2.03
3046 建碁,3046,3046,2023-03-31,25,主機板,M23B,TEJT02  電子- 主機板,68.64,1.0,0.74,6.25,2.61,61.55,46.14,46.14,200.32,76.04,72.95,72.95,72.95,31.94,14.37,,1.22,2023-03-31,2023,7.4,10.69
3050 鈺德,3050,3050,2023-03-31,26,光電/ IO,M23C,TEJT05  電子- PC週邊,15.21,1.0,0.2,1.27,0.68,1.25,14.5,14.5,58.19,101.6,214.34,214.34,105.18,-3.97,-0.85,-3.36,0.49,2023-03-31,2023,0.35,2.38
3056 總太,3056,3056,2023-03-31,14,建設,M25A,TEJN17  傳產- 營建,29.83,1.0,0.06,0.2,0.07,508.69,1374.05,1374.05,106.23,130.77,127.51,127.51,103.93,-6.18,34.9,0.64,0.32,2023-03-31,2023,,
3062 建漢,3062,3062,2023-03-31,27,網路設備,M23E,TEJT15  電子- 網通,23.2,1.0,-0.37,-1.97,-1.34,10.5,140.49,140.49,-9.55,-41.65,-29.64,-29.64,-26.3,-6.75,-7.38,12.39,-0.29,2023-03-31,2023,2.7,13.6
3067 全域,3067,3067,2023-03-31,31,消費性電子,M23U,TEJT21  電子- 消費性電子,32.55,1.0,0.06,0.55,0.4,153.16,90.39,90.39,200.0,320.91,278.33,278.33,278.33,7.9,-2.03,-6.3,0.59,2023-03-31,2023,-1.15,-2.93
3078 僑威,3078,3078,2023-03-31,28,電子零組件,M23D,TEJT11  電子- 電源供應器,44.3,1.0,1.18,4.89,2.76,35.75,98.55,98.55,217.77,58.45,50.3,50.3,50.1,11.27,1.23,,0.97,2023-03-31,2023,-3.46,-4.2
3083 網龍,3083,3083,2023-03-31,32,軟體服務,M23X,TEJT22  電子- 軟體,43.8,1.0,-0.07,2.78,2.5,3.66,0.03,0.03,45.95,53.77,53.72,53.72,53.72,-0.34,0.0,,0.7,2023-03-31,2023,0.0,0.0
3088 艾訊,3088,3088,2023-03-31,25,主機板,M23B,TEJT02  電子- 主機板,76.8,1.0,1.35,3.45,1.97,6.24,4.83,4.85,7.14,-8.68,-7.36,-7.36,-7.4,17.69,17.0,29.74,-0.07,2023-03-31,2023,5.89,6.8
3118 進階,3118,3118,2023-03-31,22,醫療耗材,M17G,TEJN10  傳產- 醫療耗材,28.73,1.0,0.51,2.98,2.0,23.49,15.22,15.22,31.04,49.51,49.45,49.45,49.76,3.01,0.54,-8.0,0.66,2023-03-31,2023,0.0,0.0
3128 昇銳,3128,3128,2023-03-31,26,光電/ IO,M23C,TEJT09  電子- 其他光電,40.4,1.0,0.3,2.16,1.1,2.63,10.6,10.6,35.85,-1.04,-1.05,-1.05,-1.05,15.5,8.0,11.45,0.05,2023-03-31,2023,-1.15,-3.48
3138 耀登,3138,3138,2023-03-31,27,通訊設備,M23K,TEJT15  電子- 網通,155.89,1.0,1.1,3.45,1.76,13.17,30.83,30.83,166.87,78.84,65.54,65.54,63.38,5.12,8.8,-34.27,0.57,2023-03-31,2023,7.5,5.43
3162 精確,3162,3162,2023-03-31,5,自行車組件,M15E,TEJN23  傳產- 運動休閒,60.5,1.0,-0.06,0.72,0.3,143.37,114.02,114.02,63.61,79.4,70.35,70.35,70.35,87.43,39.15,205.43,1.0,2023-03-31,2023,2.7,5.39
3178 公準,3178,3178,2023-03-31,24,電子設備,M23H,TEJT18  電子- 電子設備,78.7,1.0,1.03,4.06,1.81,9.27,17.31,17.31,33.49,4.84,0.77,0.77,1.21,9.9,17.78,1.98,0.02,2023-03-31,2023,5.58,6.57
3188 鑫龍騰,3188,3188,2023-03-31,14,建設,M25A,TEJN17  傳產- 營建,12.68,1.0,0.09,0.74,0.25,211.54,155.86,155.86,357.45,343.86,338.18,338.18,334.85,8.5,38.95,,0.19,2023-03-31,2023,0.9,6.25
3207 耀勝,3207,3207,2023-03-31,28,電子零組件,M23D,TEJT11  電子- 電源供應器,71.6,1.0,0.9,4.96,2.9,39.18,170.23,170.23,919.62,279.95,219.39,219.39,197.04,64.65,93.15,122.03,2.12,2023-03-31,2023,-1.57,-2.04
3213 茂訊,3213,3213,2023-03-31,25,PC系統,M23A,TEJT01  電子- PC,49.62,1.0,0.78,-2.56,-1.87,16.09,69.7,69.7,476.56,217.86,216.78,216.78,218.34,5.71,4.97,,1.01,2023-03-31,2023,16.2,26.09
3218 大學光,3218,3218,2023-03-31,22,醫療耗材,M17G,TEJN10  傳產- 醫療耗材,395.5,1.0,3.33,10.06,5.86,23.08,23.23,23.23,25.33,23.94,24.16,24.16,24.05,19.61,20.23,39.36,1.52,2023-03-31,2023,-14.61,-4.16
3229 晟鈦,3229,3229,2023-03-31,28,主機板,M23B,TEJT03  電子- PCB,20.0,1.0,0.01,0.02,0.01,169.3,222.44,222.44,111.57,110.95,101.55,101.55,96.38,22.38,-3.64,0.62,1.4,2023-03-31,2023,0.55,3.83
3264 欣銓,3264,3264,2023-03-31,24,半導體,M23G,TEJT16  電子- 晶圓製造,54.43,1.0,1.3,3.66,1.96,7.73,4.98,4.98,5.26,-4.18,-4.56,-4.56,-6.67,16.56,16.3,21.54,0.3,2023-03-31,2023,10.0,17.12
3284 太普高,3284,3284,2023-03-31,20,印刷,M99C,TEJO99  其它業別,14.95,1.0,0.07,0.68,0.42,8.15,280.87,280.87,167.56,164.48,157.17,157.17,145.07,22.52,32.87,17.48,1.05,2023-03-31,2023,0.27,1.65
3285 微端,3285,3285,2023-03-31,31,消費性電子,M23U,TEJT21  電子- 消費性電子,20.05,1.0,-0.17,-0.97,-0.62,34.86,31.24,31.24,54.8,-138.57,3.37,3.37,-18.83,-6.11,-2.22,3.57,-0.01,2023-03-31,2023,0.75,3.49
3289 宜特,3289,3289,2023-03-31,31,其他電子,M23Z,TEJO99  其它業別,87.42,1.0,1.31,2.32,1.07,12.18,16.07,16.07,23.14,7.1,-4.21,-4.21,-1.43,0.23,3.0,3.39,0.02,2023-03-31,2023,-1.5,-1.46
3290 東浦,3290,3290,2023-03-31,28,電子零組件,M23D,TEJT14  電子- 電子零組件其他,29.66,1.0,0.09,1.13,0.57,28.31,378.51,378.51,151.93,125.56,124.24,124.24,123.08,3.31,8.96,-12.29,1.5,2023-03-31,2023,1.1,4.4
3293 鈊象,3293,3293,2023-03-31,32,軟體服務,M23X,TEJT22  電子- 軟體,541.29,1.0,10.24,13.35,10.16,13.88,14.81,14.81,21.84,11.96,9.33,9.33,9.23,16.56,20.92,,0.85,2023-03-31,2023,53.0,9.35
3308 聯德,3308,3308,2023-03-31,28,電子零組件,M23D,TEJT11  電子- 電源供應器,18.3,1.0,5.19,40.69,18.02,153.39,867.69,867.69,140.19,3794.08,1895.57,3166.25,897.35,47.44,59.75,2.27,20.95,2023-03-31,2023,11.7,26.65
3325 旭品,3325,3325,2023-03-31,25,電子零組件,M23D,TEJT12  電子- 機殼,14.0,1.0,-0.28,-3.0,-1.53,21.78,1517.38,1517.38,45.07,24.1,19.55,19.55,17.55,0.21,-9.01,19.26,0.5,2023-03-31,2023,0.8,2.42
3332 幸康,3332,3332,2023-03-31,28,電子零組件,M23D,TEJT11  電子- 電源供應器,41.23,1.0,1.11,2.52,1.77,16.81,33.21,33.21,61.98,46.35,29.39,29.39,29.69,24.1,15.13,137.19,0.73,2023-03-31,2023,-0.5,-1.08
3346 麗清,3346,3346,2023-03-31,12,光電/ IO,M23C,TEJT06  電子- LED,42.9,1.0,0.28,1.58,0.53,1.03,15.81,15.81,581.13,53.78,98.52,98.52,125.03,7.02,11.49,17.93,0.23,2023-03-31,2023,4.04,8.8
3380 明泰,3380,3380,2023-03-31,27,網路設備,M23E,TEJT15  電子- 網通,33.63,1.0,0.32,1.46,0.71,14.46,7.57,7.57,16.11,2.54,16.02,16.02,-3.38,-2.88,1.79,18.36,0.23,2023-03-31,2023,2.95,8.08
3416 融程電,3416,3416,2023-03-31,25,主機板,M23B,TEJT02  電子- 主機板,98.73,1.0,1.51,5.46,3.7,6.52,28.09,28.11,49.03,26.45,27.65,27.65,27.18,6.81,5.78,0.02,0.6,2023-03-31,2023,-10.5,-8.17
3419 譁裕,3419,3419,2023-03-31,27,通訊設備,M23K,TEJT15  電子- 網通,19.2,1.0,-0.26,-2.07,-1.26,6.85,39.64,39.64,21.94,-29.51,-21.42,-21.42,-21.42,-8.15,3.78,-2.11,-0.08,2023-03-31,2023,1.6,8.78
3432 台端,3432,3432,2023-03-31,28,電子零組件,M23D,TEJT10  電子- 連接器,19.05,1.0,-0.03,-1.65,-1.51,40.08,33.92,33.92,18.73,-104.68,-105.49,-105.49,-129.92,-74.94,-73.95,,-8.1,2023-03-31,2023,0.5,4.5
3443 創意,3443,3443,2023-03-31,24,半導體,M23G,TEJT17  電子- IC設計,1075.1,1.0,6.97,10.95,4.46,44.63,28.0,28.0,74.25,69.53,71.3,71.3,70.75,41.91,54.33,0.25,1.81,2023-03-31,2023,215.0,17.0
3447 展達,3447,3447,2023-03-31,27,網路設備,M23E,TEJT15  電子- 網通,59.46,1.0,0.72,4.26,1.47,16.65,49.57,49.57,205.52,70.76,84.98,84.98,75.72,2.22,28.0,17.51,0.76,2023-03-31,2023,0.45,1.09
3454 晶睿,3454,3454,2023-03-31,26,光電/ IO,M23C,TEJT09  電子- 其他光電,253.13,1.0,1.52,3.63,2.04,29.74,6.68,6.68,-34.56,16.63,29.87,29.87,-38.06,9.34,21.43,-0.14,0.42,2023-03-31,2023,-8.5,-5.03
3466 致振,3466,3466,2023-03-31,27,通訊設備,M23K,TEJT15  電子- 網通,32.0,1.0,-0.33,-1.81,-1.03,178.2,452.54,452.54,52.17,7.72,7.72,7.72,-31.61,32.63,0.88,-0.87,0.19,2023-03-31,2023,2.05,8.93
3479 安勤,3479,3479,2023-03-31,25,主機板,M23B,TEJT02  電子- 主機板,91.33,1.0,2.56,6.23,3.43,25.98,43.98,43.98,78.43,72.74,74.52,74.52,74.52,15.97,17.39,1.48,1.6,2023-03-31,2023,0.9,0.91
3494 誠研,3494,3494,2023-03-31,25,資訊通路,M23T,TEJT20  電子- 資訊通路,10.7,1.0,-0.34,-5.83,-2.28,35.92,364.41,364.41,53.2,39.8,39.52,39.52,39.83,-3.2,-14.55,-7.19,1.35,2023-03-31,2023,0.05,0.74
3516 亞帝歐,3516,3516,2023-03-31,26,家電製品,M15C,TEJN07  傳產- 電機及家電,18.09,1.0,0.03,0.58,0.35,3.97,21.47,21.47,-2791.18,-75.23,-76.96,-76.96,-111.13,22.17,6.93,13.2,0.0,2023-03-31,2023,1.61,9.72
3521 鴻翊,3521,3521,2023-03-31,25,主機板,M23B,TEJT02  電子- 主機板,23.65,1.0,-0.67,-8.87,-3.57,3.35,21.26,21.26,-58.14,-159.96,-152.76,-152.76,-154.48,-6.06,19.62,4.58,-1.91,2023-03-31,2023,-0.5,-2.19
3522 御頂,3522,3522,2023-03-31,16,餐飲飯店,M27A,TEJN20  傳產- 觀光餐飲,12.85,1.0,0.04,1.36,0.22,10.05,13.56,13.56,82.69,-95.51,-95.34,-95.34,104.23,-17.62,-33.95,-23.32,-2.59,2023-03-31,2023,-0.45,-2.74
3540 曜越,3540,3540,2023-03-31,25,電子零組件,M23D,TEJT12  電子- 機殼,37.77,1.0,0.5,1.3,0.52,54.33,90.6,90.6,166.21,342.75,243.72,243.72,243.72,4.63,2.61,-0.99,1.43,2023-03-31,2023,,
3558 神準,3558,3558,2023-03-31,27,網路設備,M23E,TEJT15  電子- 網通,342.0,1.0,5.14,6.62,2.27,57.5,16.5,16.5,25.79,15.24,14.56,14.56,14.56,50.8,27.15,56.39,0.35,2023-03-31,2023,,
3564 其陽,3564,3564,2023-03-31,27,主機板,M23B,TEJT02  電子- 主機板,39.44,1.0,0.24,1.26,0.57,22.91,20.27,20.27,26.42,-6.02,-5.97,-5.97,-37.07,-0.32,8.89,-0.42,0.14,2023-03-31,2023,,
3570 大塚,3570,3570,2023-03-31,30,軟體服務,M23X,,109.18,1.0,2.78,6.0,4.17,35.9,3.42,3.42,3.72,16.77,20.2,20.2,5.1,18.17,9.06,-2.7,0.69,2023-03-31,2023,,
3577 泓格,3577,3577,2023-03-31,25,主機板,M23B,TEJT02  電子- 主機板,80.0,1.0,0.63,2.98,2.25,5.74,4.53,4.53,21.24,10.54,10.54,10.54,10.54,11.84,12.97,13.34,0.31,2023-03-31,2023,,
3580 友威科,3580,3580,2023-03-31,31,電子設備,M23H,TEJT18  電子- 電子設備,55.2,1.0,0.2,0.82,0.37,1.34,18.04,18.04,194.66,-56.21,-65.76,-65.76,-65.76,21.63,18.87,-24.11,-0.71,2023-03-31,2023,,
3583 辛耘,3583,3583,2023-03-31,24,電子設備,M23H,TEJT18  電子- 電子設備,82.62,1.0,1.81,4.99,1.18,29.07,12.96,11.9,44.3,14.78,20.2,20.2,8.55,53.39,11.76,4.5,0.18,2023-03-31,2023,,
3587 閎康,3587,3587,2023-03-31,31,其他電子,M23Z,TEJO99  其它業別,178.57,1.0,2.45,4.81,2.34,27.66,21.03,21.03,28.06,20.08,19.08,19.08,19.08,21.69,1.19,39.2,1.03,2023-03-31,2023,,
3594 磐儀,3594,3594,2023-03-31,25,主機板,M23B,TEJT02  電子- 主機板,48.4,1.0,0.38,1.78,1.02,17.19,59.52,62.13,1805.24,146.86,168.33,168.33,271.6,14.77,14.13,-8.24,0.62,2023-03-31,2023,,
3596 智易,3596,3596,2023-03-31,27,網路設備,M23E,TEJT15  電子- 網通,101.26,1.0,2.25,3.64,1.25,7.0,10.72,10.72,45.35,28.82,32.17,32.17,26.93,7.82,6.77,31.98,0.5,2023-03-31,2023,,
3611 鼎翰,3611,3611,2023-03-31,25,主機板,M23B,TEJT02  電子- 主機板,213.76,1.0,4.81,12.5,7.48,8.28,19.24,19.24,36.71,25.7,31.36,31.36,22.2,9.01,21.14,,0.67,2023-03-31,2023,,
3617 碩天,3617,3617,2023-03-31,31,電子零組件,M23D,TEJT11  電子- 電源供應器,119.48,1.0,2.56,4.34,1.94,12.27,39.51,39.51,216.47,86.85,65.73,65.73,65.32,14.18,25.92,-1.96,0.82,2023-03-31,2023,,
3628 盈正,3628,3628,2023-03-31,31,電子零組件,M23D,TEJT11  電子- 電源供應器,48.95,1.0,0.16,0.5,0.24,1.88,17.12,17.12,1622.86,28.23,14.02,14.02,13.84,7.4,13.3,-0.11,0.07,2023-03-31,2023,,
3632 研勤,3632,3632,2023-03-31,27,通訊設備,M23K,TEJT15  電子- 網通,12.25,1.0,0.02,0.59,0.26,52.51,149.91,149.91,134.7,136.11,129.34,129.34,112.44,1.71,-1.01,-19.87,0.88,2023-03-31,2023,,
3653 健策,3653,3653,2023-03-31,28,電子零組件,M23D,TEJT14  電子- 電子零組件其他,476.5,1.0,3.63,5.39,3.46,12.42,19.4,19.4,24.92,3.72,4.08,4.08,2.84,10.63,25.34,10.64,0.21,2023-03-31,2023,,
3661 世芯-KY,3661,3661,2023-03-31,24,半導體,M23G,TEJT17  電子- IC設計,1240.0,1.0,8.09,3.61,2.47,118.43,18.79,18.79,16.2,28.47,29.57,29.57,29.56,30.29,21.61,,0.12,2023-03-31,2023,,
3664 安瑞-KY,3664,3664,2023-03-31,27,網路設備,M23E,TEJT15  電子- 網通,22.85,1.0,-0.65,-12.34,-4.46,44.54,55.55,55.55,58.53,59.49,57.6,57.6,57.44,12.29,-9.61,,6.09,2023-03-31,2023,,
3665 貿聯-KY,3665,3665,2023-03-31,31,電子零組件,M23D,TEJT10  電子- 連接器,266.18,1.0,4.01,3.95,1.57,8.87,14.7,14.7,32.87,8.44,20.19,20.19,33.36,12.35,18.59,22.05,0.56,2023-03-31,2023,,
3680 家登,3680,3680,2023-03-31,24,電子設備,M23H,TEJT18  電子- 電子設備,370.37,1.0,3.94,8.78,3.87,40.54,51.75,51.75,80.3,74.14,75.46,75.46,55.19,30.99,31.11,32.43,1.44,2023-03-31,2023,,
3684 榮昌,3684,3684,2023-03-31,27,通訊設備,M23K,TEJT15  電子- 網通,52.47,1.0,0.5,1.98,1.13,0.9,0.68,0.68,-13.75,-43.39,-43.42,-43.42,-43.65,-4.03,6.71,-0.86,-0.73,2023-03-31,2023,,
3693 營邦,3693,3693,2023-03-31,25,電子零組件,M23D,TEJT12  電子- 機殼,128.5,1.0,3.75,6.47,2.74,101.98,163.04,163.04,1731.02,584.84,788.99,788.99,788.99,45.51,31.82,-5.9,2.56,2023-03-31,2023,,
3701 大眾控,3701,3701,2023-03-31,25,PC系統,M23A,TEJT01  電子- PC,49.99,1.0,0.12,1.97,1.04,2.71,60.03,60.03,4955.95,-24.57,-42.61,-42.61,124.24,7.94,15.79,-2.94,-0.51,2023-03-31,2023,,
3704 合勤控,3704,3704,2023-03-31,27,網路設備,M23E,TEJT15  電子- 網通,37.15,1.0,1.17,4.69,1.87,25.95,39.91,39.91,169.18,31.53,43.23,43.23,66.32,4.3,13.41,,0.6,2023-03-31,2023,,
4102 永日,4102,4102,2023-03-31,22,藥,M17C,TEJN09  傳產- 西藥,27.88,1.0,0.43,1.1,0.74,25.54,80.09,80.09,2218.86,187.6,195.18,195.18,195.18,6.88,18.04,-7.61,1.2,2023-03-31,2023,,
4104 佳醫,4104,4104,2023-03-31,22,醫療耗材,M17G,TEJN10  傳產- 醫療耗材,76.85,1.0,1.36,3.32,2.03,17.45,5.88,6.07,4.69,21.82,23.19,23.19,12.61,8.49,5.1,,0.34,2023-03-31,2023,,
4105 東洋,4105,4105,2023-03-31,22,藥,M17C,TEJN09  傳產- 西藥,76.2,1.0,0.96,3.98,2.46,12.46,9.26,10.04,-0.47,2.12,2.9,2.9,2.92,3.2,-7.03,,0.13,2023-03-31,2023,,
4106 雃博,4106,4106,2023-03-31,22,醫療耗材,M17G,TEJN10  傳產- 醫療耗材,28.01,1.0,0.5,2.85,2.01,17.53,19.86,19.86,29.09,53.49,63.32,63.32,64.39,-0.42,7.6,,0.64,2023-03-31,2023,,
4109 加捷生醫,4109,4109,2023-03-31,22,藥,M17C,TEJN09  傳產- 西藥,14.7,1.0,-0.26,-0.89,-0.82,2.56,16.94,16.94,-759.1,-1024.61,-1085.96,-1085.96,-1085.96,-3.84,-2.98,-0.81,-2.05,2023-03-31,2023,,
4114 健喬,4114,4114,2023-03-31,22,藥,M17C,TEJN09  傳產- 西藥,40.87,1.0,0.39,1.16,0.68,30.11,26.24,26.24,24.99,15.69,-5.16,-5.16,-0.04,9.54,8.09,-2.23,0.04,2023-03-31,2023,,
4116 明基醫,4116,4116,2023-03-31,22,醫療耗材,M17G,TEJN10  傳產- 醫療耗材,58.31,1.0,0.51,2.12,1.06,11.58,20.46,21.46,122.73,-55.55,-63.87,-63.87,106.97,2.86,1.89,-4.79,-1.78,2023-03-31,2023,,
4119 旭富,4119,4119,2023-03-31,22,藥,M17C,TEJN09  傳產- 西藥,105.1,1.0,0.67,1.64,1.18,81.78,123.0,123.0,332.25,51.37,54.08,54.08,39.99,18.56,9.16,91.06,0.71,2023-03-31,2023,,
4120 友華,4120,4120,2023-03-31,22,藥,M17C,TEJN09  傳產- 西藥,36.85,1.0,0.32,7.34,2.49,0.64,5.8,5.8,-39.64,99.79,19.74,19.74,19.03,6.91,3.82,-8.47,0.18,2023-03-31,2023,,
4121 優盛,4121,4121,2023-03-31,22,醫藥通路,M17X,,22.85,1.0,0.11,0.98,0.47,2.27,6.0,6.0,-18.03,-34.96,-45.75,-45.75,-52.52,4.75,7.86,5.43,-0.27,2023-03-31,2023,,
4123 晟德,4123,4123,2023-03-31,22,藥,M17C,TEJN09  傳產- 西藥,46.15,1.0,1.67,4.86,3.67,120.39,87.24,87.24,-92.85,1.93,15.14,15.14,90.23,-5.41,-6.92,71.15,0.6,2023-03-31,2023,,
4126 太醫,4126,4126,2023-03-31,22,醫療耗材,M17G,TEJN10  傳產- 醫療耗材,80.42,1.0,1.56,4.09,3.07,26.4,81.64,81.64,150.09,102.87,102.91,102.91,102.81,-0.42,2.49,-6.18,1.53,2023-03-31,2023,,
4129 聯合,4129,4129,2023-03-31,22,醫療耗材,M17G,TEJN10  傳產- 醫療耗材,52.37,1.0,0.85,2.28,1.25,25.46,30.91,32.34,67.03,65.53,84.46,84.46,67.75,7.36,9.37,7.27,0.75,2023-03-31,2023,,
4130 健亞,4130,4130,2023-03-31,22,藥,M17C,TEJN09  傳產- 西藥,25.96,1.0,0.12,7.66,6.93,32.02,60.55,60.55,324.61,394.88,239.03,239.03,237.9,6.28,9.27,-4.47,1.46,2023-03-31,2023,,
4138 曜亞,4138,4138,2023-03-31,22,醫療耗材,M17G,TEJN10  傳產- 醫療耗材,72.26,1.0,1.84,6.78,3.92,27.12,27.07,27.07,35.34,38.02,41.27,41.27,41.27,13.18,9.97,,0.94,2023-03-31,2023,,
4139 馬光-KY,4139,4139,2023-03-31,22,生物科技,M17H,TEJN09  傳產- 西藥,37.45,1.0,-0.05,-0.72,-0.23,23.59,12.39,12.39,-57.95,-154.58,-2116.81,-2116.81,-2156.64,10.97,-10.51,41.05,0.55,2023-03-31,2023,,
4142 國光生,4142,4142,2023-03-31,22,藥,M17C,TEJN09  傳產- 西藥,39.45,1.0,-0.59,-4.09,-2.87,221.43,47.66,47.66,-2.28,-8.98,-8.98,-8.98,-8.98,13.54,1.81,1.87,-0.29,2023-03-31,2023,,
4147 中裕,4147,4147,2023-03-31,22,藥,M17C,TEJN09  傳產- 西藥,92.1,1.0,-0.32,-3.06,-2.01,76.46,7397.33,7397.33,30.39,32.53,32.53,32.53,18.65,-14.68,-6.73,-6.81,0.99,2023-03-31,2023,,
4153 鈺緯,4153,4153,2023-03-31,22,光電/ IO,M23C,TEJT05  電子- PC週邊,45.44,1.0,0.37,2.16,1.73,28.97,87.65,91.0,2980.59,1036.43,1052.74,1052.74,154.88,5.68,-1.06,-1.63,1.55,2023-03-31,2023,,
4161 聿新科,4161,4161,2023-03-31,22,醫療耗材,M17G,TEJN10  傳產- 醫療耗材,29.35,1.0,0.16,0.67,0.33,5.77,44.7,44.7,241.36,369.26,348.95,348.95,-39.34,-2.38,11.03,-3.08,0.42,2023-03-31,2023,,
4163 鐿鈦,4163,4163,2023-03-31,22,醫療耗材,M17G,TEJN10  傳產- 醫療耗材,122.35,1.0,2.51,5.15,2.62,29.37,60.38,60.38,140.6,48.05,46.5,46.5,56.71,16.32,17.58,27.74,0.91,2023-03-31,2023,,
4164 承業醫,4164,4164,2023-03-31,22,醫療耗材,M17G,TEJN10  傳產- 醫療耗材,66.99,1.0,0.49,1.35,0.66,32.02,7.73,7.73,17.76,6.05,13.22,13.22,7.25,7.17,4.04,10.56,0.27,2023-03-31,2023,,
4173 久裕,4173,4173,2023-03-31,22,藥,M17C,TEJN09  傳產- 西藥,18.88,1.0,0.23,0.99,0.38,3.65,1.87,1.87,42.08,42.51,43.9,43.9,43.9,9.09,3.81,30.98,0.12,2023-03-31,2023,,
4175 杏一,4175,4175,2023-03-31,22,醫藥通路,M17X,,83.83,1.0,0.49,1.39,0.27,9.3,8.45,8.45,-18.75,-39.81,-40.45,-40.45,-43.01,9.09,19.65,-3.9,0.06,2023-03-31,2023,,
4190 佐登-KY,4190,4190,2023-03-31,22,其他化學,M17Z,TEJN11  傳產- 其他化學,92.62,1.0,0.09,0.58,0.15,22.51,18.2,18.2,5.17,-4.11,-44.86,-44.86,-106.9,-0.64,-1.76,26.95,0.24,2023-03-31,2023,,
4192 杏國,4192,4192,2023-03-31,22,藥,M17C,TEJN09  傳產- 西藥,73.93,1.0,-0.21,-10.81,-6.09,10.17,7.75,7.75,42.79,43.52,43.52,43.52,43.35,-48.93,-44.65,-32.58,2.89,2023-03-31,2023,,
4198 欣大健康,4198,4198,2023-03-31,22,醫療耗材,M17G,TEJN10  傳產- 醫療耗材,26.65,1.0,-0.61,-6.19,-2.52,4.51,81.98,81.98,47.71,59.06,59.06,59.06,59.06,62.09,242.83,57.02,3.93,2023-03-31,2023,,
4205 中華食,4205,4205,2023-03-31,2,其他食品,M12Z,TEJN02  傳產- 食品,103.01,1.0,0.93,4.26,3.55,8.28,2.18,2.18,-0.7,0.38,0.35,0.35,-0.14,4.67,4.69,74.18,0.01,2023-03-31,2023,,
4207 環泰,4207,4207,2023-03-31,2,其他食品,M12Z,TEJN02  傳產- 食品,13.92,1.0,0.36,2.74,1.54,9.63,7.4,7.4,9.09,0.7,2.03,2.03,7.74,3.68,6.74,4.75,0.18,2023-03-31,2023,,
4304 勝昱,4304,4304,2023-03-31,3,石化,M13A,TEJN04  傳產- 塑膠製品,9.9,1.0,-0.43,-7.7,-2.92,81.69,90.98,90.98,24.72,-5.84,-16.18,-16.18,-16.18,8.34,-22.84,-12.29,-0.39,2023-03-31,2023,,
4416 三圓,4416,4416,2023-03-31,14,建設,M25A,TEJN17  傳產- 營建,87.9,1.0,-0.33,-0.93,-0.11,4.66,8.77,8.77,1.66,61.46,53.32,53.32,53.32,10.73,-21.71,-21.3,0.21,2023-03-31,2023,,
4419 元勝,4419,4419,2023-03-31,4,餐飲飯店,M27A,TEJN20  傳產- 觀光餐飲,21.5,1.0,0.0,2.13,0.49,26.87,21.19,21.19,206.8,15.23,-31.81,-31.81,189.18,-3.08,-15.18,-9.31,-0.8,2023-03-31,2023,,
4426 利勤,4426,4426,2023-03-31,4,成衣,M14C,TEJN05  傳產- 紡織,25.8,1.0,0.06,0.14,0.08,56.93,269.58,269.58,126.94,119.85,111.16,111.16,111.04,-4.38,1.65,0.67,1.88,2023-03-31,2023,,
4503 金雨,4503,4503,2023-03-31,5,其他電製品,M15Z,TEJN07  傳產- 電機及家電,48.65,1.0,-0.29,-2.38,-2.05,51.92,17.17,17.17,7.31,-23.2,-19.55,-19.55,-2.06,40.65,114.14,11.3,-0.28,2023-03-31,2023,,
4506 崇友,4506,4506,2023-03-31,5,電機製品,M15B,TEJN07  傳產- 電機及家電,71.08,1.0,1.36,4.92,2.77,5.65,8.96,8.96,13.67,-4.73,-11.04,-11.04,-23.39,4.96,4.58,-1.37,-0.33,2023-03-31,2023,,
4526 東台,4526,4526,2023-03-31,5,機械業,M15A,TEJN06  傳產- 工具機,16.73,1.0,-0.02,0.48,0.18,4.34,20.9,20.9,108.59,-99.44,-106.81,-106.81,-80.42,-2.59,0.7,-12.82,-0.03,2023-03-31,2023,,
4527 方方土霖,4527,4527,2023-03-31,5,家電製品,M15C,TEJN07  傳產- 電機及家電,29.13,1.0,0.42,1.98,1.0,18.03,19.91,19.91,56.76,79.38,100.61,100.61,96.97,10.59,-3.57,-1.26,0.56,2023-03-31,2023,,
4529 淳紳,4529,4529,2023-03-31,20,汽車製造,M22A,TEJN16  傳產- 汽車,10.05,1.0,-0.2,5.4,5.14,67.4,104.75,104.75,23.96,-147.57,-147.57,-147.57,22.45,-48.68,-43.01,9.98,-9.51,2023-03-31,2023,,
4533 協易機,4533,4533,2023-03-31,5,機械業,M15A,TEJN06  傳產- 工具機,11.33,1.0,0.3,2.15,0.84,13.79,37.16,37.16,320.14,43.22,47.35,47.35,10.35,1.83,1.07,-9.8,0.25,2023-03-31,2023,,
4536 拓凱,4536,4536,2023-03-31,37,其他,M99Z,TEJO99  其它業別,197.01,1.0,3.6,4.11,2.25,26.3,33.94,33.94,57.76,8.35,5.82,5.82,4.4,12.41,29.32,37.51,0.23,2023-03-31,2023,,
4538 大詠城,4538,4538,2023-03-31,5,機械業,M15A,TEJN06  傳產- 工具機,19.96,1.0,0.61,4.03,3.06,3.74,157.82,157.82,466.67,525.5,568.44,568.44,393.74,27.82,12.89,-1.18,2.53,2023-03-31,2023,,
4542 科嶠,4542,4542,2023-03-31,28,電子設備,M23H,TEJT18  電子- 電子設備,28.07,1.0,0.21,1.06,0.5,66.03,224.93,224.93,148.52,180.5,141.93,141.93,141.25,1.69,-2.33,67.58,1.41,2023-03-31,2023,,
4549 桓達,4549,4549,2023-03-31,5,儀器設備,M15H,,88.85,1.0,1.07,3.21,2.46,13.45,0.56,0.56,-5.19,-17.09,-13.78,-13.78,-20.12,3.82,9.07,-2.57,-0.32,2023-03-31,2023,,
4550 長佳,4550,4550,2023-03-31,5,電機製品,M15B,TEJN07  傳產- 電機及家電,29.84,1.0,0.34,1.62,0.83,53.9,66.27,66.27,143.19,61.91,65.87,65.87,65.9,-3.98,7.87,-3.23,0.27,2023-03-31,2023,,
4557 永新-KY,4557,4557,2023-03-31,12,汽車組件,M15D,TEJN16  傳產- 汽車,102.01,1.0,1.4,3.01,1.83,1.44,22.97,22.97,40.21,-8.17,-10.64,-10.64,-9.78,17.5,19.05,35.55,0.22,2023-03-31,2023,,
4562 穎漢,4562,4562,2023-03-31,5,機械業,M15A,TEJN06  傳產- 工具機,16.2,1.0,-0.07,-0.42,-0.2,12.15,46.18,46.18,78.38,38.71,67.75,67.75,67.75,-13.5,1.1,-9.12,0.56,2023-03-31,2023,,
4572 駐龍,4572,4572,2023-03-31,5,機車船製造,M22B,,139.0,1.0,1.65,3.36,2.71,58.25,59.96,59.96,108.35,58.07,58.61,58.61,58.61,8.98,1.5,-8.09,1.11,2023-03-31,2023,,
4580 捷流閥業,4580,4580,2023-03-31,5,其他電製品,M15Z,TEJN07  傳產- 電機及家電,85.7,1.0,1.9,3.86,2.42,7.2,6.04,6.04,4.75,-6.26,-7.81,-7.81,-8.4,-3.09,8.49,-2.43,-0.17,2023-03-31,2023,,
4581 光隆精密-KY,4581,4581,2023-03-31,12,汽車組件,M15D,TEJN16  傳產- 汽車,42.8,1.0,1.4,5.23,3.15,31.08,90.52,90.52,277.01,217.81,122.26,122.26,122.26,16.81,8.58,-17.58,1.56,2023-03-31,2023,,
4609 唐鋒,4609,4609,2023-03-31,38,家電製品,M15C,TEJN07  傳產- 電機及家電,7.8,1.0,-0.22,-6.85,-1.87,16.26,130.37,130.37,6.09,-742.71,-742.71,-742.71,-376.68,-2.35,2.17,,-1.71,2023-03-31,2023,,
4728 雙美,4728,4728,2023-03-31,22,醫療耗材,M17G,TEJN10  傳產- 醫療耗材,135.35,1.0,2.35,9.2,6.74,21.04,22.21,22.21,14.48,13.55,-3.6,-3.6,-3.59,22.95,24.47,23.94,-0.13,2023-03-31,2023,,
4743 合一,4743,4743,2023-03-31,22,藥,M17C,TEJN09  傳產- 西藥,234.58,1.0,-0.68,-0.54,-0.52,10.48,57.56,57.56,-11.79,-168.95,-169.09,-169.09,-168.94,-1.65,4.94,-1.81,-3.91,2023-03-31,2023,,
4746 台耀,4746,4746,2023-03-31,22,藥,M17C,TEJN09  傳產- 西藥,76.7,1.0,-0.21,-0.89,-0.55,11.62,61.27,61.27,365.38,94.22,84.9,84.9,202.7,10.12,8.1,0.11,3.08,2023-03-31,2023,,
4747 強生,4747,4747,2023-03-31,22,藥,M17C,TEJN09  傳產- 西藥,45.23,1.0,0.75,2.95,2.49,34.73,36.94,36.94,72.17,75.14,76.03,76.03,76.03,6.03,4.74,34.17,1.0,2023-03-31,2023,,
4754 國碳科,4754,4754,2023-03-31,21,其他化學,M17Z,TEJN11  傳產- 其他化學,39.1,1.0,0.59,3.73,2.24,31.04,20.98,20.98,32.09,4.2,4.2,4.2,4.2,4.42,8.14,,0.11,2023-03-31,2023,,
4763 材料-KY,4763,4763,2023-03-31,21,其他化學,M17Z,TEJN11  傳產- 其他化學,340.4,1.0,7.44,14.29,9.75,94.22,235.26,235.26,444.57,43.99,36.98,36.98,472.12,57.84,109.09,43.48,2.71,2023-03-31,2023,,
4768 晶呈科技,4768,4768,2023-03-31,21,其他化學,M17Z,TEJN11  傳產- 其他化學,167.08,1.0,1.17,3.75,2.87,32.19,56.93,56.93,91.02,85.89,115.39,115.39,115.39,14.71,82.67,68.41,1.62,2023-03-31,2023,,
4770 上品,4770,4770,2023-03-31,21,樹脂,M17F,TEJN11  傳產- 其他化學,302.0,1.0,6.81,8.41,5.53,23.1,36.69,36.69,49.59,46.46,49.73,49.73,49.4,19.83,18.73,18.69,1.97,2023-03-31,2023,,
4904 遠傳,4904,4904,2023-03-31,27,通訊設備,M23K,TEJT19  電子- 電信業,72.01,1.0,0.85,4.49,1.74,1.83,6.15,6.15,12.55,17.0,17.95,17.95,16.1,-3.2,-0.79,-3.52,0.27,2023-03-31,2023,,
4905 台聯電,4905,4905,2023-03-31,27,通訊設備,M23K,,51.0,1.0,2.19,5.94,5.8,5.56,0.76,0.76,-124.08,579.49,577.42,577.42,-180.51,1.19,-0.72,-14.06,2.85,2023-03-31,2023,,
4906 正文,4906,4906,2023-03-31,27,網路設備,M23E,TEJT15  電子- 網通,29.43,1.0,0.16,2.53,1.39,36.55,33.43,33.43,4539.86,-48.11,-63.87,-63.87,-65.09,3.32,-6.18,13.47,-0.1,2023-03-31,2023,,
4909 新復興,4909,4909,2023-03-31,27,主機板,M23B,TEJT03  電子- PCB,17.6,1.0,-0.04,-0.21,-0.2,28.19,165.35,165.35,67.79,-136.77,-134.43,-134.43,-141.19,-3.08,-2.67,,-0.55,2023-03-31,2023,,
4911 德英,4911,4911,2023-03-31,22,藥,M17C,TEJN09  傳產- 西藥,63.5,1.0,0.27,2.16,1.94,462.37,2002.12,2002.12,466.02,483.11,400.68,400.68,400.74,12.78,4.05,-3.19,2.56,2023-03-31,2023,,
4916 事欣科,4916,4916,2023-03-31,25,主機板,M23B,TEJT02  電子- 主機板,32.86,1.0,0.31,0.88,0.39,53.21,8.21,8.21,122.21,101.31,38.43,38.43,5.46,6.64,23.17,,0.32,2023-03-31,2023,,
4934 太極,4934,4934,2023-03-31,26,光電/ IO,M23C,TEJT07  電子- 太陽能,30.9,1.0,0.21,0.68,0.51,93.75,459.89,459.89,95.22,119.47,119.14,119.14,117.18,-16.73,45.43,-16.02,2.92,2023-03-31,2023,,
4973 廣穎,4973,4973,2023-03-31,24,半導體,M23G,TEJT16  電子- 晶圓製造,27.06,1.0,0.38,10.77,7.37,2.58,41.92,41.92,246.51,30.75,46.83,46.83,49.19,-9.79,-4.99,-4.53,0.33,2023-03-31,2023,,
4976 佳凌,4976,4976,2023-03-31,26,消費性電子,M23U,TEJT21  電子- 消費性電子,49.05,1.0,-0.36,-1.81,-1.47,5.0,7.15,7.15,-6.61,-157.61,-157.61,-157.61,-157.61,-4.17,-4.84,12.44,-0.95,2023-03-31,2023,,
4977 眾達-KY,4977,4977,2023-03-31,27,通訊設備,M23K,TEJT15  電子- 網通,112.82,1.0,2.52,6.91,5.25,43.31,84.35,84.35,143.46,376.84,385.52,385.52,148.45,61.0,67.12,-14.23,3.21,2023-03-31,2023,,
4979 華星光,4979,4979,2023-03-31,27,通訊設備,M23K,TEJT15  電子- 網通,51.48,1.0,0.3,5.49,3.97,140.15,146.65,146.65,992.86,2339.93,2339.93,2339.93,2339.93,8.13,21.18,-20.86,1.87,2023-03-31,2023,,
5009 榮剛,5009,5009,2023-03-31,10,金屬基本,M20A,TEJN14  傳產- 鋼鐵,49.3,1.0,1.2,4.96,2.37,25.5,10.56,10.56,48.13,64.13,57.07,57.07,29.03,12.72,41.05,3.32,0.92,2023-03-31,2023,,
5201 凱衛,5201,5201,2023-03-31,30,軟體服務,M23X,TEJT22  電子- 軟體,26.79,1.0,1.24,10.33,8.28,3.23,28.39,28.39,57.17,3311.31,3502.09,3502.09,172.55,-6.85,10.67,-14.14,8.05,2023-03-31,2023,,
5203 訊連,5203,5203,2023-03-31,30,軟體服務,M23X,,101.7,1.0,0.69,0.66,0.52,12.92,12.46,12.46,77.39,23.39,28.68,28.68,16.86,43.65,66.01,0.87,0.21,2023-03-31,2023,,
5209 新鼎,5209,5209,2023-03-31,20,工程承攬,M25C,TEJN17  傳產- 營建,108.69,1.0,2.89,12.99,2.21,71.54,82.54,82.54,160.91,119.08,118.61,118.61,153.89,28.22,-22.68,-4.97,1.31,2023-03-31,2023,,
5211 蒙恬,5211,5211,2023-03-31,30,軟體服務,M23X,,28.79,1.0,-4.08,-25.53,-22.49,5.82,34.63,34.63,74.66,-11331.46,-8912.71,-8912.71,9488.01,-26.6,-21.47,-24.23,-19.93,2023-03-31,2023,,
5213 亞昕,5213,5213,2023-03-31,14,建設,M25A,TEJN17  傳產- 營建,25.88,1.0,-0.09,-0.58,-0.11,55.02,121.5,121.5,-6.45,57.28,57.28,57.28,-21.65,14.33,10.8,-3.71,0.18,2023-03-31,2023,,
5222 全訊,5222,5222,2023-03-31,24,通訊設備,M23K,TEJT15  電子- 網通,183.5,1.0,0.68,2.38,1.91,17.82,17.92,17.92,8.05,-16.57,-20.35,-20.35,2.83,-1.64,2.79,25.0,-0.32,2023-03-31,2023,,
5227 立凱-KY,5227,5227,2023-03-31,28,電子零組件,M23D,TEJT14  電子- 電子零組件其他,62.37,1.0,-1.37,-14.58,-7.1,154.32,394.61,394.61,32.61,32.24,5.25,5.25,5.3,25.16,47.67,3.78,0.46,2023-03-31,2023,,
5243 乙盛-KY,5243,5243,2023-03-31,26,電子零組件,M23D,TEJT14  電子- 電子零組件其他,65.8,1.0,0.96,4.12,2.4,2.32,26.22,26.22,59.97,17.57,6.88,6.88,6.6,15.14,13.25,20.93,0.59,2023-03-31,2023,,
5258 虹堡,5258,5258,2023-03-31,25,主機板,M23B,TEJT02  電子- 主機板,86.4,1.0,2.18,7.33,3.49,22.64,43.02,43.02,54.22,52.1,52.48,52.48,52.58,35.48,71.07,2.94,1.33,2023-03-31,2023,,
5263 智崴,5263,5263,2023-03-31,32,其他電子,M23Z,TEJO99  其它業別,126.1,1.0,-0.15,-0.83,-0.54,14.34,2.02,2.02,20.01,-155.05,22.3,22.3,36.54,0.71,7.74,-7.91,0.09,2023-03-31,2023,,
5276 達輝-KY,5276,5276,2023-03-31,20,汽車組件,M15D,TEJN16  傳產- 汽車,14.85,1.0,-0.02,1.43,0.95,15.63,86.88,86.88,2111.48,1239.6,78.16,78.16,78.16,1.77,5.68,-20.37,0.45,2023-03-31,2023,,
5278 尚凡,5278,5278,2023-03-31,36,通訊設備,M23K,TEJT15  電子- 網通,175.22,1.0,3.18,15.24,6.2,3.3,17.06,17.06,67.39,52.0,40.2,40.2,41.28,17.27,9.97,,1.88,2023-03-31,2023,,
5284 jpp-KY,5284,5284,2023-03-31,20,電子零組件,M23D,TEJT14  電子- 電子零組件其他,110.18,1.0,2.52,6.25,3.7,42.85,66.96,66.96,124.04,118.7,147.67,147.67,160.98,18.57,26.04,,2.13,2023-03-31,2023,,
5287 數字,5287,5287,2023-03-31,36,通訊設備,M23K,TEJT15  電子- 網通,197.67,1.0,3.27,8.48,4.68,10.61,6.21,6.21,8.39,8.88,10.47,10.47,8.7,0.19,14.41,36.7,0.51,2023-03-31,2023,,
5288 豐祥-KY,5288,5288,2023-03-31,5,汽車組件,M15D,TEJN16  傳產- 汽車,173.0,1.0,3.57,4.5,2.51,2.43,26.3,26.22,37.29,35.38,35.09,35.09,37.93,12.97,24.19,1.17,1.03,2023-03-31,2023,,
5301 寶得利,5301,5301,2023-03-31,16,貿易業,M29B,TEJN21  傳產- 百貨貿易,12.8,1.0,-0.14,-2.36,-1.87,100.28,90.81,90.81,9.43,-33.06,-33.06,-33.06,-35.83,28.43,38.92,199.62,-0.25,2023-03-31,2023,,
5309 系統電,5309,5309,2023-03-31,28,汽車組件,M15D,TEJN16  傳產- 汽車,46.35,1.0,0.45,4.12,2.4,16.69,25.89,25.89,16.63,3.81,4.11,4.11,2.55,49.02,92.33,11.09,0.31,2023-03-31,2023,,
5312 寶島科,5312,5312,2023-03-31,22,醫療耗材,M17G,TEJN10  傳產- 醫療耗材,61.37,1.0,1.96,8.18,3.45,18.56,21.01,21.01,140.61,72.31,85.25,85.25,73.86,8.49,-0.37,-1.5,0.96,2023-03-31,2023,,
5321 美而快,5321,5321,2023-03-31,36,通訊設備,M23K,TEJT15  電子- 網通,85.6,1.0,1.06,5.17,1.44,11.16,7.64,7.64,-27.73,-25.07,-21.65,-21.65,-24.12,5.31,21.53,11.43,-0.15,2023-03-31,2023,,
5324 士開,5324,5324,2023-03-31,14,建設,M25A,TEJN17  傳產- 營建,9.01,1.0,-0.2,-2.65,-0.47,29.42,115.71,115.71,50.03,32.96,32.86,32.86,32.78,4.47,-11.5,-9.3,0.28,2023-03-31,2023,,
5353 台林,5353,5353,2023-03-31,27,網路設備,M23E,TEJT15  電子- 網通,45.07,1.0,0.63,4.84,2.89,29.35,63.49,63.49,119.35,111.89,128.27,128.27,117.07,12.76,0.46,45.3,1.52,2023-03-31,2023,,
5355 佳總,5355,5355,2023-03-31,28,主機板,M23B,TEJT03  電子- PCB,7.05,1.0,-0.12,-1.61,-1.35,14.72,105.9,105.9,51.82,36.53,38.47,38.47,39.1,-28.22,-5.63,4.75,0.85,2023-03-31,2023,,
5381 合正,5381,5381,2023-03-31,28,主機板,M23B,TEJT04  電子- PCB原材料,15.7,1.0,0.01,-1.21,-0.54,158.76,93.04,93.04,964.47,50.25,37.63,37.63,38.14,246.65,23.56,1763.8,0.31,2023-03-31,2023,,
5388 中磊,5388,5388,2023-03-31,27,網路設備,M23E,TEJT15  電子- 網通,90.28,1.0,1.97,5.39,1.2,23.55,30.61,30.61,74.32,60.25,56.54,56.54,95.46,7.86,12.82,18.11,0.5,2023-03-31,2023,,
5432 新門,5432,5432,2023-03-31,26,光電/ IO,M23C,TEJT08  電子- 面板,26.39,1.0,0.17,0.97,0.82,18.34,15.68,15.68,-10.22,-59.04,-59.04,-59.04,-54.94,25.08,4.25,-98.72,-1.29,2023-03-31,2023,,
5439 高技,5439,5439,2023-03-31,28,主機板,M23B,TEJT03  電子- PCB,64.82,1.0,1.21,4.64,2.79,23.53,30.87,30.87,36.47,7.84,7.84,7.84,8.04,8.35,1.63,-5.74,0.23,2023-03-31,2023,,
5464 霖宏,5464,5464,2023-03-31,28,主機板,M23B,TEJT03  電子- PCB,29.3,1.0,0.1,0.51,0.13,5.4,3025.5,3025.5,86.41,-113.97,-90.17,-90.17,-77.93,19.61,6.05,66.22,-0.97,2023-03-31,2023,,
5465 富驊,5465,5465,2023-03-31,25,電子零組件,M23D,TEJT12  電子- 機殼,26.39,1.0,0.47,3.4,2.25,16.91,30.11,30.11,52.48,18.92,20.66,20.66,25.77,-3.49,5.98,-24.13,0.03,2023-03-31,2023,,
5478 智冠,5478,5478,2023-03-31,32,軟體服務,M23X,TEJT22  電子- 軟體,86.09,1.0,2.17,3.75,1.76,12.49,12.43,12.43,28.65,35.64,36.52,36.52,34.62,8.75,3.03,,0.44,2023-03-31,2023,,
5483 中美晶,5483,5483,2023-03-31,24,半導體,M23G,TEJT16  電子- 晶圓製造,150.99,1.0,4.21,5.21,1.83,11.37,1.75,1.75,-6.56,840.03,119.41,119.41,-46.5,21.2,33.17,35.76,1.5,2023-03-31,2023,,
5484 慧友,5484,5484,2023-03-31,26,光電/ IO,M23C,TEJT09  電子- 其他光電,15.55,1.0,0.18,2.08,1.51,56.43,82.83,82.83,62.36,130.99,130.96,130.96,57.01,-3.9,-1.66,-4.15,5.75,2023-03-31,2023,,
5488 松普,5488,5488,2023-03-31,28,電子零組件,M23D,TEJT10  電子- 連接器,10.85,1.0,-0.01,0.47,0.27,38.99,9.62,9.62,152.07,254.11,40.63,40.63,40.63,7.99,0.05,19.21,0.15,2023-03-31,2023,,
5511 德昌,5511,5511,2023-03-31,14,營造,M25B,TEJN17  傳產- 營建,32.27,1.0,3.35,7.25,3.12,17.87,119.4,119.4,157.27,194.49,185.34,185.34,153.56,-2.38,11.97,36.81,1.91,2023-03-31,2023,,
5514 三豐,5514,5514,2023-03-31,14,建設,M25A,TEJN17  傳產- 營建,17.9,1.0,-0.07,0.95,0.55,14.23,18.29,18.29,-32.45,-29.11,-45.18,-45.18,-45.18,7.09,-4.6,,-0.1,2023-03-31,2023,,
5516 雙喜,5516,5516,2023-03-31,14,營造,M25B,TEJN17  傳產- 營建,24.2,1.0,0.71,3.79,1.01,43.68,68.19,68.19,84.32,87.97,83.7,83.7,87.58,13.2,16.96,14.26,0.58,2023-03-31,2023,,
5519 隆大,5519,5519,2023-03-31,14,建設,M25A,TEJN17  傳產- 營建,21.99,1.0,0.27,1.24,0.5,5.14,36.14,36.14,28.81,27.42,14.33,14.33,14.24,7.43,10.86,71.99,0.06,2023-03-31,2023,,
5521 工信,5521,5521,2023-03-31,14,營造,M25B,TEJN17  傳產- 營建,7.59,1.0,-0.17,-1.36,-0.99,14.5,0.53,0.53,-449.32,-532.98,-502.75,-502.75,-502.23,-6.6,-1.23,-4.27,-0.93,2023-03-31,2023,,
5523 豐謙,5523,5523,2023-03-31,14,建設,M25A,TEJN17  傳產- 營建,24.1,1.0,1.13,6.27,2.91,2014.66,1495.13,1495.13,867666.67,-65.87,-61.31,-61.31,14175.69,12.26,-10.35,28.08,-4.46,2023-03-31,2023,,
5529 鉅陞,5529,5529,2023-03-31,14,建設,M25A,TEJN17  傳產- 營建,11.75,1.0,-0.16,-2.25,-0.61,45.05,62.6,62.6,-8.79,2.97,2.97,2.97,2.97,20.56,-9.28,-0.09,-0.02,2023-03-31,2023,,
5531 鄉林,5531,5531,2023-03-31,14,建設,M25A,TEJN17  傳產- 營建,9.1,1.0,0.34,2.41,0.67,640.57,7967.92,7967.92,215.12,202.47,184.24,184.24,147.69,6.72,-6.96,-5.79,1.57,2023-03-31,2023,,
5536 聖暉*,5536,5536,2023-03-31,31,電子設備,M23H,TEJT18  電子- 電子設備,130.57,1.0,3.75,6.08,2.48,4.14,19.04,19.04,10.24,12.78,19.0,19.0,10.73,28.02,55.23,10.78,0.37,2023-03-31,2023,,
5601 台聯櫃,5601,5601,2023-03-31,15,貨運倉儲業,M26C,TEJN19  傳產- 陸運,41.98,1.0,0.1,0.48,0.35,1.66,3.3,3.3,3.32,4.03,4.03,4.03,4.03,1.15,1.29,0.27,0.03,2023-03-31,2023,,
5701 劍湖山,5701,5701,2023-03-31,16,餐飲飯店,M27A,TEJN20  傳產- 觀光餐飲,9.64,1.0,-0.09,1.76,0.38,14.6,23.71,23.71,76.54,46.39,46.41,46.41,42.1,1.3,20.32,-6.87,0.32,2023-03-31,2023,,
5703 亞都,5703,5703,2023-03-31,16,餐飲飯店,M27A,TEJN20  傳產- 觀光餐飲,21.35,1.0,0.14,2.16,1.03,57.92,1064.57,1064.57,154.03,157.48,143.29,143.29,143.43,-2.65,-7.56,-22.28,3.36,2023-03-31,2023,,
5704 老爺知,5704,5704,2023-03-31,16,餐飲飯店,M27A,TEJN20  傳產- 觀光餐飲,58.59,1.0,0.87,6.47,4.68,3.47,3.86,3.86,-8.29,-10.74,-11.35,-11.35,-8.02,7.51,1.06,-10.45,-0.64,2023-03-31,2023,,
5706 鳳凰,5706,5706,2023-03-31,16,旅行社,M27C,TEJN20  傳產- 觀光餐飲,64.08,1.0,-0.12,5.43,2.47,1453.35,623.49,623.49,338.13,-233.5,-308.91,-308.91,124.56,3.72,-10.86,57.54,-0.51,2023-03-31,2023,,
5871 中租-KY,5871,5871,2023-03-31,20,租賃業,M28K,TEJF01  金融- 金融中介,212.37,1.0,4.35,4.7,0.82,16.13,8.4,8.4,-9.48,-4.16,-3.95,-3.95,-4.2,16.14,23.99,19.48,-0.02,2023-03-31,2023,,
5903 全家,5903,5903,2023-03-31,38,百貨批發,M29A,TEJN21  傳產- 百貨貿易,211.92,1.0,0.88,2.66,0.27,10.16,11.1,11.1,32.89,12.14,10.92,10.92,10.54,4.25,8.14,22.14,0.16,2023-03-31,2023,,
5904 寶雅,5904,5904,2023-03-31,38,百貨批發,M29A,,541.22,1.0,6.43,12.7,2.66,12.31,16.71,16.71,28.42,30.19,30.23,30.23,30.2,-0.11,-21.91,-3.54,0.71,2023-03-31,2023,,
5905 南仁湖,5905,5905,2023-03-31,16,觀光遊樂區,M27B,TEJN20  傳產- 觀光餐飲,11.95,1.0,-0.08,-0.52,-0.19,0.2,7.17,7.17,52.04,66.07,68.57,68.57,64.64,38.35,38.89,-6.16,0.27,2023-03-31,2023,,
5906 台南-KY,5906,5906,2023-03-31,18,百貨批發,M29A,,35.5,1.0,1.6,12.24,5.11,25.87,17.61,17.61,22.29,32.0,34.91,34.91,29.86,46.3,25.18,3.67,1.06,2023-03-31,2023,,
6101 寬魚國際,6101,6101,2023-03-31,32,電視廣播,M99H,TEJO99  其它業別,45.9,1.0,0.22,2.37,2.25,512.82,3448.67,3448.67,266.5,371.04,373.65,373.65,331.68,-0.01,1.84,137.26,3.05,2023-03-31,2023,,
6112 邁達特,6112,6112,2023-03-31,30,軟體服務,M23X,TEJT22  電子- 軟體,39.06,1.0,1.17,4.68,2.2,20.67,33.28,33.28,84.48,144.76,154.31,154.31,90.14,11.35,0.9,-5.92,1.48,2023-03-31,2023,,
6122 擎邦,6122,6122,2023-03-31,5,營造,M25B,TEJN17  傳產- 營建,29.85,1.0,0.8,4.69,1.68,100.45,141.53,141.53,222.62,152.26,136.18,136.18,129.45,35.94,11.85,,0.91,2023-03-31,2023,,
6125 廣運,6125,6125,2023-03-31,26,電子設備,M23H,TEJT18  電子- 電子設備,28.47,1.0,0.29,1.55,0.76,12.75,19.01,19.01,240.81,-18.57,30.49,30.49,115.48,-0.02,7.7,7.99,0.32,2023-03-31,2023,,
6129 普誠,6129,6129,2023-03-31,24,半導體,M23G,TEJT17  電子- IC設計,33.99,1.0,0.26,1.79,1.48,12.81,2.68,2.68,-6.65,1.94,18.18,18.18,-13.19,5.15,11.09,3.37,0.29,2023-03-31,2023,,
6130 星寶國際,6130,6130,2023-03-31,22,藥,M17C,TEJN09  傳產- 西藥,35.45,1.0,-0.21,-0.79,-0.64,209.65,54.46,54.46,4.92,43.71,38.5,38.5,-636.93,101.63,89.29,150.7,0.85,2023-03-31,2023,,
6136 富爾特,6136,6136,2023-03-31,27,資訊通路,M23T,,17.87,1.0,0.01,2.28,2.15,3.35,43.29,43.29,62.05,138.87,124.07,124.07,124.07,-6.58,-6.7,-2.3,0.21,2023-03-31,2023,,
6139 亞翔,6139,6139,2023-03-31,31,電機製品,M15B,TEJN07  傳產- 電機及家電,48.45,1.0,1.42,3.13,0.81,9.39,24.69,24.69,0.05,34.39,48.62,48.62,5.8,70.01,11.17,9.62,0.29,2023-03-31,2023,,
6142 友勁,6142,6142,2023-03-31,27,網路設備,M23E,TEJT15  電子- 網通,12.7,1.0,0.03,1.02,0.6,72.05,689.86,689.86,121.27,117.32,116.72,116.72,117.86,1.38,5.44,-9.04,1.32,2023-03-31,2023,,
6143 振曜,6143,6143,2023-03-31,27,光電/ IO,M23C,TEJT05  電子- PC週邊,97.97,1.0,0.31,3.42,1.61,29.4,37.0,37.0,110.83,-1.09,-11.03,-11.03,-9.57,50.08,30.93,,0.0,2023-03-31,2023,,
6146 耕興,6146,6146,2023-03-31,31,其他電子,M23Z,TEJO99  其它業別,246.31,1.0,4.13,8.13,6.08,4.45,5.55,5.55,15.56,11.58,12.77,12.77,12.77,15.03,14.35,2.96,0.71,2023-03-31,2023,,
6148 驊宏資,6148,6148,2023-03-31,30,軟體服務,M23X,TEJT22  電子- 軟體,19.44,1.0,0.12,1.0,0.53,59.39,11.92,11.92,34.44,0.71,-3.53,-3.53,-2.27,-2.12,2.95,57.02,0.01,2023-03-31,2023,,
6160 欣技,6160,6160,2023-03-31,25,主機板,M23B,TEJT02  電子- 主機板,27.56,1.0,0.5,4.1,2.46,71.99,54.57,54.57,3701.93,827.17,839.8,839.8,839.69,7.94,5.68,-12.17,2.09,2023-03-31,2023,,
6163 華電網,6163,6163,2023-03-31,27,通訊設備,M23K,TEJT19  電子- 電信業,21.4,1.0,-0.16,3.12,1.32,29.84,42.83,42.83,74.9,70.61,70.61,70.61,67.18,7.52,15.97,9.78,1.01,2023-03-31,2023,,
6166 凌華,6166,6166,2023-03-31,25,主機板,M23B,TEJT02  電子- 主機板,60.66,1.0,0.38,1.25,0.49,11.55,26.16,25.75,9503.81,73.23,45.12,45.12,39.43,6.12,14.66,,0.23,2023-03-31,2023,,
6169 昱泉,6169,6169,2023-03-31,32,軟體服務,M23X,TEJT22  電子- 軟體,19.15,1.0,-0.27,-1.91,-1.44,967.93,246.36,246.36,-20.72,-62.44,-89.25,-89.25,-89.25,10.05,0.85,,-0.53,2023-03-31,2023,,
6179 亞通,6179,6179,2023-03-31,20,工程承攬,M25C,TEJN17  傳產- 營建,28.87,1.0,0.09,3.12,0.95,81.16,428.25,407.09,728.34,226.91,289.03,289.03,280.19,23.7,-9.67,,0.57,2023-03-31,2023,,
6185 幃翔,6185,6185,2023-03-31,28,電子零組件,M23D,TEJT10  電子- 連接器,15.16,1.0,0.27,2.0,1.66,25.57,96.33,96.33,308.45,571.23,542.61,542.61,1043.64,2.35,2.8,-15.73,1.99,2023-03-31,2023,,
6186 新潤,6186,6186,2023-03-31,14,建設,M25A,TEJN17  傳產- 營建,40.7,1.0,0.23,1.14,0.19,20613.41,48870.11,48870.11,231.71,234.68,207.74,207.74,207.74,13.99,5.67,-37.79,0.39,2023-03-31,2023,,
6194 育富,6194,6194,2023-03-31,28,主機板,M23B,TEJT03  電子- PCB,26.69,1.0,0.53,1.5,1.24,11.92,738.85,738.85,201.0,227.39,222.72,222.72,221.39,-2.75,-3.01,-21.8,2.17,2023-03-31,2023,,
6196 帆宣,6196,6196,2023-03-31,31,電子設備,M23H,TEJT18  電子- 電子設備,128.16,1.0,2.33,4.49,1.21,43.63,16.5,16.5,10.86,20.08,23.56,23.56,-17.82,17.98,18.25,2.76,0.41,2023-03-31,2023,,
6197 佳必琪,6197,6197,2023-03-31,28,電子零組件,M23D,TEJT10  電子- 連接器,45.21,1.0,0.84,5.06,3.35,15.93,7.35,7.35,47.3,206.93,143.95,143.95,49.25,1.43,3.24,-4.78,1.29,2023-03-31,2023,,
6199 天品,6199,6199,2023-03-31,20,靈骨塔業,M25E,,18.6,1.0,0.05,-0.62,-0.51,69.87,5.31,5.31,-36.73,-93.56,-96.52,-96.52,-5.96,-2.21,-8.38,290.39,-3.31,2023-03-31,2023,,
6203 海韻電,6203,6203,2023-03-31,28,電子零組件,M23D,TEJT11  電子- 電源供應器,60.32,1.0,1.66,4.9,3.33,13.75,42.58,42.58,75.19,-2.57,-6.21,-6.21,-10.22,-7.7,1.47,-14.96,-0.25,2023-03-31,2023,,
6205 詮欣,6205,6205,2023-03-31,28,電子零組件,M23D,TEJT10  電子- 連接器,77.19,1.0,1.16,5.23,3.79,7.26,37.57,37.57,55.85,27.39,28.36,28.36,22.92,5.67,-2.93,27.43,0.76,2023-03-31,2023,,
6208 日揚,6208,6208,2023-03-31,28,電子設備,M23H,TEJT18  電子- 電子設備,53.9,1.0,0.74,3.14,1.5,17.45,3.36,3.36,1.17,-19.39,-23.54,-23.54,-23.63,9.16,9.4,42.27,-0.31,2023-03-31,2023,,
6214 精誠,6214,6214,2023-03-31,30,軟體服務,M23X,TEJT22  電子- 軟體,75.4,1.0,1.84,3.04,1.56,6.66,10.4,10.4,9.01,51.91,53.49,53.49,-1.66,5.92,6.25,2.11,0.63,2023-03-31,2023,,
6218 豪勉,6218,6218,2023-03-31,27,軟體服務,M23X,TEJT22  電子- 軟體,18.55,1.0,0.73,4.99,2.51,39.95,35.86,35.86,118.62,218.21,283.27,283.27,81.96,15.27,0.28,,1.77,2023-03-31,2023,,
6221 晉泰,6221,6221,2023-03-31,30,軟體服務,M23X,TEJT22  電子- 軟體,61.5,1.0,0.77,4.24,1.61,17.63,7.58,7.58,2.09,-9.21,-10.28,-10.28,-10.28,7.33,16.08,-3.57,-0.12,2023-03-31,2023,,
6223 旺矽,6223,6223,2023-03-31,24,主機板,M23B,TEJT03  電子- PCB,129.6,1.0,2.98,4.41,2.84,3.68,7.43,7.43,11.38,-9.12,-8.66,-8.66,-8.44,9.2,12.99,-2.24,-0.24,2023-03-31,2023,,
6230 尼得科超眾,6230,6230,2023-03-31,25,電子零組件,M23D,TEJT14  電子- 電子零組件其他,149.5,1.0,1.14,2.1,0.99,24.55,43.59,43.59,298.61,575.56,460.1,460.1,1125.28,4.79,14.4,7.86,1.17,2023-03-31,2023,,
6235 華孚,6235,6235,2023-03-31,25,電子零組件,M23D,TEJT12  電子- 機殼,77.3,1.0,1.04,6.02,3.23,44.35,88.38,88.38,290.95,143.41,121.59,121.59,123.53,24.6,32.06,,2.05,2023-03-31,2023,,
6240 松崗,6240,6240,2023-03-31,20,平媒電子報,M99F,TEJO99  其它業別,23.4,1.0,0.06,2.45,0.92,194.34,23.83,23.83,-277.23,153.94,154.87,154.87,-214.12,4.18,15.24,26120.0,0.37,2023-03-31,2023,,
6242 立康,6242,6242,2023-03-31,22,藥,M17C,TEJN09  傳產- 西藥,52.39,1.0,1.21,4.33,3.59,53.79,47.31,47.31,89.97,97.5,101.89,101.89,82.87,13.02,17.26,-8.32,2.03,2023-03-31,2023,,
6244 茂迪,6244,6244,2023-03-31,26,光電/ IO,M23C,TEJT07  電子- 太陽能,36.15,1.0,0.4,3.67,1.71,23.21,199.02,199.02,434.92,272.34,275.8,275.8,275.8,5.63,28.94,1.82,1.26,2023-03-31,2023,,
6245 立端,6245,6245,2023-03-31,27,主機板,M23B,TEJT02  電子- 主機板,121.5,1.0,2.16,5.72,2.84,22.4,52.89,52.89,187.35,131.36,129.27,129.27,118.7,19.33,21.95,5.33,1.63,2023-03-31,2023,,
6248 沛波,6248,6248,2023-03-31,10,金屬基本,M20A,TEJN14  傳產- 鋼鐵,24.95,1.0,0.83,4.51,2.16,39.83,95.25,95.25,122.73,132.52,130.13,130.13,129.27,22.4,49.7,15.49,1.34,2023-03-31,2023,,
6263 普萊德,6263,6263,2023-03-31,27,網路設備,M23E,TEJT15  電子- 網通,106.46,1.0,1.81,7.03,5.5,20.51,34.65,34.65,44.63,46.92,44.18,44.18,44.13,12.05,12.17,17.41,1.73,2023-03-31,2023,,
6264 富裔,6264,6264,2023-03-31,14,建設,M25A,TEJN17  傳產- 營建,8.17,1.0,-0.17,-2.66,-0.57,47.98,484.11,484.11,71.97,57.17,49.79,49.79,49.55,-2.21,-25.48,-3.23,0.48,2023-03-31,2023,,
6266 泰詠,6266,6266,2023-03-31,28,主機板,M23B,TEJT03  電子- PCB,31.15,1.0,0.75,4.49,2.88,50.07,49.59,49.59,66.95,56.75,51.36,51.36,39.75,15.35,28.26,8.2,1.01,2023-03-31,2023,,
6277 宏正,6277,6277,2023-03-31,25,光電/ IO,M23C,TEJT05  電子- PC週邊,79.79,1.0,1.59,3.91,2.55,12.37,15.72,15.72,49.35,41.2,40.07,40.07,29.23,0.2,2.54,-3.17,0.77,2023-03-31,2023,,
6279 胡連,6279,6279,2023-03-31,28,汽車組件,M15D,TEJN16  傳產- 汽車,142.5,1.0,2.23,4.24,2.23,21.05,20.34,20.34,28.8,8.25,7.93,7.93,0.43,20.21,9.3,20.17,0.47,2023-03-31,2023,,
6285 啟碁,6285,6285,2023-03-31,27,通訊設備,M23K,TEJT15  電子- 網通,99.35,1.0,1.43,4.5,1.48,29.87,37.5,37.5,246.2,100.36,90.54,90.54,92.21,29.15,23.59,24.68,0.61,2023-03-31,2023,,
6288 聯嘉,6288,6288,2023-03-31,12,光電/ IO,M23C,TEJT06  電子- LED,31.47,1.0,0.02,0.17,0.07,14.98,15.77,15.77,99.41,-131.73,-61.79,-61.79,237.18,-0.77,10.01,5.39,-0.04,2023-03-31,2023,,
6291 沛亨,6291,6291,2023-03-31,24,半導體,M23G,TEJT17  電子- IC設計,137.83,1.0,2.01,7.69,5.35,17.93,45.37,45.37,133.6,72.7,62.77,62.77,63.09,14.04,43.13,,2.15,2023-03-31,2023,,
6409 旭隼,6409,6409,2023-03-31,31,電子零組件,M23D,TEJT11  電子- 電源供應器,1689.86,1.0,8.55,8.85,4.8,9.85,40.77,40.77,44.19,50.1,49.07,49.07,49.41,2.87,43.65,9.42,1.62,2023-03-31,2023,,
6414 樺漢,6414,6414,2023-03-31,25,主機板,M23B,TEJT02  電子- 主機板,253.52,1.0,4.64,2.73,0.98,31.46,24.85,24.85,107.66,60.42,53.4,64.37,26.08,14.8,25.27,-3.35,0.36,2023-03-31,2023,,
6417 韋僑,6417,6417,2023-03-31,27,通訊設備,M23K,TEJT15  電子- 網通,148.8,1.0,0.95,2.77,1.71,25.35,58.63,58.63,124.47,75.18,74.99,74.99,74.99,32.79,10.94,72.39,0.72,2023-03-31,2023,,
6438 迅得,6438,6438,2023-03-31,31,電子設備,M23H,TEJT18  電子- 電子設備,98.73,1.0,2.64,5.5,2.47,26.54,8.73,8.73,20.58,12.4,22.94,22.94,22.68,23.07,8.86,7.66,0.57,2023-03-31,2023,,
6441 廣錠,6441,6441,2023-03-31,25,電子零組件,M23D,TEJT14  電子- 電子零組件其他,61.54,1.0,-0.46,-1.95,-1.1,29.93,71.46,71.46,-7.99,-545.99,-273.3,-273.3,-840.26,-15.72,-1.54,70.24,-0.66,2023-03-31,2023,,
6443 元晶,6443,6443,2023-03-31,26,光電/ IO,M23C,TEJT07  電子- 太陽能,37.73,1.0,0.37,2.82,1.56,8.64,44.95,47.33,72.61,549.28,509.83,509.83,556.44,12.32,22.2,12.32,1.65,2023-03-31,2023,,
6446 藥華藥,6446,6446,2023-03-31,22,藥,M17C,TEJN09  傳產- 西藥,428.0,1.0,-2.44,-5.95,-4.53,252.6,475.86,475.86,-30.26,-40.52,-36.0,-36.0,-36.0,199.02,202.3,177.61,-1.26,2023-03-31,2023,,
6451 訊芯-KY,6451,6451,2023-03-31,24,半導體,M23G,TEJT16  電子- 晶圓製造,81.01,1.0,0.52,2.37,1.06,62.16,912.86,912.86,109.0,133.25,173.59,173.59,192.69,-1.58,4.5,58.15,1.17,2023-03-31,2023,,
6465 威潤,6465,6465,2023-03-31,27,通訊設備,M23K,TEJT15  電子- 網通,18.2,1.0,-0.23,-3.05,-1.36,36.16,124.45,124.45,64.7,60.43,63.77,63.77,58.29,-9.05,-24.39,-0.66,2.55,2023-03-31,2023,,
6469 大樹,6469,6469,2023-03-31,22,醫藥通路,M17X,,292.05,1.0,1.74,6.28,1.56,19.42,24.57,24.57,34.51,32.71,32.92,32.92,31.85,30.94,24.67,8.07,0.62,2023-03-31,2023,,
6470 宇智,6470,6470,2023-03-31,27,網路設備,M23E,TEJT15  電子- 網通,63.38,1.0,0.89,3.37,1.85,27.69,22.99,22.99,51.98,-24.15,-22.46,-22.46,-22.46,22.38,42.0,-17.52,-0.6,2023-03-31,2023,,
6472 保瑞,6472,6472,2023-03-31,22,藥,M17C,TEJN09  傳產- 西藥,564.32,1.0,13.62,18.08,4.45,327.88,394.47,394.47,515.11,470.08,482.25,482.25,524.23,202.04,95.08,76.82,4.2,2023-03-31,2023,,
6482 弘煜科,6482,6482,2023-03-31,32,軟體服務,M23X,TEJT22  電子- 軟體,45.5,1.0,0.58,3.38,2.45,11.46,12.25,12.25,14.61,-11.18,-15.62,-15.62,-15.62,17.29,20.8,,-0.48,2023-03-31,2023,,
6488 環球晶,6488,6488,2023-03-31,24,半導體,M23G,TEJT16  電子- 晶圓製造,508.92,1.0,11.49,6.84,2.23,14.16,8.69,8.69,3.59,2167.28,186.41,186.41,-40.46,17.47,23.02,23.81,2.01,2023-03-31,2023,,
6504 南六,6504,6504,2023-03-31,20,不織布,M14F,TEJN05  傳產- 紡織,79.3,1.0,0.14,0.69,0.23,10.65,25.9,25.9,296.84,78.1,-11.88,-11.88,-67.1,-0.81,-2.19,-7.17,0.09,2023-03-31,2023,,
6515 穎崴,6515,6515,2023-03-31,24,主機板,M23B,TEJT04  電子- PCB原材料,700.21,1.0,4.18,4.26,2.63,25.9,27.29,27.29,40.12,24.46,20.36,20.36,24.09,29.77,15.07,81.45,0.43,2023-03-31,2023,,
6516 勤崴國際,6516,6516,2023-03-31,30,通訊設備,M23K,TEJT15  電子- 網通,75.29,1.0,0.38,0.98,0.83,17.58,9.45,9.45,41.75,23.19,20.26,20.26,20.26,9.23,3.89,59.3,0.32,2023-03-31,2023,,
6517 保勝光學,6517,6517,2023-03-31,26,消費性電子,M23U,TEJT21  電子- 消費性電子,131.24,1.0,1.3,7.4,5.79,36.6,82.86,82.86,110.57,82.85,67.37,67.37,67.69,55.5,66.94,-11.5,2.32,2023-03-31,2023,,
6523 達爾膚,6523,6523,2023-03-31,22,其他化學,M17Z,TEJN11  傳產- 其他化學,106.31,1.0,2.27,4.77,3.99,6.86,11.69,11.69,8.76,-7.64,-7.78,-7.78,-8.0,-0.51,-2.46,,-0.51,2023-03-31,2023,,
6527 明達醫,6527,6527,2023-03-31,22,醫療耗材,M17G,TEJN10  傳產- 醫療耗材,69.09,1.0,1.14,3.42,2.64,51.0,43.96,43.96,93.74,15.53,22.46,22.46,22.46,8.66,8.33,-21.97,0.48,2023-03-31,2023,,
6533 晶心科,6533,6533,2023-03-31,24,半導體,M23G,TEJT17  電子- IC設計,517.4,1.0,-1.08,-1.1,-1.01,6.67,6.76,6.76,-1485.48,-142.74,-143.81,-143.81,-143.81,2.54,2.19,126.94,-3.12,2023-03-31,2023,,
6535 順藥,6535,6535,2023-03-31,22,藥,M17C,TEJN09  傳產- 西藥,41.15,1.0,0.89,8.26,7.39,185.06,39.86,39.86,-21.91,178.01,178.01,178.01,-31.52,-6.15,-6.22,86.64,17.41,2023-03-31,2023,,
6538 倉和,6538,6538,2023-03-31,28,光電/ IO,M23C,TEJT07  電子- 太陽能,83.28,1.0,1.0,2.53,1.69,19.52,14.94,14.94,21.35,-27.05,-23.02,-23.02,-17.04,-4.33,1.0,-3.59,-0.4,2023-03-31,2023,,
6541 泰福-KY,6541,6541,2023-03-31,22,藥,M17C,TEJN09  傳產- 西藥,80.6,1.0,-5.17,-51.61,-19.38,864.42,325.21,325.21,-80.83,-83.28,-83.28,-83.28,-83.28,-33.79,-59.92,-3.63,-7.81,2023-03-31,2023,,
6561 是方,6561,6561,2023-03-31,27,通訊設備,M23K,TEJT19  電子- 電信業,342.37,1.0,3.17,7.21,3.83,7.25,13.35,13.35,14.52,15.06,14.18,14.18,14.51,4.6,-12.43,103.74,0.46,2023-03-31,2023,,
6570 維田,6570,6570,2023-03-31,25,主機板,M23B,TEJT02  電子- 主機板,57.26,1.0,0.77,3.47,2.09,1.3,22.35,22.35,41.88,9.29,12.21,12.21,12.21,15.38,31.0,5.09,0.33,2023-03-31,2023,,
6585 鼎基,6585,6585,2023-03-31,20,樹脂,M17F,TEJN11  傳產- 其他化學,59.79,1.0,0.71,1.73,1.01,3.46,16.73,16.73,40.75,0.66,-4.28,-4.28,-5.45,3.2,12.74,5.6,0.13,2023-03-31,2023,,
6590 普鴻,6590,6590,2023-03-31,30,軟體服務,M23X,TEJT22  電子- 軟體,69.3,1.0,1.48,5.67,3.65,33.88,23.58,23.58,21.2,54.15,65.08,65.08,34.89,40.86,39.78,328.08,1.51,2023-03-31,2023,,
6592 和潤企業,6592,6592,2023-03-31,20,租賃業,M28K,TEJF01  金融- 金融中介,107.09,1.0,1.63,2.91,0.36,26.62,12.18,12.18,10.33,5.74,4.59,4.59,5.06,25.43,19.03,9.13,0.02,2023-03-31,2023,,
6598 ABC-KY,6598,6598,2023-03-31,22,醫療耗材,M17G,TEJN10  傳產- 醫療耗材,29.0,1.0,-0.62,-7.22,-4.83,53.02,130.12,130.12,26.51,32.25,31.29,31.29,31.29,16.57,-11.44,9.12,2.02,2023-03-31,2023,,
6605 帝寶,6605,6605,2023-03-31,12,汽車組件,M15D,TEJN16  傳產- 汽車,87.14,1.0,2.7,2.82,1.34,13.99,35.06,35.06,113.46,24.64,-1.93,-1.93,-1.46,0.79,8.53,-4.67,0.08,2023-03-31,2023,,
6612 奈米醫材,6612,6612,2023-03-31,22,醫療耗材,M17G,TEJN10  傳產- 醫療耗材,129.5,1.0,0.77,2.0,1.72,24.58,18.02,18.02,-14.31,-12.86,-15.49,-15.49,-32.35,13.3,13.24,4.94,-0.22,2023-03-31,2023,,
6625 必應,6625,6625,2023-03-31,20,電視廣播,M99H,TEJO99  其它業別,49.1,1.0,0.35,2.92,1.58,35.53,282.84,282.84,138.19,150.45,147.91,147.91,146.72,2.29,5.18,-6.17,3.74,2023-03-31,2023,,
6643 M31,6643,6643,2023-03-31,24,半導體,M23G,TEJT17  電子- IC設計,600.94,1.0,2.24,3.96,2.98,26.34,26.34,26.34,87.09,84.4,76.15,76.15,-36.38,15.87,3.33,-2.38,1.3,2023-03-31,2023,,
6649 台生材,6649,6649,2023-03-31,22,醫療耗材,M17G,TEJN10  傳產- 醫療耗材,42.35,1.0,0.05,0.34,0.3,40.22,27.01,27.01,135.32,148.16,148.16,148.16,148.16,3.47,6.66,,1.08,2023-03-31,2023,,
6657 華安,6657,6657,2023-03-31,22,藥,M17C,TEJN09  傳產- 西藥,,1.0,-0.84,-9.79,-9.38,93.74,95.26,95.26,-82.5,-83.97,-83.97,-83.97,-83.97,-32.72,-33.48,-20.86,-4.1,2023-03-31,2023,,
6664 群翊,6664,6664,2023-03-31,28,電子設備,M23H,TEJT18  電子- 電子設備,108.23,1.0,2.51,6.13,2.24,12.4,26.83,26.83,23.65,2.16,-2.04,-2.04,-2.82,42.04,15.03,12.95,-0.02,2023-03-31,2023,,
6669 緯穎,6669,6669,2023-03-31,25,PC系統,M23A,TEJT01  電子- PC,1076.92,1.0,18.86,7.98,3.42,46.39,57.94,57.94,54.12,40.11,40.59,40.59,34.27,11.36,40.35,125.22,1.23,2023-03-31,2023,,
6680 鑫創電子,6680,6680,2023-03-31,25,主機板,M23B,TEJT02  電子- 主機板,69.93,1.0,0.37,1.72,1.07,30.02,39.0,39.0,221.68,-17.2,-19.28,-19.28,-27.48,2.65,9.05,-4.22,-0.23,2023-03-31,2023,,
6683 雍智科技,6683,6683,2023-03-31,24,主機板,M23B,TEJT02  電子- 主機板,200.08,1.0,3.54,4.54,3.83,1.29,0.21,0.21,-3.52,-16.97,-15.13,-15.13,-15.13,6.34,9.52,-7.82,-0.68,2023-03-31,2023,,
6689 伊雲谷,6689,6689,2023-03-31,36,軟體服務,M23X,,126.77,1.0,0.32,0.46,0.22,6.78,2.23,2.23,-67.08,-29.94,-43.96,-43.96,-44.59,35.31,56.05,,-0.25,2023-03-31,2023,,
6690 安碁資訊,6690,6690,2023-03-31,36,軟體服務,M23X,TEJT22  電子- 軟體,172.04,1.0,1.75,3.23,1.84,11.87,19.26,19.26,48.0,53.31,35.68,35.68,35.68,12.03,90.89,7.07,-0.19,2023-03-31,2023,,
6691 洋基工程,6691,6691,2023-03-31,31,電子設備,M23H,TEJT18  電子- 電子設備,200.74,1.0,5.81,8.4,3.33,30.5,22.3,22.3,20.91,19.9,22.62,22.62,22.1,24.08,-12.83,,0.63,2023-03-31,2023,,
6703 軒郁,6703,6703,2023-03-31,22,其他化學,M17Z,TEJN11  傳產- 其他化學,110.91,1.0,3.11,8.54,6.25,58.44,61.58,61.58,119.22,115.52,110.36,110.36,78.56,20.23,14.72,-10.01,3.05,2023-03-31,2023,,
6733 博晟生醫,6733,6733,2023-03-31,22,醫療耗材,M17G,TEJN10  傳產- 醫療耗材,33.55,1.0,-0.46,-6.96,-6.37,117.61,215.3,215.3,-7.74,-8.83,-9.2,-9.2,-9.2,19.97,20.42,720.62,-0.51,2023-03-31,2023,,
6741 91APP*-KY,6741,6741,2023-03-31,36,通訊設備,M23K,TEJT15  電子- 網通,108.41,1.0,0.64,2.91,1.88,14.71,16.28,16.28,20.18,21.97,14.31,14.31,14.29,0.79,1.26,-5.51,0.26,2023-03-31,2023,,
6751 智聯服務,6751,6751,2023-03-31,30,軟體服務,M23X,TEJT22  電子- 軟體,91.17,1.0,1.13,4.43,2.88,33.48,149.77,149.77,345.99,313.11,334.4,334.4,342.19,52.57,39.34,1151.32,2.8,2023-03-31,2023,,
6752 叡揚,6752,6752,2023-03-31,30,軟體服務,M23X,,134.0,1.0,1.23,3.96,1.66,20.62,30.39,30.39,52.59,51.22,52.34,52.34,52.34,18.21,6.61,,0.62,2023-03-31,2023,,
6753 龍德造船,6753,6753,2023-03-31,15,機車船製造,M22B,TEJN16  傳產- 汽車,116.0,1.0,1.54,6.69,2.24,88.57,83.12,83.12,108.61,112.91,114.18,114.18,114.18,23.1,56.2,22.45,1.39,2023-03-31,2023,,
6762 達亞,6762,6762,2023-03-31,22,醫療耗材,M17G,TEJN10  傳產- 醫療耗材,251.0,1.0,1.41,3.08,1.86,63.97,154.7,154.7,745.24,42.44,42.89,42.89,42.89,28.46,8.71,135.25,0.6,2023-03-31,2023,,
6763 綠界科技,6763,6763,2023-03-31,36,通訊設備,M23K,TEJT15  電子- 網通,457.4,1.0,5.09,3.88,1.62,7.24,2.2,2.2,13.36,24.6,23.16,23.16,23.16,6.61,14.61,-15.7,0.27,2023-03-31,2023,,
6767 台微醫,6767,6767,2023-03-31,22,醫療耗材,M17G,TEJN10  傳產- 醫療耗材,38.75,1.0,0.4,3.1,2.29,51.84,61.6,61.6,61.91,227.54,221.71,221.71,55.61,3.16,1.18,49.27,4.16,2023-03-31,2023,,
6788 華景電,6788,6788,2023-03-31,24,電子設備,M23H,TEJT18  電子- 電子設備,139.45,1.0,2.39,5.54,3.36,13.51,22.85,22.85,22.14,16.71,16.3,16.3,15.85,36.89,-5.44,38.71,0.55,2023-03-31,2023,,
6791 虎門科技,6791,6791,2023-03-31,30,軟體服務,M23X,,76.34,1.0,0.92,4.24,2.8,15.2,41.57,41.57,65.81,60.11,63.16,63.16,70.56,5.21,41.44,-3.43,1.04,2023-03-31,2023,,
6796 晉弘,6796,6796,2023-03-31,22,醫療耗材,M17G,TEJN10  傳產- 醫療耗材,99.24,1.0,0.39,2.02,1.56,7.92,18.57,18.57,158.78,8.91,-8.2,-8.2,-8.2,17.6,31.84,40.46,-0.18,2023-03-31,2023,,
6803 崑鼎,6803,6803,2023-03-31,35,資源回收,M99L,TEJO99  其它業別,259.04,1.0,4.01,6.49,2.94,15.89,15.17,15.17,17.81,20.99,33.99,33.99,32.59,7.23,-6.2,9.06,0.76,2023-03-31,2023,,
6804 明係,6804,6804,2023-03-31,37,其他,M99Z,TEJN23  傳產- 運動休閒,53.79,1.0,1.29,3.6,1.6,31.14,15.99,15.99,49.2,10.74,10.71,10.71,3.03,18.54,17.4,-2.68,0.21,2023-03-31,2023,,
6806 森崴能源,6806,6806,2023-03-31,35,公用事業,M99D,,88.2,1.0,0.26,0.47,0.27,69.51,80.58,80.58,161.78,19.39,19.19,19.19,24.92,37.14,70.61,18.49,0.1,2023-03-31,2023,,
6811 宏碁資訊,6811,6811,2023-03-31,36,軟體服務,M23X,,215.8,1.0,2.88,6.46,2.3,10.22,11.33,11.33,2.15,1.79,2.91,2.91,2.91,23.51,90.11,-56.12,0.06,2023-03-31,2023,,
6821 聯寶,6821,6821,2023-03-31,28,電子零組件,M23D,TEJT13  電子- 被動元件,,1.0,0.46,2.66,1.59,2.44,30.47,30.47,90.69,2.99,5.01,5.01,-13.74,-1.67,-0.17,,0.06,2023-03-31,2023,,
6841 長佳智能,6841,6841,2023-03-31,22,醫療耗材,M17G,TEJN10  傳產- 醫療耗材,117.97,1.0,0.03,0.13,0.13,35.34,20.17,20.17,-83.26,114.87,115.09,115.09,-83.72,49.67,50.38,-10.09,1.15,2023-03-31,2023,,
6843 進典,6843,6843,2023-03-31,5,其他電製品,M15Z,TEJN07  傳產- 電機及家電,76.71,1.0,1.15,4.93,3.29,16.1,71.75,71.75,188.77,169.27,175.39,175.39,175.39,19.87,40.79,-3.89,2.1,2023-03-31,2023,,
6855 數泓科,6855,6855,2023-03-31,31,機械業,M15A,TEJN06  傳產- 工具機,80.58,1.0,1.11,3.34,2.27,24.33,19.91,19.91,29.87,-24.71,-24.79,-24.79,-4.31,75.7,39.34,-2.57,-0.69,2023-03-31,2023,,
6859 伯特光,6859,6859,2023-03-31,26,消費性電子,M23U,TEJT21  電子- 消費性電子,165.0,1.0,0.68,1.39,1.12,2.71,17.63,17.63,20.67,-41.83,-41.93,-41.93,-40.02,21.34,32.1,0.91,-0.99,2023-03-31,2023,,
6861 睿生光電,6861,6861,2023-03-31,22,醫療耗材,M17G,TEJN10  傳產- 醫療耗材,128.46,1.0,0.82,2.76,1.28,1.98,13.56,13.56,106.02,-21.04,-18.37,-18.37,-18.38,44.72,83.19,22.17,-0.15,2023-03-31,2023,,
6863 永道-KY,6863,6863,2023-03-31,27,通訊設備,M23K,TEJT15  電子- 網通,182.17,1.0,1.51,2.92,2.61,14.33,21.18,21.18,40.16,35.61,54.36,54.36,71.14,36.23,37.22,-13.28,0.68,2023-03-31,2023,,
6877 鏵友益,6877,6877,2023-03-31,31,電子設備,M23H,TEJT18  電子- 電子設備,,1.0,0.41,2.66,1.42,5.66,29.08,29.08,253.17,196.05,193.51,193.51,193.51,13.93,5.63,18.89,1.23,2023-03-31,2023,,
8028 昇陽半導體,8028,8028,2023-03-31,24,半導體,M23G,TEJT16  電子- 晶圓製造,60.0,1.0,0.4,2.04,0.71,17.22,3.81,3.81,-8.65,-8.49,-8.57,-8.57,-35.32,35.44,18.13,65.54,0.21,2023-03-31,2023,,
8033 雷虎,8033,8033,2023-03-31,20,其他,M99Z,TEJO99  其它業別,58.2,1.0,-0.1,-0.28,-0.17,5.08,17.82,17.82,136.58,-626.18,-251.77,-251.77,-246.34,37.12,40.28,-2.53,-0.41,2023-03-31,2023,,
8038 長園科,8038,8038,2023-03-31,28,電子零組件,M23D,TEJT14  電子- 電子零組件其他,42.45,1.0,0.16,2.35,0.97,504.65,415.07,415.07,224.49,222.43,222.43,222.43,222.43,11.99,1.62,-3.97,1.93,2023-03-31,2023,,
8048 德勝,8048,8048,2023-03-31,27,網路設備,M23E,TEJT15  電子- 網通,36.22,1.0,0.74,4.94,3.7,42.13,52.95,52.95,138.42,138.83,162.45,162.45,45.95,8.16,2.81,-9.66,1.77,2023-03-31,2023,,
8049 晶采,8049,8049,2023-03-31,26,光電/ IO,M23C,TEJT08  電子- 面板,36.72,1.0,0.78,7.99,6.55,23.73,54.65,54.65,86.38,31.58,28.47,28.47,27.92,10.21,11.82,10.26,0.79,2023-03-31,2023,,
8050 廣積,8050,8050,2023-03-31,25,主機板,M23B,TEJT02  電子- 主機板,81.53,1.0,1.87,4.92,2.99,8.97,13.1,13.32,10.57,28.21,36.43,36.43,14.68,23.39,42.91,36.37,0.6,2023-03-31,2023,,
8069 元太,8069,8069,2023-03-31,26,光電/ IO,M23C,TEJT08  電子- 面板,180.64,1.0,1.54,3.66,2.33,21.29,23.76,23.76,27.13,25.85,20.18,20.18,1.22,11.83,14.79,44.82,0.61,2023-03-31,2023,,
8077 洛碁,8077,8077,2023-03-31,16,餐飲飯店,M27A,TEJN20  傳產- 觀光餐飲,36.35,1.0,-0.89,-7.69,-0.61,53.06,204.55,204.55,87.61,67.04,67.04,67.04,67.04,-11.45,-43.07,-14.0,1.13,2023-03-31,2023,,
8093 保銳,8093,8093,2023-03-31,28,電子零組件,M23D,TEJT11  電子- 電源供應器,13.1,1.0,-0.26,-3.33,-1.88,52.95,117.75,117.75,64.6,-552.47,-83.71,-83.71,60.36,-1.13,-0.3,4.59,-0.75,2023-03-31,2023,,
8104 錸寶,8104,8104,2023-03-31,26,光電/ IO,M23C,TEJT08  電子- 面板,39.56,1.0,0.14,0.81,0.37,81.82,151.47,151.47,162.44,621.49,158.93,158.93,169.96,4.44,-1.95,0.23,1.04,2023-03-31,2023,,
8109 博大,8109,8109,2023-03-31,28,電子零組件,M23D,TEJT11  電子- 電源供應器,85.48,1.0,1.83,5.98,2.93,26.88,32.9,32.9,48.76,-10.6,-9.98,-9.98,-14.14,10.74,26.41,30.12,-0.25,2023-03-31,2023,,
8176 智捷,8176,8176,2023-03-31,27,網路設備,M23E,TEJT15  電子- 網通,11.95,1.0,-0.33,-4.24,-2.85,40.0,772.17,772.17,48.51,22.31,22.19,22.19,8.05,-2.02,-16.09,-9.11,0.96,2023-03-31,2023,,
8222 寶一,8222,8222,2023-03-31,5,機車船製造,M22B,,38.65,1.0,0.08,0.7,0.39,65.9,1241.7,1241.7,152.11,211.63,175.35,175.35,175.35,8.93,4.25,,0.93,2023-03-31,2023,,
8227 巨有科技,8227,8227,2023-03-31,24,半導體,M23G,TEJT17  電子- IC設計,213.21,1.0,0.96,5.04,3.53,32.26,40.43,40.43,81.26,55.63,56.12,56.12,78.25,53.64,110.76,6.36,1.34,2023-03-31,2023,,
8249 菱光,8249,8249,2023-03-31,28,光電/ IO,M23C,TEJT05  電子- PC週邊,28.18,1.0,0.42,25.45,15.92,1.49,58.89,58.89,133.98,115.91,93.39,93.39,115.63,6.4,15.88,-22.45,0.31,2023-03-31,2023,,
8255 朋程,8255,8255,2023-03-31,5,電子零組件,M23D,TEJT14  電子- 電子零組件其他,188.53,1.0,1.25,5.19,2.79,13.68,23.53,23.53,64.75,-22.49,-21.94,-21.94,-22.51,27.29,-0.54,8.7,-0.08,2023-03-31,2023,,
8279 生展,8279,8279,2023-03-31,22,藥,M17C,TEJN09  傳產- 西藥,159.29,1.0,2.69,3.72,2.38,17.28,23.8,23.8,20.42,11.74,11.62,11.62,11.33,23.41,11.26,30.36,0.33,2023-03-31,2023,,
8420 明揚,8420,8420,2023-03-31,37,其他,M99Z,TEJN23  傳產- 運動休閒,88.6,1.0,3.1,10.0,4.76,37.67,90.82,90.82,120.37,78.56,77.98,77.98,76.53,57.45,28.18,4.02,2.31,2023-03-31,2023,,
8422 可寧衛,8422,8422,2023-03-31,35,資源回收,M99L,TEJO99  其它業別,178.99,1.0,2.88,4.91,2.38,14.72,19.68,19.68,20.57,20.09,20.06,20.06,19.68,42.23,-4.19,16.21,0.49,2023-03-31,2023,,
8426 紅木-KY,8426,8426,2023-03-31,20,五金及家具,M99B,TEJO99  其它業別,39.0,1.0,1.12,5.55,2.04,66.6,204.36,204.36,296.59,320.8,304.73,304.73,253.76,20.12,17.35,-0.84,3.85,2023-03-31,2023,,
8436 大江,8436,8436,2023-03-31,22,藥,M17C,TEJN09  傳產- 西藥,196.17,1.0,1.39,1.65,1.12,12.96,5.91,5.91,11.6,-6.46,-1.86,-1.86,-0.95,-1.85,14.69,-2.19,0.12,2023-03-31,2023,,
8440 綠電,8440,8440,2023-03-31,35,資源回收,M99L,TEJO99  其它業別,46.27,1.0,0.6,3.81,3.27,2.04,6.42,6.42,-18.41,65.84,91.86,91.86,-15.55,2.11,3.96,-10.34,1.73,2023-03-31,2023,,
8442 威宏-KY,8442,8442,2023-03-31,20,鞋及旅行箱,M99K,TEJN23  傳產- 運動休閒,79.64,1.0,1.4,4.13,1.54,0.1,8.2,8.2,65.69,28.74,30.25,30.25,31.09,15.99,38.92,,0.45,2023-03-31,2023,,
8446 華研,8446,8446,2023-03-31,32,其他,M99Z,TEJO99  其它業別,84.16,1.0,1.48,5.02,2.47,10.88,5.36,5.36,4.18,81.33,80.61,80.61,-28.65,0.76,6.24,50.64,1.13,2023-03-31,2023,,
8454 富邦媒,8454,8454,2023-03-31,36,通訊設備,M23K,TEJT15  電子- 網通,803.55,1.0,4.07,8.8,3.55,9.52,7.59,7.59,5.12,7.91,7.79,7.79,7.43,8.84,10.84,26.47,0.31,2023-03-31,2023,,
8463 潤泰材,8463,8463,2023-03-31,20,水泥製造,M11A,TEJN01  傳產- 水泥,23.14,1.0,0.03,-2.55,-0.87,61.06,1726.16,1726.16,157.83,131.69,125.27,125.27,125.27,12.41,-2.94,6.59,1.21,2023-03-31,2023,,
8467 波力-KY,8467,8467,2023-03-31,37,其他,M99Z,TEJO99  其它業別,59.6,1.0,0.64,2.01,1.02,14.76,2.79,2.79,-16.22,-34.77,-21.02,-21.02,-17.37,5.3,6.11,-1.13,-0.06,2023-03-31,2023,,
8478 東哥遊艇,8478,8478,2023-03-31,37,機車船製造,M22B,TEJN16  傳產- 汽車,506.26,1.0,7.0,11.64,6.08,21.49,51.88,51.88,68.51,57.12,58.97,58.97,58.97,32.64,49.79,-10.09,2.58,2023-03-31,2023,,
8905 裕國,8905,8905,2023-03-31,20,罐頭加工,M12A,TEJN02  傳產- 食品,24.4,1.0,0.95,4.25,3.16,111.99,143.11,143.11,151.46,140.98,137.64,137.64,137.82,-3.71,-0.65,-2.48,1.78,2023-03-31,2023,,
8908 欣雄,8908,8908,2023-03-31,23,公用事業,M99D,TEJN22  傳產- 油電燃氣,72.0,1.0,0.37,2.74,1.18,0.18,6.95,6.95,-6.6,-7.0,-7.27,-7.27,-6.87,14.81,9.7,13.0,0.04,2023-03-31,2023,,
8917 欣泰,8917,8917,2023-03-31,23,公用事業,M99D,TEJN22  傳產- 油電燃氣,72.01,1.0,0.68,4.36,2.13,5.64,1.87,1.87,2.26,3.55,3.54,3.54,3.34,5.35,8.57,2.24,0.12,2023-03-31,2023,,
8921 沈氏,8921,8921,2023-03-31,20,印刷,M99C,TEJO99  其它業別,14.6,1.0,-0.17,-0.34,-0.26,25.54,0.68,0.68,-7.73,-161.1,-163.67,-163.67,-39.52,-10.57,-4.96,-9.0,-1.81,2023-03-31,2023,,
8926 台汽電,8926,8926,2023-03-31,23,公用事業,M99D,TEJN22  傳產- 油電燃氣,37.19,1.0,1.15,5.55,2.7,21.79,92.21,92.35,15637.02,129.29,136.81,136.81,149.94,5.04,2.15,11.42,1.67,2023-03-31,2023,,
8927 北基,8927,8927,2023-03-31,23,公用事業,M99D,TEJN22  傳產- 油電燃氣,41.0,1.0,0.07,0.33,0.11,8.54,12.87,12.87,-49.32,46.72,129.84,129.84,142.15,65.02,78.73,666.8,0.27,2023-03-31,2023,,
8930 青鋼,8930,8930,2023-03-31,10,金屬製品,M20B,TEJN14  傳產- 鋼鐵,17.15,1.0,0.64,4.01,2.28,5.59,43.0,43.0,100.46,37.05,37.38,37.38,37.87,-0.36,8.85,2.1,0.62,2023-03-31,2023,,
8931 大汽電,8931,8931,2023-03-31,23,公用事業,M99D,TEJN22  傳產- 油電燃氣,74.89,1.0,0.78,4.63,2.35,73.2,291.34,291.34,807.62,832.69,817.59,817.59,817.59,-2.18,11.05,9.74,2.02,2023-03-31,2023,,
8940 新天地,8940,8940,2023-03-31,16,餐飲飯店,M27A,TEJN20  傳產- 觀光餐飲,24.05,1.0,0.74,7.3,2.48,35.05,33.9,33.9,8.21,4.1,-1.73,-1.73,-3.83,20.79,4.67,24.55,0.13,2023-03-31,2023,,
8942 森鉅,8942,8942,2023-03-31,20,石化,M13A,TEJN04  傳產- 塑膠製品,59.23,1.0,2.16,4.7,2.56,1.53,2.91,2.91,46.74,-15.24,-15.42,-15.42,-24.33,1.74,13.52,-3.39,-0.34,2023-03-31,2023,,
8996 高力,8996,8996,2023-03-31,5,其他電製品,M15Z,TEJN07  傳產- 電機及家電,232.56,1.0,1.42,6.32,3.03,81.5,85.56,85.56,223.34,150.9,171.98,171.98,155.96,27.46,13.23,7.37,2.06,2023-03-31,2023,,
9110 越南控-DR,9110,9110,2023-03-31,91,機車船製造,M22B,TEJN16  傳產- 汽車,3.42,1.0,0.05,2.74,1.12,7.04,47.14,47.14,165.59,222.44,222.44,222.44,222.44,14.27,4.44,,1.12,2023-03-31,2023,,
9802 鈺齊-KY,9802,9802,2023-03-31,37,鞋及旅行箱,M99K,TEJN23  傳產- 運動休閒,133.5,1.0,2.5,3.48,1.92,11.63,8.96,8.96,6.15,-10.19,-11.52,-11.52,-11.27,7.31,27.42,9.78,-0.02,2023-03-31,2023,,
9902 台火,9902,9902,2023-03-31,20,其他,M99Z,TEJO99  其它業別,12.5,1.0,0.12,0.96,0.9,162.45,44.37,44.37,25.07,489.41,695.09,695.09,211.79,-6.3,-6.64,-6.29,0.79,2023-03-31,2023,,
9908 大台北,9908,9908,2023-03-31,23,公用事業,M99D,TEJN22  傳產- 油電燃氣,30.56,1.0,0.51,2.94,2.12,3.8,6.73,6.73,11.2,51.63,60.58,60.58,14.47,1.77,1.16,6.12,0.54,2023-03-31,2023,,
9914 美利達,9914,9914,2023-03-31,37,其他,M99Z,TEJN23  傳產- 運動休閒,162.98,1.0,1.89,2.43,1.24,2.83,18.82,36.84,72.04,-46.25,-48.9,-48.9,-49.15,6.94,7.11,-6.75,-1.34,2023-03-31,2023,,
9917 中保科,9917,9917,2023-03-31,20,保全業,M99I,TEJO99  其它業別,101.05,1.0,1.37,5.36,2.61,8.76,10.93,10.93,16.85,-9.54,-13.37,-13.37,-15.64,8.84,2.95,29.38,-0.28,2023-03-31,2023,,
9925 新保,9925,9925,2023-03-31,20,保全業,M99I,TEJO99  其它業別,38.8,1.0,0.5,2.38,1.57,0.29,2.3,2.3,-4.91,-3.01,-1.69,-1.69,-2.4,-3.47,-3.14,,0.04,2023-03-31,2023,,
9926 新海,9926,9926,2023-03-31,23,公用事業,M99D,TEJN22  傳產- 油電燃氣,49.93,1.0,0.72,5.08,2.37,1.85,2.49,2.49,0.06,3.66,4.13,4.13,2.76,4.24,-0.21,0.82,0.1,2023-03-31,2023,,
9930 中聯資源,9930,9930,2023-03-31,35,其他水泥,M11C,TEJN01  傳產- 水泥,46.21,1.0,0.74,3.18,1.59,10.07,1.53,1.53,0.44,-0.78,-0.98,-0.98,-1.07,-4.66,1.16,-7.25,0.1,2023-03-31,2023,,
9940 信義,9940,9940,2023-03-31,20,仲介建經,M25D,TEJN17  傳產- 營建,27.65,1.0,0.68,4.16,1.57,14.45,4.59,4.59,7.3,13.59,3.95,3.95,5.17,-6.81,-8.02,7.11,0.08,2023-03-31,2023,,
9941 裕融,9941,9941,2023-03-31,20,租賃業,M28K,TEJF01  金融- 金融中介,158.88,1.0,3.5,5.17,0.69,16.33,9.71,9.71,6.2,7.81,8.25,8.25,8.23,15.22,35.91,,0.11,2023-03-31,2023,,
9942 茂順,9942,9942,2023-03-31,20,汽車組件,M15D,TEJN16  傳產- 汽車,116.44,1.0,2.54,6.03,4.16,19.69,44.07,43.07,84.41,57.3,51.26,51.26,48.59,7.83,8.26,0.71,1.43,2023-03-31,2023,,
9943 好樂迪,9943,9943,2023-03-31,16,觀光遊樂區,M27B,TEJN20  傳產- 觀光餐飲,65.9,1.0,2.87,6.71,4.28,13.72,24.63,24.63,79.3,54.95,54.12,54.12,69.65,5.54,-4.05,-12.93,1.39,2023-03-31,2023,,
9950 萬國通,9950,9950,2023-03-31,3,鞋及旅行箱,M99K,TEJN23  傳產- 運動休閒,12.4,1.0,0.15,7.24,0.56,17.24,421.14,421.14,168.55,133.29,132.47,132.47,139.76,4.04,50.22,-4.82,2.59,2023-03-31,2023,,
9951 皇田,9951,9951,2023-03-31,5,汽車組件,M15D,TEJN16  傳產- 汽車,67.62,1.0,1.35,4.17,2.49,7.32,14.64,14.64,56.07,23.41,16.49,16.49,17.48,7.59,7.98,-8.41,0.24,2023-03-31,2023,,
9960 邁達康,9960,9960,2023-03-31,37,百貨批發,M29A,,28.71,1.0,0.59,3.76,1.76,6.32,12.96,12.96,14.35,8.69,3.33,3.33,-20.04,12.1,12.83,84.37,0.13,2023-03-31,2023,,
9962 有益,9962,9962,2023-03-31,10,金屬基本,M20A,TEJN14  傳產- 鋼鐵,19.77,1.0,0.48,3.89,3.05,9.4,14.1,14.1,20.88,16.26,16.33,16.33,16.03,-4.2,-3.64,31.29,0.34,2023-03-31,2023,,
