公司,年月,上市別,證期會代碼,TSE 產業別,TEJ產業_名稱,ROA－綜合損益,季別,實收資本額(元),ROE(A)－稅後,當季季底P/E,當季季底P/B,營收成長率,營業毛利成長率,已實現銷貨毛利成長率,營業利益成長率,稅前淨利成長率,稅後淨利成長率,經常淨利成長率,常續淨利成長率,總資產成長率,淨值成長率,折舊性FA成長率,總資產報酬成長率,季底每股稅後淨利,收盤價(元),市值(百萬元),公司規模,股價變化,股價變化率
1102 亞泥,2023/6/30,TSE,1102,1,水泥製造,2.37,2.0,35465628810,3.89,13.5,0.98,-7.92,-25.19,-25.19,-24.88,-3.8,-3.77,-3.77,-26.07,2.67,3.4,,-0.01,1.93,42.12,157467.0,大,1.04,0.03
1103 嘉泥,2023/6/30,TSE,1103,1,水泥製造,4.46,2.0,7902474590,0.11,47.27,0.74,34.0,1166.07,1166.07,53.6,103.76,105.23,105.23,70.59,2.69,5.11,-9.15,1.44,0.03,20.77,16658.0,中,2.46,0.13
1104 環泥,2023/6/30,TSE,1104,1,水泥製造,6.32,2.0,6732174670,3.2,10.4,0.92,14.44,20.4,20.4,22.96,-25.57,-32.14,-32.14,-1.1,8.2,10.07,-12.64,-1.15,1.03,28.37,20066.0,中,3.88,0.16
1109 信大,2023/6/30,TSE,1109,1,水泥製造,2.48,2.0,3411588680,4.34,5.88,0.81,0.86,11.18,11.18,18.13,33.78,264.95,264.95,189.5,-1.17,2.7,-3.19,2.61,1.02,17.68,6311.0,中,1.39,0.09
1217 愛之味,2023/6/30,TSE,1217,2,罐頭加工,2.27,2.0,4945133360,1.27,31.32,0.92,4.46,-3.85,-3.85,-24.09,100.84,157.54,157.54,128.16,2.18,6.11,-6.89,0.5,0.17,12.8,6330.0,中,1.59,0.14
1234 黑松,2023/6/30,TSE,1234,2,飲料乳品,1.69,2.0,4018710940,2.17,13.51,0.92,19.64,23.6,23.6,112.12,37.02,30.45,30.45,30.42,-0.44,1.37,-2.98,0.41,0.98,39.43,16577.0,中,5.11,0.15
1312 國喬,2023/6/30,TSE,1312,3,石化,-2.18,2.0,9266203280,-2.33,,0.57,-19.25,-85.54,-85.54,-549.2,-201.05,-293.82,-293.82,-294.14,3.71,-8.57,63.48,-2.07,-0.9,18.92,17634.0,中,-0.54,-0.03
1313 聯成,2023/6/30,TSE,1313,3,石化,4.05,2.0,13570821070,-2.26,,0.72,-15.95,7.62,7.62,33.85,-231.88,-2265.57,-2265.57,-1970.5,-1.07,1.32,,-1.11,-0.46,14.85,20150.0,中,0.45,0.03
1314 中石化,2023/6/30,TSE,1314,3,石化,-1.04,2.0,37848501300,-2.33,,0.48,-21.99,-391.6,-391.6,-82.77,-131.28,-130.51,-130.51,-134.32,4.49,-0.63,4.69,-0.61,-0.48,9.8,37092.0,中,-0.05,-0.01
1315 達新,2023/6/30,TSE,1315,3,石化,5.66,2.0,990990000,2.48,8.26,0.64,-10.46,-6.49,-6.49,-27.09,29.09,39.17,39.17,36.29,-0.57,0.25,28.33,0.7,2.79,68.37,7016.0,中,2.87,0.04
1324 地球,2023/6/30,TSE,1324,3,石化,0.8,2.0,751218820,1.64,28.27,0.94,-10.74,27.22,27.22,499.74,4108.02,527.54,527.54,481.66,-1.67,1.34,-7.24,1.53,0.21,11.6,886.0,小,0.44,0.04
1325 恒大,2023/6/30,TSE,1325,3,不織布,0.25,2.0,852811980,0.55,65.62,0.75,-29.17,-79.14,-79.14,-215.47,119.37,204.95,204.95,819.78,-6.09,-1.05,-5.74,0.34,0.21,23.72,2068.0,中,0.59,0.03
1337 再生-KY,2023/6/30,TSE,1337,3,塑膠製品,-6.48,2.0,2689547290,-3.86,,0.54,15.28,19.41,19.41,15.25,15.73,15.73,15.73,15.73,-11.34,-11.79,-30.07,0.56,-0.68,9.19,2472.0,中,2.21,0.32
1338 廣華-KY,2023/6/30,TSE,1338,12,汽車組件,-1.52,2.0,838400000,-2.28,,0.61,-26.06,-24.52,-24.52,-109.74,-192.48,-235.31,-235.31,-226.57,-6.3,-4.28,0.25,-2.04,-1.7,42.33,3722.0,中,-1.01,-0.02
1339 昭輝,2023/6/30,TSE,1339,12,汽車組件,3.0,2.0,741238750,4.87,8.02,0.93,-4.67,12.06,12.06,137.66,-28.53,-25.87,-25.87,-13.88,3.55,2.23,3.83,-1.17,2.51,46.15,3421.0,中,0.25,0.01
1340 勝悅-KY,2023/6/30,TSE,1340,3,塑膠製品,-7.24,2.0,1529228550,-4.08,,0.5,15.99,30.9,30.9,7.41,8.21,9.04,9.04,4.55,-11.24,-11.52,73.02,0.73,-1.19,14.0,2141.0,中,3.4,0.32
1402 遠東新,2023/6/30,TSE,1402,4,人纖,1.69,2.0,53528752270,2.66,11.83,0.84,-5.9,-18.71,-18.71,-29.54,-13.71,-15.98,-15.98,-30.51,-5.33,2.6,1.64,-0.07,0.7,32.05,179054.0,大,2.06,0.07
1409 新纖,2023/6/30,TSE,1409,4,人纖,0.93,2.0,16184092860,1.06,10.99,0.79,-23.13,-43.08,-43.06,-64.35,-72.23,-77.72,-77.72,-78.17,1.15,2.26,2.16,-0.85,0.15,16.16,27837.0,中,-0.75,-0.04
1416 廣豐,2023/6/30,TSE,1416,20,軟體服務,3.12,2.0,1853421680,0.12,22.61,0.58,7.61,76.19,76.19,67.37,-9.75,-84.28,-84.28,-98.52,0.34,1.18,-30.43,-0.54,0.0,11.5,2131.0,中,1.05,0.1
1434 福懋,2023/6/30,TSE,1434,4,成衣,2.93,2.0,16846646370,0.99,30.14,0.85,-18.21,-32.22,-32.22,-69.36,-77.15,-78.87,-78.87,-79.29,-9.76,-9.98,-1.57,-2.59,0.33,26.48,47171.0,中,-0.1,-0.0
1437 勤益控,2023/6/30,TSE,1437,20,物業管理,2.43,2.0,2033712840,3.52,11.41,0.79,-3.17,-3.54,-3.54,-10.36,37.48,44.02,44.02,-1.41,1.6,6.03,105.14,0.73,1.25,28.4,5776.0,中,0.74,0.03
1439 雋揚,2023/6/30,TSE,1439,14,建設,3.47,2.0,920000000,3.89,8.64,0.86,-63.06,-36.11,-36.11,-81.37,37.85,42.61,42.61,40.94,15.58,-1.63,-21.19,0.72,1.1,22.15,2065.0,中,-0.15,-0.01
1447 力鵬,2023/6/30,TSE,1447,4,人纖,0.46,2.0,9144872420,-1.93,,0.78,13.78,-98.58,-98.64,-308.82,-164.25,-165.21,-165.21,-183.57,-1.54,-2.83,-12.82,-2.41,-0.25,8.03,7343.0,中,0.06,0.01
1451 年興,2023/6/30,TSE,1451,4,成衣,-0.32,2.0,2064500000,-3.23,,0.63,-26.74,-117.26,-117.26,-233.73,-167.47,-167.23,-167.23,-165.0,-14.1,-4.38,-9.57,-6.57,-1.16,19.95,4532.0,中,-1.0,-0.05
1452 宏益,2023/6/30,TSE,1452,4,人纖,1.28,2.0,1326414000,-0.26,131.73,0.89,-47.43,-90.44,-90.44,-123.93,-105.77,-107.31,-107.31,-109.33,-8.72,-0.97,-16.25,-3.52,-0.05,16.9,2348.0,中,-0.19,-0.01
1455 集盛,2023/6/30,TSE,1455,4,人纖,-1.85,2.0,5316883800,-2.92,,0.89,-34.18,-123.98,-123.98,-249.53,-279.02,-505.55,-505.55,-136.47,-6.23,-8.0,2.53,-2.67,-0.36,10.5,5636.0,中,-0.15,-0.01
1456 怡華,2023/6/30,TSE,1456,14,建設,0.55,2.0,937200000,4.1,31.52,0.98,201.49,280.32,280.32,583.19,198.37,186.62,186.62,188.03,54.27,4.12,-18.87,1.85,0.68,16.6,1556.0,中,1.5,0.1
1460 宏遠,2023/6/30,TSE,1460,4,成衣,-1.19,2.0,6946434840,-1.69,19.99,0.93,-28.5,-33.23,-33.23,-137.68,65.71,64.53,64.53,68.57,-4.48,4.49,0.25,1.86,-0.17,9.2,6391.0,中,1.56,0.2
1465 偉全,2023/6/30,TSE,1465,4,成衣,1.94,2.0,1036072670,2.34,15.33,0.91,20.48,27.32,27.32,81.37,-10.56,-20.34,-20.34,-42.76,7.36,-0.04,6.61,-0.38,0.37,13.51,1487.0,中,0.0,0.0
1466 聚隆,2023/6/30,TSE,1466,4,人纖,-3.43,2.0,1111573200,-7.93,,0.9,-27.54,-105.2,-105.2,-668.59,-320.69,-360.81,-360.81,-381.91,-5.76,-12.96,0.31,-4.65,-1.1,11.9,1323.0,中,0.25,0.02
1474 弘裕,2023/6/30,TSE,1474,4,成衣,-1.82,2.0,1298969690,-2.1,,0.83,-29.96,-59.66,-59.66,-189.03,-156.7,-173.36,-173.36,-149.79,-6.47,-6.14,-0.55,-2.66,-0.33,12.8,1663.0,中,0.45,0.04
1531 高林股,2023/6/30,TSE,1531,5,機械業,-1.62,2.0,1836080800,-0.98,148.88,0.76,-49.15,-56.58,-56.58,-177.24,-117.89,-130.25,-125.25,-126.61,-17.25,-4.75,-12.93,-3.82,-0.23,13.82,2690.0,中,0.09,0.01
1569 濱川,2023/6/30,OTC,1569,25,電子零組件,-2.32,2.0,1214474410,-2.86,27.64,0.93,-36.62,-76.72,-76.72,-158.4,-132.66,-134.25,-134.25,-128.05,-11.48,-8.11,-11.64,-5.46,-0.9,22.03,2915.0,中,-1.29,-0.06
1589 永冠-KY,2023/6/30,TSE,1589,5,機械業,-0.11,2.0,1181359410,1.7,26.46,0.95,10.05,74.65,74.65,252.88,166.14,151.79,151.79,142.81,13.6,4.52,22.98,2.14,1.28,71.8,8458.0,中,-6.5,-0.08
1595 川寶,2023/6/30,OTC,1595,28,電子設備,1.09,2.0,474476340,1.68,9.03,0.73,-20.94,-14.41,-14.41,-23.39,-56.23,-67.95,-67.95,-68.04,-10.01,2.47,53.54,-1.87,0.97,38.37,1916.0,中,1.04,0.03
1618 合機,2023/6/30,TSE,1618,6,電線,6.54,2.0,1926917470,2.93,11.16,0.85,43.92,57.51,57.51,86.7,12.07,9.51,9.51,54.3,14.28,6.87,-8.19,0.24,0.67,19.54,3863.0,中,3.02,0.18
1626 艾美特-KY,2023/6/30,TSE,1626,6,家電製品,0.28,2.0,1455444960,4.32,,0.84,-6.65,23.54,23.6,1181.48,-75.99,-78.65,-78.65,348.54,-6.18,-7.78,-10.79,-5.95,0.9,18.35,2671.0,中,-0.4,-0.02
1714 和桐,2023/6/30,TSE,1714,21,清潔劑,0.7,2.0,10168248080,2.59,10.18,0.74,-7.55,-15.82,-15.84,-32.29,-4.66,12.48,12.48,13.76,-8.74,-5.4,-3.77,0.33,0.31,8.76,9009.0,中,-0.11,-0.01
1718 中纖,2023/6/30,TSE,1718,21,石化,0.32,2.0,16859057450,2.21,3.43,0.64,16.12,3.56,3.56,-3.17,-3.98,-0.2,-0.2,4.53,4.8,7.06,13.92,0.01,-0.51,8.22,13861.0,中,-0.1,-0.01
1725 元禎,2023/6/30,TSE,1725,21,其他化學,4.21,2.0,1818299780,1.4,14.13,0.95,-29.4,-18.56,-18.56,-31.88,-8.52,-3.51,-3.51,-19.17,-2.07,6.48,-2.79,0.08,0.33,21.35,4064.0,中,1.2,0.06
1806 冠軍,2023/6/30,TSE,1806,8,玻璃陶瓷,-0.89,2.0,3904038700,-1.05,,0.76,-8.03,-19.65,-19.65,-55.53,-186.84,28.67,28.67,10.0,-13.61,-10.83,-14.48,0.33,-0.15,10.5,4099.0,中,1.33,0.15
1809 中釉,2023/6/30,TSE,1809,8,玻璃陶瓷,-1.14,2.0,1670419370,-0.82,,0.84,-12.04,-33.14,-33.14,-1205.44,-166.27,-160.79,-160.79,-239.99,1.52,-2.73,19.19,-1.42,-0.06,14.32,2430.0,中,0.74,0.05
1815 富喬,2023/6/30,OTC,1815,28,主機板,-2.72,2.0,4501947870,-2.56,,0.86,-28.81,-86.96,-86.96,-204.93,-369.07,-415.87,-415.87,-233.29,-6.87,-3.75,,-1.69,-0.41,13.19,5981.0,中,1.37,0.12
1906 寶隆,2023/6/30,TSE,1906,9,造紙,3.81,2.0,1510000000,0.7,45.45,0.49,-34.44,-48.82,-48.82,-1253.8,-87.83,-91.33,-91.33,-90.54,2.48,2.36,,-4.91,0.23,15.96,2484.0,中,-0.29,-0.02
2007 燁興,2023/6/30,TSE,2007,10,金屬基本,-3.78,2.0,5306516130,-6.84,,0.86,-33.89,-200.32,-200.32,-466.27,-161.79,-159.74,-159.74,-162.95,-6.8,-13.08,3.28,-2.29,-0.85,10.3,5466.0,中,-1.0,-0.09
2025 千興,2023/6/30,TSE,2025,10,金屬基本,21.19,2.0,2811672620,21.4,5.97,0.88,-82.59,-247.75,-247.75,-789.27,23.14,17.95,17.95,-120.06,-4.62,83.95,-21.6,1.01,1.25,5.7,1603.0,中,0.08,0.01
2029 盛餘,2023/6/30,TSE,2029,10,金屬基本,2.05,2.0,3211800000,2.33,45.34,0.85,-26.64,-48.68,-48.68,-61.16,-60.56,-60.95,-60.95,-60.63,-9.15,-0.74,-4.18,-3.49,0.71,24.41,8174.0,中,-0.58,-0.02
2038 海光,2023/6/30,TSE,2038,10,金屬基本,0.56,2.0,1903277480,1.68,338.95,0.99,-14.94,-24.22,-24.22,-60.67,-46.49,-45.69,-45.69,280.56,3.07,5.01,17.49,-0.21,0.42,19.33,3680.0,中,-1.33,-0.06
2062 橋椿,2023/6/30,TSE,2062,38,五金及家具,-0.13,2.0,1999941520,0.83,8.72,0.65,-27.89,-56.44,-56.44,-82.53,-76.48,-87.47,-87.47,-83.01,-14.05,0.58,-7.57,-3.46,0.3,22.15,4630.0,中,0.0,0.0
2069 運錩,2023/6/30,TSE,2069,10,金屬基本,-2.3,2.0,1663868360,-3.33,,0.88,-22.69,-82.71,-82.71,-108.75,-130.1,-142.82,-142.82,-141.8,-10.63,-11.74,-5.38,-4.73,-0.8,18.89,3311.0,中,-0.24,-0.01
2104 國際中橡,2023/6/30,TSE,2104,11,橡膠原料,1.57,2.0,9847336250,-1.04,23.78,0.61,-21.19,-51.22,-51.22,-109.52,-117.08,-229.01,-229.01,-226.91,-4.18,2.84,2.57,-0.87,-0.35,21.5,21172.0,中,1.84,0.09
2107 厚生,2023/6/30,TSE,2107,11,橡膠,4.46,2.0,3373260000,2.55,9.94,0.62,-31.68,-37.98,-37.98,-48.79,-22.01,-19.8,-19.8,-20.32,8.13,2.08,-3.45,-0.49,0.9,20.91,7455.0,中,-0.05,-0.0
2239 英利-KY,2023/6/30,TSE,2239,12,汽車組件,-1.65,2.0,1203182930,-0.43,51.18,0.92,30.45,78.76,78.76,166.89,113.68,71.66,71.66,64.76,11.58,-1.71,11.43,0.77,-0.59,80.14,9694.0,中,7.75,0.11
2316 楠梓電,2023/6/30,TSE,2316,28,主機板,-1.0,2.0,1827405360,-0.41,16.74,0.65,-38.69,-176.2,-176.2,-540.33,-104.01,-111.27,-111.27,-113.74,-1.78,0.41,5.79,-2.45,-0.18,27.69,5153.0,中,-0.49,-0.02
2323 中環,2023/6/30,TSE,2323,26,光電/ IO,8.89,2.0,10893483280,11.61,43.42,0.82,-10.57,4.49,4.49,-5.67,405.75,398.52,398.52,606.33,5.47,6.86,-22.62,11.75,1.9,14.1,15360.0,中,6.19,0.78
2354 鴻準,2023/6/30,TSE,2354,31,電子零組件,-0.61,2.0,14144851920,2.23,13.4,0.79,-6.01,-15.85,-15.85,-46.98,-14.49,20.91,20.91,-0.4,-4.43,-0.28,-24.95,0.25,1.51,54.01,78645.0,中,-0.29,-0.01
2355 敬鵬,2023/6/30,TSE,2355,28,主機板,-0.02,2.0,3974954200,1.3,13.92,0.8,-8.26,48.99,48.99,296.47,108.14,66.99,66.99,56.69,-4.92,0.77,-14.33,0.31,0.52,30.64,12481.0,中,-1.07,-0.03
2358 廷鑫,2023/6/30,TSE,2358,20,金屬基本,-5.35,2.0,1366227720,-10.93,,0.83,-41.38,-120.19,-120.19,-350.5,-432.6,-473.24,-473.24,-472.86,-8.97,-0.55,-11.37,-6.53,-1.51,10.55,1441.0,中,-4.25,-0.29
2362 藍天,2023/6/30,TSE,2362,25,PC系統,-0.61,2.0,6322630000,1.47,20.66,0.52,1.63,-11.0,-11.0,-24.74,13.32,-3.2,-3.2,-74.78,-0.01,-3.33,54.96,0.06,1.03,33.25,21023.0,中,4.12,0.14
2363 矽統,2023/6/30,TSE,2363,24,半導體,18.62,2.0,7495893560,4.6,22.01,0.77,-31.17,-25.74,-25.74,-2.22,14.15,14.18,14.18,14.18,19.46,19.11,-1.42,0.59,1.03,17.27,13680.0,中,-0.52,-0.03
2365 昆盈,2023/6/30,TSE,2365,25,光電/ IO,1.86,2.0,2215284960,1.53,50.84,0.93,-35.91,-22.58,-22.58,-108.76,36.25,85.26,85.26,67.1,1.95,1.13,-10.97,0.67,0.21,12.19,2747.0,中,1.67,0.16
2374 佳能,2023/6/30,TSE,2374,26,消費性電子,0.0,2.0,2875463120,-0.37,36.81,0.96,-19.24,-16.68,-16.68,-190.95,-53.98,-177.64,-177.64,-155.69,-2.94,-0.38,-4.3,-0.62,-0.02,20.11,5909.0,中,0.35,0.02
2375 凱美,2023/6/30,TSE,2375,28,電子零組件,0.79,2.0,1086753340,2.18,12.82,0.83,-22.87,-34.19,-34.19,-57.65,-53.75,-55.17,-55.17,-24.8,-9.92,-0.87,-5.27,-1.12,1.77,65.79,7325.0,中,-6.44,-0.09
2390 云辰,2023/6/30,TSE,2390,31,光電/ IO,-2.37,2.0,1926194420,-2.7,,0.98,14.69,41.43,41.43,103.1,78.63,79.54,79.54,78.61,-26.78,-23.72,-7.14,8.29,-0.37,13.15,2533.0,中,0.7,0.06
2392 正崴,2023/6/30,TSE,2392,28,電子零組件,-0.81,2.0,5123269400,0.55,7.82,0.95,-9.65,-7.13,-7.13,-59.4,-60.7,-74.08,-74.08,-71.96,-5.83,-3.54,-9.69,-0.43,0.27,39.96,21569.0,中,0.71,0.02
2409 友達,2023/6/30,TSE,2409,26,光電/ IO,-4.24,2.0,76993960920,-8.79,,0.88,-20.71,-121.35,-121.35,-2482.65,-756.1,-2927.41,-2927.41,-10432.73,-2.72,-26.43,3.68,-3.88,-2.05,17.87,143209.0,大,0.19,0.01
2431 聯昌,2023/6/30,TSE,2431,28,電子零組件,-2.24,2.0,1109270140,-2.5,20.33,0.95,-43.76,-116.55,-116.55,-45.14,-753.6,-486.54,-486.54,-700.52,-14.28,-2.1,-7.56,-1.37,-0.32,11.9,1331.0,中,1.24,0.12
2474 可成,2023/6/30,TSE,2474,31,電子零組件,2.86,2.0,6803640680,3.3,6.81,0.75,-16.53,-15.27,-15.27,-20.52,8.21,-3.53,-3.53,-18.41,0.15,2.93,-18.94,-0.12,7.89,175.5,119404.0,大,-4.5,-0.02
2477 美隆電,2023/6/30,TSE,2477,31,消費性電子,0.04,2.0,1585732440,-0.91,70.45,0.84,-49.9,-71.78,-71.78,-348.97,-109.49,-50.01,-50.01,-582.55,-13.93,-6.46,-13.74,-0.03,-0.24,20.8,3298.0,中,0.44,0.02
2489 瑞軒,2023/6/30,TSE,2489,26,光電/ IO,2.26,2.0,7800000000,2.26,37.78,0.86,-19.59,-32.84,-32.84,-238.64,109.04,109.2,109.2,-85.48,-1.93,6.11,-10.74,18.6,0.39,14.7,11731.0,中,4.55,0.45
2501 國建,2023/6/30,TSE,2501,14,建設,0.69,2.0,11595610590,2.17,7.92,0.77,100.38,150.27,150.27,520.11,334.6,296.06,296.06,321.11,-6.8,0.01,-68.68,1.11,0.48,15.8,18901.0,中,-0.77,-0.05
2505 國揚,2023/6/30,TSE,2505,14,建設,2.18,2.0,3800000000,1.44,31.4,0.7,-90.77,-82.86,-82.86,-109.22,-68.43,-67.94,-67.94,-68.15,11.5,4.32,-14.4,-1.8,0.37,18.3,6954.0,中,0.0,0.0
2506 太設,2023/6/30,TSE,2506,14,建設,0.33,2.0,3870000000,-0.3,,0.49,13.17,38.63,38.63,-92.33,-97.4,-103.33,-103.33,-103.77,-0.14,-2.26,-2.3,-6.13,-0.11,9.25,3580.0,中,0.21,0.02
2509 全坤建,2023/6/30,TSE,2509,14,建設,-0.68,2.0,2245505300,-2.51,,0.88,9.46,-4.53,-4.53,-2.97,-65.97,-65.97,-65.97,-71.01,18.93,-1.35,,-0.1,-0.52,16.3,3660.0,中,1.3,0.09
2511 太子,2023/6/30,TSE,2511,14,建設,0.95,2.0,16233261470,1.14,22.4,0.77,-48.39,-54.19,-54.19,-79.72,-66.08,-65.25,-65.25,-80.36,-4.51,-0.1,-2.85,-1.14,0.18,11.5,19480.0,中,0.29,0.03
2514 龍邦,2023/6/30,TSE,2514,20,建設,0.82,2.0,3947292780,1.16,17.19,0.6,37.43,127.57,127.57,182.47,158.6,46.15,46.15,-268.25,60.08,72.14,313.49,0.38,0.72,16.6,6553.0,中,-0.7,-0.04
2515 中工,2023/6/30,TSE,2515,14,營造,0.57,2.0,15308998220,1.2,22.52,0.77,35.54,47.51,47.51,135.3,-39.67,-44.08,-44.08,-90.86,3.6,0.25,,-0.42,0.18,10.57,16993.0,中,1.75,0.2
2516 新建,2023/6/30,TSE,2516,14,營造,1.74,2.0,2262784570,7.87,,0.84,16.72,164.68,164.68,124.95,134.16,134.16,134.16,126.01,-3.32,-13.29,-0.45,7.05,0.49,5.47,1238.0,中,0.57,0.12
2520 冠德,2023/6/30,TSE,2520,14,建設,1.88,2.0,5541701000,4.88,4.94,0.92,-7.66,-17.46,-17.46,-23.5,-23.97,-32.0,-32.0,-33.61,1.53,6.66,-4.84,-0.88,1.25,28.33,16681.0,中,0.09,0.0
2524 京城,2023/6/30,TSE,2524,14,建設,0.14,2.0,3694196000,0.28,14.93,0.68,-51.77,-50.98,-50.98,-60.54,-80.19,-86.52,-86.52,-86.52,2.81,3.53,-8.72,-0.79,0.13,31.9,11773.0,中,0.15,0.0
2527 宏璟,2023/6/30,TSE,2527,14,建設,3.12,2.0,2703060000,-0.79,75.81,0.69,-69.8,-74.44,-74.44,-113.5,-121.03,-160.63,-160.63,-208.57,23.67,15.46,-3.86,-0.93,-0.27,23.54,6650.0,中,2.3,0.11
2534 宏盛,2023/6/30,TSE,2534,14,建設,1.2,2.0,4742279700,1.99,6.02,0.72,-28.12,-30.56,-30.56,-42.96,-46.56,-53.98,-53.98,-53.14,-10.98,6.34,,-1.11,0.62,20.11,10362.0,中,-1.01,-0.05
2536 宏普,2023/6/30,TSE,2536,14,建設,-0.49,2.0,3328086520,-1.63,,0.79,-76.57,-78.48,-78.48,-90.67,-205.48,-296.67,-296.67,-296.67,10.11,-4.23,-8.58,-0.58,-0.58,26.43,8969.0,中,2.41,0.1
2537 聯上發,2023/6/30,TSE,2537,14,建設,-0.35,2.0,3005577950,-1.29,,0.55,-85.55,-84.51,-84.51,-98.02,-146.01,-158.16,-158.16,-158.71,6.53,-1.58,,-0.9,-0.18,7.48,2248.0,中,0.63,0.09
2538 基泰,2023/6/30,TSE,2538,14,建設,7.93,2.0,4384487640,26.4,2.88,0.91,-30.86,-3.21,-3.21,-304.23,1157.67,1141.13,1141.13,-186.15,-0.79,25.88,-4.11,6.79,1.48,12.45,5678.0,中,0.29,0.02
2543 皇昌,2023/6/30,TSE,2543,14,營造,0.97,2.0,2374837880,4.53,11.29,0.9,20.21,97.94,97.94,-26.94,-35.0,-38.27,-38.27,-39.72,53.93,4.13,42.9,-0.36,0.46,9.99,2372.0,中,0.66,0.07
2547 日勝生,2023/6/30,TSE,2547,14,建設,-0.23,2.0,8800946490,-1.11,45.47,0.74,13.31,-3.4,-3.4,-16.15,-104.68,-309.42,-309.42,-307.4,2.59,-0.63,,-0.2,-0.18,9.07,7982.0,中,-0.04,-0.0
2601 益航,2023/6/30,TSE,2601,18,海運,-1.25,2.0,8247760670,-2.58,,0.72,-13.42,-16.5,-16.5,-55.81,-380.78,-11855.79,-11855.79,-14626.59,-10.0,-4.39,-5.04,-0.96,-0.2,8.98,7406.0,中,-0.16,-0.02
2603 長榮,2023/6/30,TSE,2603,15,海運,1.98,2.0,21164200820,2.47,1.05,0.47,-61.19,-88.07,-88.07,-90.86,-86.63,-93.96,-93.96,-94.07,1.19,-7.14,18.51,-22.14,4.79,93.5,197885.0,大,6.58,0.08
2605 新興,2023/6/30,TSE,2605,15,海運,2.55,2.0,5853532970,1.52,23.32,0.73,8.76,29.1,29.1,39.37,235.32,157.15,143.99,41.75,7.32,6.08,0.04,1.19,0.39,20.1,11766.0,中,-4.05,-0.17
2609 陽明,2023/6/30,TSE,2609,15,海運,0.87,2.0,34921042700,1.11,2.35,0.79,-66.69,-95.29,-95.29,-97.88,-93.17,-97.04,-97.04,-97.12,-6.35,-0.66,-0.99,-22.09,0.94,44.82,220003.0,大,-0.92,-0.02
2611 志信,2023/6/30,TSE,2611,15,貨運倉儲業,2.44,2.0,1890022720,2.66,8.84,0.98,-29.37,-50.32,-50.32,-266.23,122.95,123.08,123.08,107.99,4.54,4.67,,10.83,0.4,13.35,2523.0,中,-0.2,-0.01
2612 中航,2023/6/30,TSE,2612,15,海運,1.79,2.0,1974845930,1.89,13.74,0.7,-13.76,-42.35,-42.35,-63.65,-32.23,-39.64,-39.64,-80.03,19.46,5.8,27.51,-0.07,1.13,38.86,8107.0,中,1.51,0.04
2615 萬海,2023/6/30,TSE,2615,15,海運,-0.58,2.0,28061462930,-2.04,5.29,0.79,-67.85,-102.55,-102.55,-105.57,-100.51,-106.29,-106.29,-107.82,-4.91,5.12,44.22,-20.52,-1.59,54.0,165563.0,大,-8.69,-0.14
2616 山隆,2023/6/30,TSE,2616,23,公用事業,4.25,2.0,1372818270,1.24,24.07,0.89,-16.13,-23.38,-23.38,-109.46,-70.78,-68.68,-68.68,-68.72,5.82,8.5,11.55,-1.45,0.41,31.06,4482.0,中,0.19,0.01
2617 台航,2023/6/30,TSE,2617,15,海運,1.59,2.0,4172944870,2.0,12.48,0.84,7.99,10.86,10.86,10.61,-66.6,-76.28,-76.28,-75.87,-0.24,-0.92,6.19,-3.36,0.74,28.3,12727.0,中,-0.51,-0.02
2637 慧洋-KY,2023/6/30,TSE,2637,15,海運,3.12,2.0,7464091990,3.03,8.31,0.81,-37.67,-77.04,-77.04,-77.9,-79.69,-79.84,-79.84,-89.64,-1.4,4.94,-1.34,-5.27,1.87,48.8,36425.0,中,-8.48,-0.15
2641 正德,2023/6/30,OTC,2641,15,海運,2.42,2.0,2700305110,2.06,8.33,0.82,-23.32,-37.1,-37.1,-40.68,-57.63,-76.75,-76.75,-67.73,21.54,50.73,14.58,-4.67,0.45,17.5,4237.0,中,-1.83,-0.09
2701 萬企,2023/6/30,TSE,2701,16,餐飲飯店,6.99,2.0,4499678380,0.96,28.34,0.75,30.16,44.34,44.34,54.55,-19.33,-26.23,-26.23,-26.74,9.71,10.5,,-0.31,0.18,14.1,6345.0,中,1.55,0.12
2704 國賓,2023/6/30,TSE,2704,16,餐飲飯店,40.03,2.0,3669233430,3.88,32.86,0.86,-4.19,51.39,51.39,89.25,12135.94,13648.03,13648.03,-65.41,38.25,79.81,-28.79,3.52,1.9,52.3,19374.0,中,17.49,0.5
2705 六福,2023/6/30,TSE,2705,16,餐飲飯店,-0.94,2.0,1913128300,-2.95,,0.98,82.47,869.72,869.72,86.09,63.63,63.63,63.63,63.4,-0.14,-1.45,-5.61,1.64,-0.75,24.5,4687.0,中,7.4,0.43
2706 第一店,2023/6/30,TSE,2706,16,餐飲飯店,3.3,2.0,4999983460,1.11,28.59,0.91,43.12,16.48,16.48,18.2,-26.8,-32.04,-32.04,-32.07,7.41,7.34,,-0.46,0.22,17.95,8975.0,中,3.25,0.22
2809 京城銀,2023/6/30,TSE,2809,17,本國銀行,1.04,2.0,11112342650,5.37,8.41,0.87,189.95,,,,154.87,176.26,176.26,176.68,9.09,7.79,6.46,0.4,,35.55,39504.0,中,1.37,0.04
2816 旺旺保,2023/6/30,TSE,2816,17,產險業,4.4,2.0,2236080000,14.64,16.24,0.74,28.35,753.77,,194.39,195.32,193.79,193.79,193.79,3.64,5.37,,8.65,,18.75,4193.0,中,3.5,0.23
2820 華票,2023/6/30,TSE,2820,17,票券公司,0.69,2.0,13429600000,3.47,14.71,0.91,26.86,,,,28.22,28.82,28.82,28.82,1.4,3.76,,0.08,,14.9,20682.0,中,0.38,0.03
2832 台產,2023/6/30,TSE,2832,17,產險業,4.62,2.0,3622004000,5.18,8.13,0.78,11.24,18.91,,37.08,36.64,45.22,45.22,45.22,9.6,5.84,-17.81,0.81,,21.95,8312.0,中,2.1,0.11
2836 高雄銀,2023/6/30,TSE,2836,17,本國銀行,0.43,2.0,12742982240,2.82,13.23,0.86,-5.81,,,,-1.96,-17.82,-17.82,-17.82,5.97,9.0,,-0.04,,12.08,14919.0,中,0.14,0.01
2838 聯邦銀,2023/6/30,TSE,2838,17,本國銀行,0.5,2.0,39789525020,3.85,10.07,0.91,30.31,,,,81.35,117.82,117.82,117.82,7.95,8.81,,0.16,,15.56,59122.0,中,0.57,0.04
2845 遠東銀,2023/6/30,TSE,2845,17,本國銀行,0.37,2.0,40694838550,3.67,10.52,0.86,16.79,,,,21.5,23.7,23.7,23.7,4.06,16.22,4.96,0.05,,11.49,48427.0,中,0.78,0.07
2849 安泰銀,2023/6/30,TSE,2849,17,本國銀行,0.07,2.0,19576093490,0.22,,0.95,-5.3,,,,-98.59,-93.74,-93.74,-93.73,0.88,-2.65,11.78,-0.31,,15.15,30441.0,中,0.73,0.05
2851 中再保,2023/6/30,TSE,2851,17,產險業,2.07,2.0,8003887500,6.73,11.02,0.94,-5.65,1167.57,,1300.05,1300.32,750.62,750.62,750.62,1.2,31.35,69.61,2.08,,21.2,16968.0,中,3.5,0.2
2852 第一保,2023/6/30,TSE,2852,17,產險業,2.38,2.0,3011637840,3.72,7.42,0.63,6.4,-1.27,,-4.53,-4.53,-0.15,-0.15,-0.15,7.21,10.63,,0.0,,15.55,4894.0,中,0.63,0.04
2855 統一證,2023/6/30,TSE,2855,17,證券,1.4,2.0,14558313430,5.38,8.9,0.82,85.08,,,1087.01,4680.25,1103.33,1103.33,1232.41,44.35,7.33,8.83,2.21,,17.4,25331.0,中,1.65,0.1
2867 三商壽,2023/6/30,TSE,2867,17,壽險業,0.46,2.0,45995010440,-13.84,,0.66,19.06,-30.68,,-22.01,-22.89,30.92,30.92,30.92,5.04,46.27,-1.7,0.14,,5.45,25067.0,中,0.42,0.08
2882 國泰金,2023/6/30,TSE,2882,17,金融控股,1.02,2.0,162025101280,4.96,25.47,0.9,-31.7,,,,-39.36,-33.04,-33.04,-33.04,9.72,59.63,40.56,-0.13,,43.15,632976.0,大,2.2,0.05
2883 開發金,2023/6/30,TSE,2883,17,金融控股,0.97,2.0,184214310050,4.48,14.97,0.86,-61.4,,,,-43.02,-25.56,-25.56,-25.56,5.65,30.59,,-0.09,,12.4,208807.0,大,-0.15,-0.01
2888 新光金,2023/6/30,TSE,2888,17,金融控股,0.5,2.0,157846182430,-2.82,,0.58,-77.9,,,,-310.67,-317.15,-317.15,-317.15,3.85,15.59,-0.95,-0.19,,8.9,137840.0,大,0.48,0.06
2897 王道銀行,2023/6/30,TSE,2897,17,本國銀行,0.53,2.0,30330063010,3.78,3.84,0.72,16.23,,,,33.54,42.94,43.35,43.35,4.9,10.86,-6.09,0.11,,9.82,27887.0,中,0.5,0.05
2915 潤泰全,2023/6/30,TSE,2915,18,百貨批發,12.3,2.0,11043187720,5.35,16.5,0.73,-7.03,-1.34,-1.34,217.3,-56.3,-54.41,-54.41,-54.01,130.93,1255.47,-5.35,-5.52,4.36,58.25,66480.0,中,3.58,0.07
2929 淘帝-KY,2023/6/30,TSE,2929,18,百貨批發,-2.96,2.0,1094938380,-1.36,,0.47,-21.45,-0.32,-0.32,35.3,-18.15,16.23,16.23,16.22,3.07,1.37,-41.46,0.11,-0.36,11.95,1308.0,中,-1.9,-0.14
3015 全漢,2023/6/30,TSE,3015,28,電子零組件,9.45,2.0,1872619500,1.74,10.4,0.62,-3.05,7.76,7.93,4.32,-20.31,-22.24,-22.24,-23.06,9.07,16.77,-7.29,-0.35,1.2,48.0,8989.0,中,5.05,0.12
3049 和鑫,2023/6/30,TSE,3049,26,光電/ IO,-1.36,2.0,8050475290,-2.95,,0.89,-33.54,-232.92,-232.92,-507.04,-261.61,-279.59,-279.59,-286.98,-2.97,-3.34,-10.7,-2.71,-0.34,10.6,8534.0,中,0.73,0.07
3052 夆典,2023/6/30,TSE,3052,14,營造,1.17,2.0,2306723250,3.4,9.51,0.88,20.41,12.68,12.68,19.22,13.02,19.44,19.44,19.44,-20.23,3.83,9.36,0.23,0.54,11.62,2771.0,中,1.14,0.11
3060 銘異,2023/6/30,TSE,3060,25,光電/ IO,-5.79,2.0,1375631900,-6.56,,0.95,-41.25,-82.17,-82.17,-785.26,-221.91,-291.4,-291.4,-234.43,-17.27,-11.33,23.11,-6.04,-1.22,17.54,2449.0,中,0.3,0.02
3252 海灣,2023/6/30,OTC,3252,16,餐飲飯店,0.25,2.0,501957540,0.49,4612.01,0.63,-8.63,-25.37,-25.37,-10.11,-35.87,-34.88,-34.88,-82.85,-3.19,-0.11,-1.09,-0.13,0.08,24.9,1250.0,中,6.35,0.34
3266 昇陽,2023/6/30,TSE,3266,14,建設,-0.14,2.0,3523143090,0.09,157.94,0.94,-61.95,-61.14,-61.14,-94.15,-89.54,-96.36,-96.36,-103.83,3.13,-3.13,-18.72,-0.89,0.03,13.59,4968.0,中,1.2,0.1
3306 鼎天,2023/6/30,OTC,3306,27,通訊設備,32.88,2.0,506077020,2.82,40.75,0.85,-1.34,41.88,41.88,110.44,91.38,98.57,98.57,97.96,34.99,38.8,-11.15,1.36,1.02,35.92,1837.0,中,9.7,0.37
3311 閎暉,2023/6/30,TSE,3311,27,電子零組件,1.22,2.0,680000000,2.2,15.2,0.92,-4.47,-3.62,-3.62,-26.37,15.02,9.63,9.63,7.26,0.06,3.93,-19.47,0.03,0.83,34.15,2363.0,中,0.29,0.01
3373 熱映,2023/6/30,OTC,3373,31,醫療耗材,-4.75,2.0,432898010,-2.27,,0.99,-22.4,-50.51,-50.51,-342.2,-277.16,-283.14,-283.14,-283.14,-14.65,-6.46,,-2.96,-0.52,21.7,939.0,小,-1.85,-0.08
3379 彬台,2023/6/30,OTC,3379,5,儀器設備,5.66,2.0,380417480,-4.43,,0.91,-5.51,-8.15,-8.15,1.8,9.56,9.0,9.0,9.0,16.54,14.34,-6.26,0.21,-0.57,12.5,476.0,小,0.0,0.0
3481 群創,2023/6/30,TSE,3481,26,光電/ IO,-3.97,2.0,90786333380,-5.49,,0.61,-21.21,-130.83,-130.83,-299.23,-488.37,-379.73,-379.73,-514.81,-11.98,-17.33,-3.42,-3.0,-1.42,15.48,145736.0,大,0.76,0.05
3489 森寶,2023/6/30,OTC,3489,14,建設,0.34,2.0,831306700,1.07,14.89,0.74,-29.63,-18.11,-18.11,-32.44,420.09,282.16,282.16,283.13,12.5,1.64,,0.56,0.17,11.1,948.0,小,0.59,0.06
3516 亞帝歐,2023/6/30,OTC,3516,26,家電製品,-0.11,2.0,505902160,0.9,14.65,0.7,11.75,11.85,11.85,-319.46,-46.1,-44.56,-44.56,-80.69,19.69,1.17,-3.38,0.37,0.17,17.99,921.0,小,-0.1,-0.01
3531 先益,2023/6/30,OTC,3531,26,光電/ IO,0.82,2.0,611750110,2.15,9.97,0.93,-17.61,-23.94,-23.94,-67.63,-56.48,-61.34,-61.34,-61.22,-10.2,-0.86,-20.03,-2.25,0.7,25.28,1655.0,中,-1.16,-0.04
3543 州巧,2023/6/30,TSE,3543,26,電子零組件,-0.73,2.0,892631500,0.07,17.88,0.74,-2.67,94.06,94.06,152.28,201.43,102.9,102.9,135.77,-2.31,-3.38,-0.05,1.61,0.12,22.2,1982.0,中,2.44,0.12
3550 聯穎,2023/6/30,TSE,3550,28,電子零組件,-2.85,2.0,875500000,-2.9,,0.82,-15.74,-25.03,-25.03,-3845.11,-506.38,-1164.07,-1164.07,-1164.07,-2.4,-10.66,44.6,-1.23,-0.61,15.94,1440.0,中,1.31,0.09
3605 宏致,2023/6/30,TSE,3605,28,電子零組件,-2.27,2.0,1344177090,-3.82,,0.75,-25.74,-36.86,-36.86,-249.58,-157.63,-174.13,-174.13,-179.84,-8.91,-7.67,22.43,-3.55,-1.54,29.01,3979.0,中,-1.76,-0.06
3615 安可,2023/6/30,OTC,3615,26,光電/ IO,1.55,2.0,684669760,2.15,37.62,0.67,-13.55,-32.67,-32.67,-109.19,41.57,42.53,42.53,-89.51,-2.99,3.47,-10.46,0.44,0.6,22.3,1527.0,中,4.9,0.28
3622 洋華,2023/6/30,TSE,3622,26,光電/ IO,8.98,2.0,1513276000,2.73,13.0,0.91,-22.28,0.08,0.08,-9.17,9.17,5.9,5.9,7.3,9.96,10.48,-4.83,0.17,0.91,35.6,5387.0,中,5.1,0.17
3673 TPK-KY,2023/6/30,TSE,3673,26,光電/ IO,0.33,2.0,4066637590,0.38,14.48,0.49,-29.25,-34.63,-34.63,-190.03,-34.15,-59.37,-59.37,-97.34,0.16,3.18,-11.21,0.05,0.33,43.74,18015.0,中,9.92,0.29
3703 欣陸,2023/6/30,TSE,3703,14,營造,1.51,2.0,8232159800,2.09,16.51,0.93,-19.13,-37.07,-37.07,-53.58,-66.62,-71.37,-71.37,-71.38,5.15,0.56,202.47,-1.77,0.96,28.8,23709.0,中,0.5,0.02
3706 神達,2023/6/30,TSE,3706,25,PC系統,-5.54,2.0,12065567890,1.5,46.37,0.77,-15.66,-7.0,-7.0,168.65,-27.17,-18.43,-18.43,-16.83,2.06,12.52,-6.56,-0.16,0.71,34.95,42169.0,中,7.65,0.28
3714 富采,2023/6/30,TSE,3714,26,光電/ IO,-3.1,2.0,7547839600,-4.38,,0.75,-35.25,-95.06,-95.06,-394.22,-329.5,-370.51,-370.51,-352.77,-3.86,0.94,-9.26,-4.71,-2.87,52.0,39249.0,中,-1.2,-0.02
4173 久裕,2023/6/30,OTC,4173,22,藥,1.29,2.0,745743550,2.01,20.9,0.94,12.34,16.92,16.92,60.97,14.5,17.86,17.86,17.86,1.26,3.39,30.92,0.15,0.51,23.31,1786.0,中,4.43,0.23
4306 炎洲,2023/6/30,TSE,4306,3,石化,1.64,2.0,6551134120,3.15,11.86,0.93,-24.51,-31.96,-31.96,-53.98,-45.66,-35.75,-43.96,-50.5,-1.78,7.78,-3.73,-1.03,0.56,14.81,10349.0,中,-0.56,-0.04
4406 新昕纖,2023/6/30,OTC,4406,4,人纖,0.42,2.0,519120000,0.61,93.89,0.81,-29.08,-152.59,-152.59,-789.22,-79.27,-79.06,-79.06,-88.05,2.64,9.04,19.18,-1.83,0.08,10.55,548.0,小,0.05,0.0
4430 耀億,2023/6/30,OTC,4430,20,其他紡織,-1.63,2.0,562736090,-2.53,,0.67,-13.94,-29.89,-29.89,-301.3,-187.0,-181.54,-181.54,-180.66,-7.45,-6.24,-6.63,-2.46,-0.89,22.64,1303.0,中,0.15,0.01
4432 銘旺實,2023/6/30,OTC,4432,4,成衣,3.24,2.0,505890000,4.28,7.91,0.97,-25.81,-8.22,-8.22,-15.43,-37.9,-42.38,-42.38,-42.76,1.91,9.99,6.79,-2.76,1.08,24.54,1257.0,中,1.73,0.08
4526 東台,2023/6/30,TSE,4526,5,機械業,0.13,2.0,2548264610,0.33,26.49,0.98,-4.79,0.22,0.22,91.7,-74.26,-36.2,-36.2,13.39,-5.87,0.25,-10.57,0.03,-0.09,19.11,4918.0,中,2.38,0.14
4552 力達-KY,2023/6/30,TSE,4552,5,電機製品,0.13,2.0,1160000000,3.07,5.49,0.67,-6.7,-0.12,-0.12,14.07,5.07,10.57,10.57,13.22,3.62,1.9,-5.79,0.59,1.52,32.95,3822.0,中,1.85,0.06
4702 中美實,2023/6/30,OTC,4702,38,染料及顏料,0.5,2.0,723332000,0.44,12.11,0.89,-55.76,-22.51,-22.51,-152.64,-88.49,-89.0,-89.0,-89.34,20.21,7.52,-13.24,-2.79,0.07,14.3,1034.0,中,-0.45,-0.03
4707 磐亞,2023/6/30,OTC,4707,21,清潔劑,1.48,2.0,3790753710,2.66,13.25,0.8,-35.54,-77.94,-77.94,-118.6,-33.22,-26.52,-26.52,-32.64,3.26,8.39,-9.51,-0.58,0.4,12.05,4619.0,中,0.23,0.02
4711 永純,2023/6/30,OTC,4711,21,樹脂,1.4,2.0,610560000,1.7,,0.99,-43.61,23.95,23.95,227.35,178.49,197.01,197.01,230.93,-9.68,-3.06,-4.37,0.91,0.29,16.51,1038.0,中,1.89,0.13
4745 合富-KY,2023/6/30,OTC,4745,22,醫療耗材,-0.35,2.0,774495470,1.95,6.52,0.85,-9.45,-6.11,-6.11,-8.85,-12.86,-20.18,-20.18,-31.61,3.91,-3.31,-2.62,-0.26,0.49,27.78,2277.0,中,2.88,0.12
4807 日成-KY,2023/6/30,TSE,4807,18,其他,-11.05,2.0,383960320,-15.13,,0.97,-35.17,-147.34,-147.34,-364.48,-1229.36,-831.8,-831.8,-887.44,-11.06,-7.25,17.78,-8.18,-3.61,19.1,751.0,小,-0.68,-0.03
4905 台聯電,2023/6/30,OTC,4905,27,通訊設備,2.6,2.0,292600440,4.02,290.43,0.62,-3.75,8.66,8.66,-103.92,319.97,325.97,325.97,-80.49,26.6,5.08,14.1,5.89,3.73,56.54,1682.0,中,6.39,0.13
4909 新復興,2023/6/30,OTC,4909,27,主機板,0.38,2.0,933568640,0.23,,0.81,16.82,117.33,117.33,64.24,-90.93,1082.18,1082.18,328.44,-1.66,-1.57,,0.22,0.06,20.45,1909.0,中,2.85,0.16
4930 燦星網,2023/6/30,TSE,4930,6,家電製品,0.37,2.0,800000000,2.6,4.01,0.7,-27.91,-9.15,-9.15,-10.78,-33.97,-41.19,-41.19,-51.71,-9.96,1.17,-4.32,-0.98,0.8,26.25,2100.0,中,-0.6,-0.02
4933 友輝,2023/6/30,OTC,4933,26,光電/ IO,3.02,2.0,803486750,4.2,12.53,0.92,-20.74,-20.99,-20.99,-50.4,-34.5,-34.32,-34.32,-40.34,-3.52,-1.04,-20.04,-1.78,1.7,33.72,2930.0,中,1.39,0.04
4935 茂林-KY,2023/6/30,TSE,4935,26,光電/ IO,1.22,2.0,1288640910,1.68,7.86,0.95,-33.57,-46.1,-46.1,-93.23,-57.63,-55.56,-55.56,-55.52,-8.85,5.76,-8.86,-1.57,1.05,54.21,7513.0,中,-0.56,-0.01
4942 嘉彰,2023/6/30,TSE,4942,26,電子零組件,1.92,2.0,1423676130,3.9,6.12,0.72,-31.87,-19.66,-19.66,-22.88,-17.66,-16.97,-16.97,-18.02,-8.92,1.03,,-0.5,2.28,39.02,5915.0,中,3.29,0.09
4956 光鋐,2023/6/30,TSE,4956,26,光電/ IO,-1.64,2.0,1004082360,-2.62,,0.89,-5.92,-79.25,-79.25,-5660.05,-528.22,-517.34,-517.34,-517.34,-7.52,-6.82,-1.17,-1.63,-0.48,16.15,1622.0,中,-0.5,-0.03
4960 誠美材,2023/6/30,TSE,4960,26,光電/ IO,-2.84,2.0,5723727330,-3.62,,0.73,-23.35,-80.25,-80.25,-245.72,-209.73,-209.26,-209.26,-136.6,-21.09,-10.8,0.31,-4.65,-0.64,11.55,6789.0,中,-1.13,-0.09
4973 廣穎,2023/6/30,OTC,4973,24,半導體,7.44,2.0,635058330,1.73,8.1,0.99,9.48,58.67,58.67,267.06,387.7,497.52,497.52,757.6,8.5,10.72,-3.42,1.12,0.54,31.55,2004.0,中,4.49,0.17
4999 鑫禾,2023/6/30,TSE,4999,28,電子零組件,-0.05,2.0,744172000,0.62,21.25,0.82,-16.56,-36.39,-36.39,-117.41,-79.49,-84.87,-84.87,-84.87,-6.0,-2.92,-18.67,-3.09,0.29,35.54,2776.0,中,-0.57,-0.02
5014 建錩,2023/6/30,OTC,5014,10,金屬基本,-0.76,2.0,1853330540,0.25,13.98,0.97,-21.18,-61.73,-61.73,-91.81,-87.23,-97.06,-97.06,-94.8,14.08,-2.67,67.75,-2.79,0.04,14.6,2854.0,中,-1.61,-0.1
5215 科嘉-KY,2023/6/30,TSE,5215,25,電子零組件,1.0,2.0,643375000,3.17,8.75,0.93,-21.47,-19.22,-19.22,-51.33,-24.72,-24.53,-24.53,-42.64,-2.07,2.57,14.08,-0.59,1.65,44.63,3001.0,中,-1.73,-0.04
5223 安力-KY,2023/6/30,OTC,5223,25,電子零組件,-2.36,2.0,445497810,-0.15,25.92,0.94,-37.98,-57.41,-57.41,-112.59,-108.25,-102.57,-102.57,-102.48,-17.04,-5.51,40.64,-3.31,-0.06,37.81,1769.0,中,-0.86,-0.02
5281 大峽谷-KY,2023/6/30,OTC,5281,26,家電製品,-2.64,2.0,370100000,-2.63,,0.87,-12.03,-3.29,-3.29,56.4,74.53,75.25,75.25,75.32,-3.32,-11.94,-17.61,4.48,-0.65,16.6,614.0,小,-1.9,-0.1
5356 協益,2023/6/30,OTC,5356,25,塑膠製品,-0.07,2.0,1030400000,0.71,71.41,0.8,-20.04,19.8,19.8,67.09,135.79,147.99,147.99,72.31,-2.36,-3.2,10.54,1.48,0.37,30.14,3266.0,中,9.23,0.44
5392 能率,2023/6/30,OTC,5392,26,電子零組件,1.53,2.0,1689589900,0.76,93.24,0.67,-18.73,-22.18,-22.18,-645.81,-41.52,-27.04,-27.04,-302.95,-1.6,0.64,-9.86,-0.08,0.31,22.04,3768.0,中,0.74,0.03
5438 東友,2023/6/30,OTC,5438,25,光電/ IO,19.2,2.0,1125365650,-0.81,24.44,0.87,-24.53,-20.07,-20.07,-121.6,-525.7,32.82,32.82,-13.89,13.94,29.17,-0.87,0.47,-0.17,20.3,2284.0,中,2.16,0.12
5469 瀚宇博,2023/6/30,TSE,5469,28,主機板,3.65,2.0,5284413520,5.26,3.28,0.9,-11.24,16.43,16.43,33.23,4.31,-1.03,-1.03,-0.99,4.56,8.52,-8.65,0.17,2.65,45.75,25392.0,中,11.9,0.35
5481 新華,2023/6/30,OTC,5481,20,其他,-0.96,2.0,714028910,-1.24,,0.75,1.39,-3.82,-3.82,23.32,-10.57,-34.84,-34.84,-165.27,-4.97,-5.49,17.71,-0.18,-0.23,13.2,943.0,小,0.6,0.05
5512 力麒,2023/6/30,OTC,5512,14,建設,0.33,2.0,7439927120,-0.34,,0.57,17.44,-32.68,-32.68,-53.53,-84.21,-135.18,-135.18,-127.6,3.04,-0.71,37.4,-0.45,0.03,10.2,7589.0,中,0.31,0.03
5515 建國,2023/6/30,TSE,5515,14,營造,3.59,2.0,2520001050,3.69,14.81,0.76,-18.46,-33.31,-33.31,-70.8,157.29,168.04,168.04,-41.29,-5.98,4.77,,1.59,0.7,13.31,3604.0,中,1.4,0.12
5521 工信,2023/6/30,TSE,5521,14,營造,0.46,2.0,4922801550,0.15,54.78,0.73,17.41,99.25,99.25,106.27,17082.26,125.19,125.19,124.17,-0.95,1.51,-6.44,0.6,0.02,7.88,3879.0,中,0.29,0.04
5530 龍巖,2023/6/30,OTC,5530,20,靈骨塔業,2.34,2.0,4200841990,2.76,10.76,0.71,-4.27,-14.02,-14.02,-31.95,-37.85,-41.54,-41.54,-29.98,2.52,6.69,15.34,-0.63,1.39,36.7,15417.0,中,-2.55,-0.06
5533 皇鼎,2023/6/30,TSE,5533,14,建設,4.82,2.0,2852449440,6.55,5.49,0.56,-36.13,-16.22,-16.22,-12.55,-29.33,-25.52,-25.52,-0.99,-2.45,5.3,-3.48,-1.61,2.11,18.3,5220.0,中,1.51,0.09
5608 四維航,2023/6/30,TSE,5608,15,海運,-1.25,2.0,3892670900,-4.83,14.95,0.9,-49.73,-98.69,-98.69,-107.21,-124.5,-141.62,-141.62,-140.52,-5.9,15.53,-7.61,-5.75,-1.16,21.21,8456.0,中,-3.15,-0.13
5907 大洋-KY,2023/6/30,TSE,5907,18,百貨批發,-2.57,2.0,1955310000,-5.92,,0.45,-12.93,-11.79,-11.79,-49.28,-40.73,-75.51,-75.51,-48.05,-15.12,-16.14,-9.05,-1.0,-2.11,15.45,3021.0,中,0.5,0.03
6005 群益證,2023/6/30,TSE,6005,17,證券,1.49,2.0,21709080970,6.08,8.09,0.82,59.25,,,6381.58,368.91,1440.15,1440.15,1256.76,15.57,8.74,,1.45,,13.87,30935.0,中,2.19,0.19
6015 宏遠證,2023/6/30,OTC,6015,17,證券,0.92,2.0,3512515950,2.4,115.53,0.86,70.88,,,112.65,328.88,237.31,237.31,175.5,-3.8,0.21,30.4,2.02,,11.4,4004.0,中,1.5,0.15
6016 康和證,2023/6/30,OTC,6016,17,證券,2.68,2.0,5944549860,12.53,6.17,0.94,196.14,,,376.76,484.64,358.61,358.61,358.62,14.91,19.71,,4.24,,14.05,8352.0,中,2.95,0.27
6021 美好證,2023/6/30,OTC,6021,17,證券,7.13,2.0,3109659740,2.2,92.54,0.87,0.69,,,5.78,20.46,46.14,46.14,46.18,10.33,14.4,,0.38,,15.4,4789.0,中,-2.4,-0.13
6026 福邦證,2023/6/30,OTC,6026,17,證券,3.36,2.0,3961618410,5.71,18.9,0.99,903.4,,,338.71,350.91,251.43,251.43,251.43,-20.46,11.43,75.27,4.72,,13.15,5210.0,中,2.55,0.24
6108 競國,2023/6/30,TSE,6108,28,主機板,-0.33,2.0,1598993110,0.06,84.15,0.83,-18.6,4.86,4.86,18.13,411.53,-75.57,-75.57,-183.61,-4.65,-1.04,-13.81,0.18,0.01,17.7,2902.0,中,0.83,0.05
6114 久威,2023/6/30,OTC,6114,28,主機板,-0.47,2.0,439119370,-0.02,13.51,0.94,-33.46,-44.79,-44.79,-164.47,-88.74,-100.26,-100.26,-85.29,-4.8,-1.1,-21.97,-4.57,-0.01,27.02,1208.0,中,3.78,0.16
6116 彩晶,2023/6/30,TSE,6116,26,光電/ IO,-4.39,2.0,29403288510,-3.76,,0.86,-35.53,-177.43,-177.5,-571.15,-447.74,-325.06,-325.06,-320.56,-12.31,-7.12,22.81,-2.34,-0.61,13.15,38665.0,中,0.4,0.03
6136 富爾特,2023/6/30,TSE,6136,27,資訊通路,7.37,2.0,1155364120,0.03,85.53,0.78,3.69,52.71,52.71,56.62,116.56,115.47,115.47,116.35,-0.13,-0.08,-3.63,0.25,0.01,18.81,2305.0,中,0.94,0.05
6141 柏承,2023/6/30,TSE,6141,28,主機板,-3.09,2.0,1133540050,-7.65,,0.95,-33.35,-111.05,-111.05,-422.2,-890.99,-2303.09,-2303.09,-389.25,0.74,-18.4,10.7,-2.66,-1.44,17.7,2006.0,中,-1.25,-0.07
6194 育富,2023/6/30,OTC,6194,28,主機板,2.77,2.0,480000000,4.23,10.68,0.84,4.17,1477.64,1477.64,228.98,402.52,387.25,387.25,398.83,0.44,-1.53,-24.39,4.57,1.51,29.86,1447.0,中,3.17,0.12
6405 悅城,2023/6/30,TSE,6405,26,光電/ IO,-1.14,2.0,658000000,-1.14,,0.6,-49.19,-89.74,-89.74,-548.07,-141.49,-283.97,-283.97,-283.97,-12.85,-1.95,-16.65,-1.85,-0.44,22.9,1513.0,中,1.64,0.08
6456 GIS-KY,2023/6/30,TSE,6456,26,光電/ IO,-2.84,2.0,3379398000,-3.33,26.23,0.82,-38.69,-82.11,-82.11,-332.03,-200.31,-192.55,-192.55,-187.62,-23.68,-5.26,-32.8,-2.34,-3.07,72.9,24636.0,中,-5.29,-0.07
6768 志強-KY,2023/6/30,TSE,6768,37,鞋及旅行箱,2.42,2.0,1960456170,2.1,7.58,0.98,-15.23,-40.18,-40.18,-74.13,-62.09,-63.52,-63.52,-63.15,5.24,6.35,13.73,-2.53,1.51,68.1,13351.0,中,2.6,0.04
6807 峰源-KY,2023/6/30,TSE,6807,38,五金及家具,2.07,2.0,540000000,5.04,6.02,0.79,-19.15,-10.11,-10.11,531.5,118.08,86.74,86.74,90.39,-6.06,6.7,50.11,1.38,1.83,26.62,1539.0,中,0.56,0.02
8032 光菱,2023/6/30,OTC,8032,29,資訊通路,4.9,2.0,518103000,2.5,12.27,0.86,-28.28,-52.57,-52.57,-94.61,-72.21,-60.54,-60.54,-60.54,-3.67,10.11,,-1.89,0.89,28.86,1606.0,中,-1.02,-0.03
8043 蜜望實,2023/6/30,OTC,8043,28,資訊通路,-1.33,2.0,799071700,-1.44,70.9,0.89,-18.84,-83.33,-83.33,-243.8,-128.51,-137.82,-137.82,-138.51,-17.94,-3.28,-5.27,-3.03,-0.47,26.73,2225.0,中,-0.29,-0.01
8096 擎亞,2023/6/30,OTC,8096,29,資訊通路,-5.37,2.0,1493430660,-15.26,,0.79,-29.85,-20.87,-20.87,-356.56,-317.1,-378.4,-378.4,-385.96,-23.08,-16.8,5.82,-7.39,-2.43,11.53,1727.0,中,0.14,0.01
8103 瀚荃,2023/6/30,TSE,8103,28,電子零組件,0.02,2.0,789534130,3.11,8.32,0.98,-30.73,-24.79,-24.79,-56.8,-50.04,-55.29,-55.29,-55.75,-7.92,-1.76,-8.09,-2.24,1.2,34.54,2870.0,中,0.09,0.0
8105 凌巨,2023/6/30,TSE,8105,26,光電/ IO,0.88,2.0,4415448510,1.54,14.97,0.87,-9.51,-34.83,-34.83,-55.06,-52.92,-62.49,-62.49,-63.06,-0.55,4.29,-16.64,-1.56,0.27,15.23,6822.0,中,1.24,0.09
8107 大億金茂,2023/6/30,OTC,8107,5,汽車組件,-0.92,2.0,750000000,-0.85,626.5,0.9,-6.23,-55.57,-55.57,-655.26,-122.07,-122.36,-122.36,-352.71,5.04,-3.44,-17.47,-2.16,-0.17,17.35,1301.0,中,0.35,0.02
8110 華東,2023/6/30,TSE,8110,24,半導體,0.64,2.0,5177398760,-0.69,99.81,0.73,-24.37,-96.09,-96.09,-223.72,-208.79,-875.25,-875.25,-249.4,-13.3,0.61,-7.35,-0.51,-0.01,14.19,7430.0,中,0.59,0.04
8182 加高,2023/6/30,OTC,8182,28,電子零組件,1.44,2.0,1070412150,1.08,24.2,0.98,-19.59,-58.98,-58.98,-93.1,-81.47,-83.36,-83.36,-80.89,2.35,3.3,4.38,-2.89,0.34,29.75,3292.0,中,-1.11,-0.04
8213 志超,2023/6/30,TSE,8213,28,主機板,-0.12,2.0,2712424880,3.04,6.19,0.77,-27.15,-30.87,-30.87,-33.01,-41.79,-47.78,-47.78,-41.25,-9.54,-1.19,-2.61,-1.45,1.64,39.45,10701.0,中,0.54,0.01
8240 華宏,2023/6/30,OTC,8240,26,光電/ IO,0.27,2.0,1000044140,2.79,11.29,0.83,-28.86,-29.97,-29.97,-61.29,-45.23,-33.3,-33.3,-49.61,-12.06,-1.22,-6.79,-0.8,1.09,31.44,3290.0,中,3.73,0.13
8249 菱光,2023/6/30,TSE,8249,28,光電/ IO,24.56,2.0,1490550000,2.19,7.3,0.87,-8.34,11.57,11.57,8.77,5.89,11.97,11.97,47.28,18.93,43.39,-22.97,0.06,0.71,31.4,4680.0,中,3.22,0.11
8354 冠好,2023/6/30,OTC,8354,20,石化,0.91,2.0,785322630,1.29,111.98,0.57,-15.05,-39.03,-39.03,-261.29,-59.69,-56.83,-56.83,-75.25,22.97,2.72,,-0.53,0.32,14.45,1135.0,中,0.2,0.01
8411 福貞-KY,2023/6/30,TSE,8411,20,金屬製品,-1.92,2.0,2184043190,-0.42,,0.57,-1.99,-13.89,-13.89,-95.7,88.72,83.96,83.96,84.34,0.49,0.96,19.77,1.31,-0.11,14.75,3221.0,中,-0.15,-0.01
8429 金麗-KY,2023/6/30,TSE,8429,18,鞋及旅行箱,-3.1,2.0,1857471510,-0.29,,0.33,-60.14,97.15,97.15,74.66,80.79,78.74,78.74,78.8,-6.02,-6.07,-82.21,0.9,-0.09,10.9,2025.0,中,0.45,0.04
8443 阿瘦,2023/6/30,TSE,8443,18,鞋及旅行箱,0.36,2.0,668000000,0.72,,0.99,-5.8,22.4,22.4,100.23,108.23,107.29,107.29,107.08,-6.61,-12.83,-12.09,4.81,0.09,12.15,812.0,小,0.7,0.06
8473 山林水,2023/6/30,TSE,8473,35,資源回收,0.48,2.0,1470039780,0.46,,0.81,5.68,-33.57,-33.57,-43.32,-52.32,-79.02,-79.02,-83.24,0.05,-4.16,37.5,-0.71,-0.23,29.85,4388.0,中,0.05,0.0
8488 吉源-KY,2023/6/30,TSE,8488,20,金屬製品,-2.18,2.0,675000000,-2.64,,0.45,-0.86,95.82,95.82,63.07,-143.86,-195.68,-195.68,-26.5,-6.83,-7.01,-12.77,-0.52,-0.95,15.9,1073.0,中,0.45,0.03
8499 鼎炫-KY,2023/6/30,TSE,8499,31,其他電子,0.56,2.0,518569460,2.91,5.91,0.7,-26.48,-34.3,-34.3,-51.62,-27.66,-25.01,-25.01,-25.87,98.24,182.35,26.4,-0.82,4.38,98.54,5212.0,中,-1.96,-0.02
8921 沈氏,2023/6/30,OTC,8921,20,印刷,1.4,2.0,465921590,-1.11,,0.74,12.37,0.41,0.41,19.04,-201.66,-225.48,-225.48,12.41,-6.1,0.37,-8.46,-1.65,-0.19,14.16,683.0,小,-0.44,-0.03
9103 美德醫療-DR,2023/6/30,TSE,9103,91,醫療耗材,-2.96,2.0,827042000,-3.88,,0.3,-12.05,-47.31,-47.31,-56.25,-39.2,-54.94,-54.94,-54.94,-16.34,-13.78,,-0.22,-0.31,6.62,1361.0,中,-0.18,-0.03
910322 康師傅-DR,2023/6/30,TSE,910322,91,其他食品,3.17,2.0,916513457,11.66,,0.01,3.18,11.37,11.37,39.52,26.15,24.02,24.02,24.02,-10.29,-19.76,,0.11,,24.05,454.0,小,-1.09,-0.04
9105 泰金寶-DR,2023/6/30,TSE,9105,91,光電/ IO,0.84,2.0,5205332519,3.42,3.28,0.24,0.16,21.81,21.81,201.95,50.54,86.28,86.28,86.28,-3.89,9.66,,1.04,0.1,3.81,4086.0,中,-0.04,-0.01
911608 明輝-DR,2023/6/30,TSE,911608,91,貿易業,0.76,2.0,526896000,1.87,2.21,0.09,21.95,16.64,16.64,-41.62,-12.05,-14.06,-14.06,-14.06,10.42,7.19,,0.45,0.12,3.29,113.0,小,0.14,0.04
911622 泰聚亨-DR,2023/6/30,TSE,911622,91,金屬基本,1.5,2.0,3714761903,2.82,0.76,0.04,-38.36,-34.79,-34.79,-50.9,12.7,-3.8,-3.8,-3.8,-9.44,8.15,,0.02,0.19,5.12,154.0,小,-0.01,-0.0
9136 巨騰-DR,2023/6/30,TSE,9136,91,電子零組件,-4.87,2.0,440764000,-1.71,,0.05,-23.27,-77.15,-77.15,-373.47,-147.79,-220.5,-220.5,-220.5,-18.19,-11.07,,-2.83,,6.66,1066.0,中,0.5,0.08
9904 寶成,2023/6/30,TSE,9904,37,鞋及旅行箱,5.08,2.0,29467872130,3.4,6.47,0.79,-6.0,-4.73,-4.73,-22.99,-43.7,-47.55,-47.55,-54.43,5.05,37.53,,-1.81,1.53,30.18,92824.0,中,0.28,0.01
9944 新麗,2023/6/30,TSE,9944,20,不織布,4.07,2.0,1091071000,7.15,46.42,0.66,-18.11,-27.75,-27.75,-86.62,159.74,189.49,189.49,-242.07,4.46,9.27,-1.96,2.72,2.32,21.45,2340.0,中,1.98,0.1
9946 三發地產,2023/6/30,TSE,9946,14,建設,0.53,2.0,3265541500,0.49,34.8,0.73,-60.29,-43.19,-43.19,-59.23,-24.24,-1.5,-1.5,-1.5,0.48,0.76,,-0.09,0.1,13.86,4670.0,中,2.23,0.19
